MQ2,MQ7,MQ135,Temperature,Humidity,Pressure,AQI
555.4981487216924,491.088612050196,156.84293245026893,41.88898705704956,39.56468424678682,989.0272339577758,37.671320121167405
287.52072557806275,386.03720763049455,332.27001781823384,38.23717535328999,87.91220902018017,1015.0775732318577,33.49753870898607
515.7003917177765,259.31792501873144,194.92543483636155,33.477934494965936,65.93545613814206,984.8514867335637,31.0475668955497
712.1185854565764,340.4323917616327,829.9945571860401,21.613189425402865,63.56673134545184,983.8715133265827,64.77631160398786
801.030160324881,324.7848804737174,294.39333901305133,26.23477046718712,69.69081725193871,1010.1240849546291,45.55018478448
401.9191123241656,778.5483902711973,384.57128817274827,33.0739243788283,88.3764004401958,1016.504859914189,50.796876604770816
614.2027771751557,350.6426784055194,427.3402308892587,32.47954722341268,72.7674857150106,1026.060947748945,46.0389729029906
321.0273125142141,597.8979247773414,826.4010284019754,20.355019589739694,88.02131712376145,996.019081238913,60.62379825482568
142.56916499910997,556.3016141134883,280.6654219032124,23.72594238102777,32.43696083572845,986.4110379058535,32.19274024950645
259.2507032342161,351.75369141936244,318.74305139468953,22.78333356149227,62.60048626207023,1025.4712489409644,31.07985389539494
771.1749326451376,728.9819145604686,364.73626461730703,41.387862615432006,73.27544049105438,1007.7712072934687,59.59415600086046
215.44360581408935,186.6675171037165,569.059727590044,42.47638819208072,80.71806343452545,992.6616737095928,34.82572279113593
215.50787231322718,487.5621948807848,298.94561663821446,32.42429123415208,65.68319114861711,1021.0216928375592,33.049926681348936
220.96822868888796,660.2016692996083,686.7659922884384,43.41446921964896,31.531499006699065,981.7228891846586,53.90573663119242
517.4097726151033,636.2309957089983,378.03296311883867,39.41347620345671,74.19465477879668,995.4299631941096,49.73054157447659
592.3335422961975,123.16272681465075,702.6681640897848,23.60563190496122,61.91351975512708,1001.6399144325994,49.57161463691684
864.0759916715454,796.4812358808724,441.30893263992385,39.93570929482374,48.34732743671168,989.0333873036808,67.46907413216948
620.2575098288388,550.0885970894394,755.0761510499829,29.730398765123596,87.56544890654362,1004.127297328936,65.31342924954767
746.2577455833273,304.5874999363493,414.60571412696385,20.791266616662185,31.55276339786893,992.1387639095062,48.10958593066885
348.1900740176633,301.65784935941804,141.4239925639896,29.623888705594453,59.07500534078255,986.4259834113886,25.152397403872023
541.8998119134822,744.2382718986532,297.7539492861082,23.72799015907026,32.54107885924059,1019.1416468490478,50.49430048580839
899.952992202901,716.845636612789,680.081955501785,44.610903628692846,86.55239676666486,988.2830763967902,75.70723708454211
468.6228718361764,198.74751335066833,780.2962008753657,23.53100120524842,77.53632958665611,984.2251127700271,51.23295959061998
688.4386249116372,351.23208134139355,761.1535688904703,23.544149648981374,34.77923635564989,1010.2869821909422,61.636263943209734
820.9204308001617,433.4176743030875,509.62459922672525,25.798919701493094,56.6762273949724,1005.5649940565235,58.01512712216648
782.9852491885987,237.91658419494087,587.3636036557325,40.325063889481996,50.26246924544671,997.713098987164,54.12159914773548
482.08429216144674,249.72064898815185,265.8258549900419,38.3758007133493,49.93392073730215,1012.2000919516831,32.58718243408963
663.7137319115675,276.44623141560606,585.848091350584,38.10953952825922,48.37278616515881,1006.3324213332827,51.63872255383857
659.186335740021,526.5557011146768,485.09591475352147,32.805434827903795,58.53494159662112,1011.9509463926139,54.9760976957818
572.9267029717923,560.4628545296864,501.0380686901037,29.270547882607854,53.286537981483306,1006.0855629703657,54.043209472648506
650.8232931646778,232.81199702918153,499.3431356305649,26.17876909528445,64.3099140752222,983.7195911394617,46.48278413103837
137.2185746121203,784.2319492490035,654.4171002199412,31.131919596004884,33.726456186910134,1000.7100749800979,53.82019972463136
303.2013181328492,393.9586218552376,477.54368255502,35.66730471370491,40.87015663371531,1002.4050166093972,40.0165455018434
580.8995167078557,187.20629987149036,523.2990271638464,22.537233786033045,72.84966227319435,992.8804275368504,43.97513558393424
541.2293138034544,567.5742550923271,595.3154700205422,20.453642767279227,58.10641632130994,1025.7188682304168,57.07672586769513
800.7884921529394,208.66723866662684,759.2852755739056,26.57702613186251,82.98502869257015,1021.8615913706263,60.6550829475432
695.6280174908954,571.9682852802104,828.2153763521227,40.81089091962778,55.54679746503779,1013.4434788042599,71.15650413721809
712.0953257282387,231.7220296965262,498.4802504426463,42.41776365175881,72.92983921874037,1006.1746480023726,48.2537306804488
530.4290999792881,456.84354259849215,108.54990324966927,36.82594923420932,53.37782131988732,996.7463745955029,33.96017540732018
686.6623869868503,272.5935743820733,160.46218273003836,36.34844053471551,76.39934607815326,1020.9535325491994,35.19616615026924
646.914264559071,313.80009200152114,94.77436257192748,20.60196603070931,74.38556073353142,1011.1319623655136,32.61240519969486
379.72577724505425,725.6483178431617,548.2128532785985,35.10422473076374,78.58318953265467,985.5683293206378,55.08973698379042
255.28013601110277,427.1383163897321,830.5429900334166,29.104025885496675,62.770817043413196,1007.1585637007759,53.694273173361715
523.4939926858904,500.0026353184351,535.6750789540972,29.961884770005973,37.089133465600035,1029.9457575318506,52.13190199829366
639.0825022457998,387.7775391283642,732.2773734987669,20.58472876182968,42.12328822632492,1009.5915112618102,60.09689618117559
428.17140881092223,350.92008266320835,701.1892288223447,40.660865686607664,55.11655951550112,988.5673303190424,51.42031389711771
786.1878407568926,614.9757212245812,796.1823865184701,41.074207806938105,45.687894390783455,996.707300069382,73.88220232018301
571.9019402653008,366.28455210692215,328.89912633032355,28.548037206344674,76.84251417654306,1010.0555206019714,41.30155982437963
790.2441683573226,595.2027706266573,577.2023993264243,35.04584546386424,88.22681949357916,1013.9771588608389,64.65150414257637
728.0979772094112,243.9884647837729,336.94730445785865,41.718127804232545,66.07056507286353,994.7194701133012,42.64048543810986
586.6719076804933,131.28316573452003,494.51262879860246,39.202329394689585,61.21466132384048,1019.641042971623,41.319157354394505
273.66011128585717,785.8753236239878,785.1136779089529,37.47345389449979,57.10844151802889,1009.1867458078739,63.19061016365347
653.8365879829955,107.78308124519532,713.4424453396151,41.229010630458475,59.806646020693506,986.0690863367666,51.38628789043033
575.3232994075439,560.1547139909924,377.0132024856762,30.042355013362737,81.53095027042767,987.3849434260919,49.14486850138313
346.1300115473797,533.3418039800135,593.7828126820466,31.807173641937208,73.49874695531662,1014.7482283425858,50.135466973103654
271.88027763847407,410.8813923628319,581.278209428909,40.83246711703856,76.03213672499427,987.5451081633095,43.73397847719554
800.4128583628059,726.9717943062855,129.0526457706937,24.039326262177838,33.22055224277009,985.5183714189629,50.983645410900486
895.0398309513619,645.2127187739097,750.1194800642049,32.08988252896705,73.59918458610316,991.5552470860782,76.21235569432635
350.817214575798,628.2167534165156,500.56745823065415,29.792593735712614,77.3510978281185,1013.3927344328002,49.39371736899558
799.2181786679241,770.9795296259077,677.4128975609847,26.76145585266964,38.649399505701396,1008.0190705138792,74.20244715125435
869.9119950443489,365.4562669146466,778.278276208425,38.065986365014396,38.663634993890525,985.1374165982292,68.19217890710686
171.4214867360762,87.77287567868572,210.44949615531496,43.70245955506651,64.04607772336621,982.8032306475446,16.193810718655456
681.3713012919048,58.23607775920662,442.9124620724077,38.23062393148095,30.842181276649107,1029.2620049235552,39.90471985442965
298.4054838492944,471.937600688016,226.71990898223515,39.12802417597315,66.28863838461237,1018.6075674585727,32.17908889540872
859.2451544992584,411.5997224752267,422.4328903796536,31.065951954859482,60.11961723211168,1008.4242665414865,55.022661924420696
165.60393971793542,387.6115648265736,356.2129359481049,30.862940610825813,50.434861727762275,1024.0747810004227,30.84498257425947
613.2591485736909,647.7981700998289,376.7015175264266,35.84201712806047,87.4924523596199,981.2361263757997,52.89978026126266
780.6401515346237,477.88942087311875,96.89027304785631,21.969417439911286,85.93902390694491,1019.5809111163913,41.63149809414652
488.0726480418444,256.53212888015037,721.4112260239363,20.0916462777365,62.08594307134222,1029.248122927043,51.19459234861729
290.81997172051933,338.6671615534953,321.5485191424215,22.356398584980877,45.15488815490355,1009.3095725881892,31.7465547639173
164.06011431870587,426.0703869112422,593.5333794279854,36.7375206237644,38.70889745758362,1028.1782503266193,41.44525021401786
294.7169375693325,303.3809564784382,278.6025691526313,29.98632742748697,78.35012987629892,991.8233571536797,29.087039587538374
715.1121504007068,633.5765647409162,763.1755485072389,22.983594582689257,58.77093630258018,988.1915940405039,70.98768339453825
830.4287301282851,510.7714333070851,655.1974105513929,27.97528802795351,75.50121163673384,1006.5417016226819,66.44390132511683
496.62831930623605,678.2690002890498,501.07954401874804,32.91417219255925,37.095825895700905,1017.5637084804205,55.290101348608495
170.1268188054124,695.0647648616022,388.2018707224036,41.869378305032086,43.64175196526164,995.0344732439091,41.48382233890658
221.07390801421172,568.2744422451982,521.8126651829632,40.63321022093338,44.667443092460346,1022.6803710939112,44.552957115100824
544.7907316038695,544.5192677088098,316.74166344585336,22.782048364786768,48.32092128077532,998.5877869489012,45.348966517214514
521.6366929718728,60.00418905822978,598.4253803948453,37.37389817772634,48.820660279257694,999.8875144936815,41.38624167669689
258.2804509926352,299.3163272393036,481.2807693173528,30.497599833043203,61.432352352039956,994.9934552834743,35.97913411965227
607.4409258324544,567.9157805116319,749.9398326495992,28.032820347313663,68.25502584460381,986.6490585399132,65.25829449630655
187.30367123170382,713.1879641749367,478.96993661200656,42.97398222512052,33.060672245250174,986.2678767950113,46.17354652667948
503.4238144673155,240.10850370350832,769.5596097693857,31.46925028739757,30.629947815942337,1004.0219540297527,53.08835393590014
295.7216482053056,62.056711952136254,473.7437746500019,24.69279926713381,87.01425906880866,984.9916305463726,29.683101790723335
632.9049448524642,309.19340555943955,567.9065782778193,28.75066080385583,84.27630519991945,987.795624193082,50.97921364346989
243.53593303330481,656.9240350623314,272.1459373273276,23.445817305122535,53.884258239696905,1021.2030419392557,37.89963653596219
317.28551859994263,791.670160886023,98.80316851525698,39.51425864055121,60.23626866864961,1002.8498780873306,37.22079712518925
517.1691681617381,133.80474349427513,610.608545979158,38.56269687059108,44.250161232030784,980.5194159443276,43.95355918884672
515.170608418764,259.01754460074943,689.597106318915,33.53630435675681,83.0203645548981,1017.5993487515085,50.80952884334201
889.2028216913696,602.1861516324208,480.5450742378323,43.301112436504766,50.62209176588568,1022.2076201337213,63.963472169226996
197.41564069795078,727.3216714391773,644.8982619552122,35.23585228448647,70.53045320962201,1028.7580282137196,53.53804984232234
508.0732055481216,458.1495360298245,735.1459040474442,22.00158879518498,54.56028101535934,1016.5267906952055,58.39251840923615
778.3917004373333,628.4614429617236,502.4968108598475,27.4540953989722,38.78654213106855,1015.1375688739123,62.3054667363656
221.03976264414086,780.6314282489075,537.0344930341239,26.966793822455415,74.24516495578715,981.9116380982653,51.531515448156405
596.3501272631559,526.862845829876,181.93569640839144,20.35448599265532,88.42136627110249,1028.1723381421778,40.973817049126616
718.4711934156823,619.1258742170714,573.693819785173,27.0912329585816,80.33488278790529,991.4898274623838,63.075664820389534
893.4382678288174,709.524825199215,494.07526444402856,40.82535357463368,78.1974594025493,1021.0116065503787,67.85190336860212
244.69884806802514,439.3707856435758,605.3040702949085,23.254660279194905,36.0319338277341,999.1497029315802,44.73425182314437
277.3638135987029,498.4927687730573,202.36041860886718,25.58784637930641,61.750226811695086,1013.3346342353547,31.370114215507492
513.4484327256253,438.3980654076146,233.9965921871179,25.68057461693611,32.04893329592986,1000.276389483597,37.91525863148191
459.61239802262526,553.4436307735089,382.6089154487,35.90332961458958,65.2063258110789,1019.5370240471067,45.69603748183202
290.35146331004626,387.3416139541881,500.4520867774054,23.33684814891877,45.31661869584593,1015.7401496952319,40.34887578902324
704.6800801625153,639.8126075216023,610.0709696894833,39.51217413677625,65.65841553915934,1013.5958327181064,64.73761941810287
515.0145354529311,434.2804656043962,660.7957712063834,42.16320072577706,60.802042918365466,986.1111601277394,54.91068087997515
371.970021921971,473.3608486212228,373.1618316783281,30.995056560333495,37.31223604718468,1001.1531599686649,40.286399383428936
592.6089378496506,570.790584115806,793.0078255648566,42.96652331534527,89.24040939459357,997.6005576040366,66.62229868155796
170.85669028755018,449.2295745845181,218.61394717888157,34.13408602090274,75.98755213516304,1012.1918604459747,27.347145833317313
591.3414651064357,408.01525509601805,233.01910535307718,41.54151333190426,71.93329249573426,1013.4060801912534,39.301465820196704
116.35663094399673,760.8114296377213,786.8556246540121,22.666730827273387,80.97792951428647,994.1247440724574,57.78926680361203
839.8993658091708,685.7920781946367,455.60980853259133,36.10998210353352,43.99136533897045,1015.3137794174881,63.99513566141788
442.62038141514824,687.045395135969,538.2510550983279,35.60722055367491,38.8100420765847,988.8316860081623,55.42001550046664
461.0526162327768,220.5070692152444,576.5291848289203,20.058505655018813,82.82711620602646,981.5720169121963,43.507957956597444
894.645117174123,313.5060941295029,545.624125654507,40.5822475542276,79.97464831069904,997.0343796730032,58.06950136528906
548.7921127979023,142.70262564125596,268.8721184531937,41.18974110243536,64.1876046138035,1019.5936564104991,31.499726891302494
780.4037447991736,375.8113462824244,334.2420828016891,41.95754230429437,58.48866866639478,1025.160463382619,48.056136044515505
218.6745421825786,143.75695785100493,258.7990352102329,35.93118484164914,32.68193451573895,1001.2678760047461,21.224906409416825
336.64207023807194,725.2485785838592,710.2705452505031,35.90874747627896,64.20484750629807,984.5807033302339,60.26754127467806
722.8689070134544,111.07025534324171,356.95031924750225,39.4370673213555,88.16655213773991,1016.7771424898646,39.29618764060098
879.5596401760463,158.3671193808094,292.44870136221243,43.017290400256044,44.24930177013304,1022.7296464608523,42.83575084119416
742.2702612666455,342.3641369170384,186.05164943647645,26.56976456430198,51.659226218538166,1009.288987940307,39.98109792296958
214.6677289426077,676.1612017161191,100.81550712846165,21.615735238721804,89.57582877961711,983.7520922936081,30.757488204900266
394.1028847860123,652.6390325781751,791.2748072587489,28.099652937593348,31.445640168611735,1007.9042884797925,63.05324981127558
584.5713404877117,545.4100918268475,128.8752332169425,28.417205862440202,35.6350075570179,991.1390836654879,39.05445229811447
696.2647808446061,528.7540975230443,585.2267160413121,22.297594979438493,69.45525867311056,1009.4366650896577,60.159634992681994
527.5704693949872,695.131161381257,104.32848759439032,36.183115363544665,40.75212474755575,1020.6553717883431,40.85418842706294
826.5243859634948,666.228148788583,761.4158349608392,44.54679071352368,68.09977909940196,1025.7406927173229,75.2392094409959
509.8856970910204,762.6880711426743,470.98003206919367,35.86687477370234,51.086415865091524,1010.6887791581063,57.01641432977859
729.3696647142111,65.070042813875,452.172073611221,22.53214648645961,60.61007285594724,1028.4834515760892,41.92007417029142
655.9306606499172,328.4570077367596,261.7223329946409,25.33264205712993,46.60877724195308,1009.1988706014711,40.00052337138594
296.1926648082427,386.26521853528675,634.046286933617,41.01533011157701,54.04779807559511,1022.9959997355709,45.83558797765056
614.1492353663556,637.2563972341161,366.2641005866341,23.295502360649365,59.62169957748977,1021.0400374908797,52.19273300147951
195.6696249879986,576.7500846519815,518.797623985837,32.383978572779085,31.11696761898439,990.3821260236031,43.924496248632884
575.7722274470398,688.5781491132124,303.85119482234677,28.429826769712538,82.52723778796513,996.0495829752829,50.084559089701436
234.24592626678518,680.2840318963188,848.577451160897,20.08738783354638,48.0685135365164,1020.1261642253068,61.378996791328994
541.5318738892736,467.4642486575484,346.0098346192562,24.080843273904087,39.03733825333664,1012.71280159177,44.110277061174905
512.4972160929424,335.05510129345214,536.974057595143,33.248472178804484,54.708506575380035,1013.9778434427905,46.90553182539755
596.2247301895411,105.33237735745058,605.272009583142,28.296403514905165,32.1384088638497,1024.8072088673505,45.25759360973544
298.0901828057437,86.44509788259415,400.55014629734353,28.031996894980647,40.540520015954115,1024.1666462963724,27.55806427254388
401.7392197237352,387.81623809497705,553.9019472227584,35.997740734483465,43.80899219054734,1023.5433318584159,45.8427416234717
872.2135499064891,700.6096731190319,654.8810779831426,30.621092608989354,83.89627641242537,999.4317145092684,73.37993981009133
521.1297301776874,579.433410446987,506.59857496474575,39.57145461650393,38.40781378301415,995.0815266736755,53.28083721733007
239.9975311127835,652.5159475603513,452.7008567330409,43.42562046571218,79.39686227618859,986.7768185412758,44.88343862951568
726.1239491328146,400.2152910104106,372.57201897862257,38.19026201542508,46.576138979379934,1015.1342013650735,48.69305796344166
408.10493042643986,135.76830384861,147.4146128300365,31.471783449020315,63.500174089950946,1029.8471047300231,22.21278154145296
710.6440274722924,414.05882522691894,663.8439039444492,41.55515396199126,88.20585123651901,1005.6256894790498,60.2948417387543
619.1848984578211,233.54682301362612,833.1480558614711,24.142644716487844,64.5890668493654,986.4356235969922,58.90787387860227
551.8845963120448,339.2137118570346,691.0665569857156,26.914860393933306,35.320289166488564,1022.483495782278,54.375611524501004
828.7178202392793,68.80804332975374,699.3364181052045,29.995387221134575,87.76943605343914,1017.2192275823799,54.899232631279176
459.8009823571737,564.5791663467329,659.7325557965164,36.54327458049161,72.61307831584065,988.8451428767999,57.120706692977855
237.07984680853755,763.4983983051126,772.0836160577196,28.975877699072257,65.31743993323312,995.330616022479,60.90069199571828
215.37221264278764,577.0772432863049,234.40457569139045,31.024782879745885,87.96694440391371,1005.2833732486828,33.1496667055284
364.64581565784283,57.344390131205856,160.14500023697644,36.34262007328514,61.753468998632215,1014.1822275273204,19.065506183150518
640.4111114788956,211.1535705914241,446.1477348898079,37.425029100839346,79.1637124621659,1023.4400428592032,43.392849857701904
814.2534111801189,745.0638852839999,266.8673424506497,24.612359168849984,57.28888857209196,986.2996324772605,57.45421259194954
514.5070280083343,425.65880607896764,292.0026522742739,24.325804359029984,86.35639906878686,1016.7382088077383,39.88508111359001
384.165446091302,316.5469282327442,436.0553736231929,20.400325229321098,64.70559058923436,1018.225443117118,38.46358617464911
724.5570226034105,214.9024222328035,796.9597507762411,24.616651968146375,61.95790381724743,987.0140919476071,60.06217337613606
399.7702963888079,246.2364181668429,636.2142984760052,23.264936864378576,37.11595480544276,1008.9817980491235,44.82877337570973
780.5176558822632,517.021799101638,327.4573739077927,33.61891651296796,37.832465307972114,1016.2096969991833,52.02447860582875
138.0447745753184,306.3621528785736,809.9541379194616,20.06668107793619,48.491366392046956,994.0799842564251,45.730373340395225
794.3581450784852,556.309668795782,429.79457679520874,34.87013940045793,56.175828044994745,989.701358348266,57.71181748803637
706.1801339365638,108.92268578269204,824.0129043049861,41.33153639944034,34.67890195431076,1011.9840582832194,57.413600763777126
608.9127953125915,439.6879737848477,402.95257663366937,32.630400793677545,72.27609279137904,1023.205227622979,47.576126138269956
492.23963731332356,291.1470854992993,651.7302335904338,21.002895276277787,52.24683695261564,1022.6189147915526,49.57081102799604
419.2613039783451,445.54720649773304,470.1042846880258,34.38212346626988,75.52324994313307,1015.9922059249908,44.74842670180338
725.3520537870851,592.6633469345799,160.29151664853234,24.622936167708993,89.56039359700551,989.9895466616465,45.95212268759124
593.9816635902251,534.7532283303194,489.7193999397474,33.434322847465914,88.83332353973259,1028.4019241319595,53.45082275520623
578.6800838414492,58.508759806527706,746.4439726085357,44.09045595141945,86.75445953136675,1013.5472596315449,48.97342421378073
281.6280810929336,466.2042509547822,288.5654601587121,37.12815631444978,55.009394136582046,984.5068401442104,33.97758836777996
326.3772957408695,308.37938541475876,523.5408880818427,33.4153161376327,38.53381308614113,1008.5288308480183,39.98433595794255
348.45210035695004,319.62934417369115,708.5264910951815,37.50964369679421,75.95189829573302,1025.1396228793176,48.383502979726494
294.8663032063955,71.59663006224169,322.9350376245693,44.75963435207383,84.65406420303908,1023.5979548743642,23.91128950304189
745.0437422741046,242.01379730213554,270.20078427369333,22.160538356685393,59.22994661636338,1019.7988622228199,40.419757558234934
539.7789829106654,683.6916027274015,840.4990463855561,27.948007078394824,87.37081844933715,980.5898088486969,70.32407942456425
776.8709836464348,726.4173114759515,834.5034968068902,34.268306507907965,44.25284935275694,980.2439619477129,78.4787887259472
657.1509733105228,99.9236890793388,104.83597560260097,34.70695923190755,67.09758639142935,1010.7607663468358,26.905678895799884
616.3392462555084,436.48474854696974,385.1404736676678,21.985566700582687,57.583690641309516,1015.9052711596372,46.99033879078106
247.79497912704863,724.2589771992967,617.7804253675575,40.37009049036753,79.84907243393843,1014.763543221175,53.87283570449266
835.0994344981306,687.7321671615928,386.3783473867367,36.422510542376784,53.21532932967183,999.7013233390268,61.14008194526116
398.5800710381476,614.2707062779248,353.7073501059824,28.124474425128874,85.01973723395594,1022.1733827492698,44.53381732372147
766.7460712941787,370.5034075436913,404.7735565181192,29.54442613741616,71.38051811431328,992.4776725950618,50.30842662586087
381.75909977932474,776.3416499205034,694.8792995640163,28.06124105263602,36.52886559115888,993.0583381241182,62.53819447355549
237.50743275955548,183.77621903066665,658.100950790864,34.590967644187046,82.55977440894603,983.5750251200352,38.96254758534123
603.268373846678,574.320215525212,727.0208769963841,35.662612126477846,63.20523430139629,1011.1265744862598,64.40849276101206
581.5255214884148,138.52914636964863,106.74407320404949,34.025040438515255,31.515489938924137,1011.4721915474111,25.871402963903883
701.2193253619978,689.9941325924558,307.894093174461,34.52098827677996,42.204716045389524,1012.5803997390183,54.052167465612044
776.440069021735,77.88028111388196,634.1510639541219,20.583952951471378,38.66869583791778,981.1903162350225,50.99565306223339
884.1243113742493,600.8838113021133,134.85718891385596,24.316553304294814,52.64686462643934,984.2980070623169,49.944531236845116
206.30080040072656,250.199116836722,363.51177282592704,28.654350568506537,77.11597317870033,1027.2898175931127,28.23546843016054
273.6460027868318,625.3851550148835,163.2889274260576,44.27486479136344,32.8235931257577,985.6449697303551,33.502491831093764
664.1446336704232,273.47018290591086,441.62867866958015,35.47151538203748,59.05010990482295,1025.1870078622067,45.79359164407323
151.4408655035137,491.7573875171604,492.89720134589874,24.304262957979038,79.57225299602892,998.8999273671066,39.01183564445618
638.4724102682352,688.2515677000378,829.4514178663235,29.92500291520382,52.466842991917446,1005.1997698954865,72.97977605370113
309.4705264369056,450.4072682406398,118.81216989118748,38.7354705911479,83.94189891071747,992.1423463939753,27.548820635973858
769.2241030454376,306.25988177000096,586.916391752186,41.639907231937165,41.762794767639264,1016.5647534090538,55.741175214550594
118.30451726803189,598.807939597221,641.8790529136027,34.123732651150846,31.431758468797216,993.0123857406841,47.18853582250169
595.4484188738418,450.1301793260216,256.8040619104009,26.388587571661393,68.88589660903332,1028.9139750315878,41.639520422411934
626.4278520743953,735.3583654472117,117.2171882559132,20.014791707370367,84.42742195538753,1025.8120925692037,45.54227405588474
442.88208795807816,728.3187632622173,662.7454297180478,23.608172239272488,54.41445490585857,987.4284708259377,61.64584272533078
360.6078789717433,751.238212866681,322.1737121385384,30.974447708302662,30.537706205674453,1006.460499682582,46.24233124069426
880.9406858633494,663.2631285789944,635.6274427588995,22.468847228882403,89.66270525442675,1003.034532992926,71.7512121436263
458.0501415236749,196.26699824260194,280.9199654986164,28.50221726852328,43.05249031600792,982.1660431265677,30.86631281293296
164.7037375336792,472.06951356301664,507.8736354891426,20.400077141971913,62.98018549253751,1026.891830375443,39.418142952466575
829.6824689208489,526.4678358187288,600.7387454582613,25.142673340924595,54.52694979784651,984.666462008801,64.71405896051779
225.4666105556164,230.15111544996995,594.303791960034,31.01390645824854,33.76607137994433,1021.0517602078176,37.440683458568955
381.5774598543195,678.0800157423072,755.271472197274,27.01955479488383,89.12547432695104,980.466191239682,62.00058315578976
626.7586355188001,172.65007215824411,425.73300890206946,39.23290899174344,68.3580196193303,1019.0857257973579,41.01158158639411
283.7657499544144,738.2589723420581,714.7643499135402,39.80135778414992,76.71160963099473,1023.3126729305868,59.25131566543579
693.1219104725335,76.82854607652828,765.1418834574986,44.83624851324596,47.2237658544669,984.7135608633585,53.7041890347718
388.8746424338183,757.3301479894571,686.8559694267356,44.747322170066155,79.11810636014474,999.7044199683656,61.86038248976769
729.6032936352422,558.9102386626499,322.19379676978235,29.075866312890565,66.42348744970678,989.0610466425715,51.54315783972805
592.8394327655241,124.84519492924113,667.5724558384842,34.429685325284375,42.455559884499365,1005.4224594419848,48.23343706438232
809.4511692347675,52.80471545042699,706.2994160552772,28.761645082776138,62.55987007588596,995.8522077661333,54.119653182766925
193.85947772531935,386.0518616084517,188.90931773706552,32.87194165505498,66.62793260386707,986.5030720760082,24.95371288949575
782.8590047685086,373.17878618983764,382.31581265331226,43.575925370892385,58.462640179899516,984.7076154060339,49.97376623488288
587.6242447643524,223.2625640571227,135.62079425173846,25.730578684056574,54.60033670698249,1028.64344548075,29.751436034713787
388.82166380854136,511.90138001544966,305.33777015755993,22.39327761943599,68.20390189450771,981.8348449606247,39.235202121022134
168.01652221787907,206.70347566281288,748.9430970424079,22.774825751548676,62.744770642928366,1016.0880875391018,41.19932381811708
215.75730693208925,276.47120441544826,676.9308875211723,26.840395459298534,72.23041094265217,1002.3938699622609,41.84409084127302
820.3904584737525,424.1743504478414,701.0310508879999,37.75388349403164,30.328501518454456,1004.1539183573282,65.37818630316781
361.18425499484835,616.9198894401239,496.8911554584232,26.155605458299746,78.70097894087257,1029.1741288852577,49.2187705513861
491.4601846889645,339.6393640668618,414.68001765186057,28.953255862347454,65.6206141067209,984.358403484837,41.52018716874921
474.504389094467,163.69295426281604,401.94550140371734,31.493507397392133,79.03864086881944,1017.3624386834613,35.22374035686719
173.69507144778913,511.6455535617636,618.4241920145681,40.28251774065719,76.14400991969966,1010.4382063582254,45.2971864308693
228.18232865263576,646.3020868376896,186.432414183128,36.84358271820918,65.56370337744255,992.7568384498877,33.691829032034875
185.87400908174433,83.06453499700451,535.632132539593,35.15166111336831,89.24831313617537,1010.5676716177984,29.49344162394619
120.08044407526475,621.505532997052,755.4074433237909,42.23797781196901,61.97190118839454,994.4688622023693,52.46387704512114
742.8291539076616,142.26876687431124,226.5629818229043,28.35998312206591,63.8359660581929,981.9659737003449,35.615456896375356
574.8955030826436,442.1485139430224,296.6941278736807,20.350054138013252,61.02537551677281,986.9213671713868,42.37908562571721
300.0866363540084,632.8687680513392,835.711962065752,20.723187237467492,45.70915280328619,1007.8572533222322,61.41714061479051
893.7647602853285,199.03252324068117,393.6959500938304,29.375327965757656,40.98682873467372,1023.4524360435506,48.5317565095335
411.94851232032204,256.8405499605156,457.64861367566243,33.033551420749596,59.885069442454366,1025.432630893411,38.36961641545163
365.9380235568264,372.5719804140525,383.2384688593896,40.42110611923495,81.64074879464624,1012.1191451076107,37.48483887350195
860.6116275113048,527.9930322838584,665.371021909542,29.939251522475935,59.38950310468385,1003.4092998613212,68.27298067023658
762.8294571268175,546.382006373036,199.3883488409578,34.9845376065209,42.40550826906173,1011.5982900253423,47.25187785863392
511.19949806411313,154.2435872242699,557.1500325877278,22.121397177552065,54.119197026785585,1027.3386717129908,42.2492938621606
152.46144280643819,233.56351527740566,847.9959560827726,25.21784104618139,61.49301902142249,998.5071540547215,45.500586985826224
594.0879970417104,752.4446322917844,124.59199785976242,39.8565195594082,32.34942383179514,992.4967166070586,45.37965879439535
186.10308351099442,670.8305599430516,142.8122104126608,29.116877975155532,36.02054203659188,983.7270989342808,31.42049772012781
894.4915628885673,155.21970531094505,640.4396855766037,31.930866206232487,61.65578919353614,1006.2728879106481,57.10892546904952
126.79566916915928,214.4440949050326,727.4601080014644,30.10610013589573,69.08454866930717,1017.3979612142942,39.33559724228434
817.9962922908804,612.2569744541634,80.58403242544725,39.47428370331843,61.22184531905634,999.0189399863405,46.1309592993692
552.0759339432427,549.5653630905061,496.31355523879364,38.71151495290981,40.3899090883086,996.9300341253173,52.901781120564216
355.2741082374424,340.9788893029531,714.5750376080898,22.83813075397849,31.783972065197897,997.9481144329253,49.470591430535464
505.9298359282959,480.2809858564208,656.0295318770817,34.24626989254254,46.7390431387151,993.6209790171392,55.82750592862476
597.207848904277,423.1824332292347,822.698452204551,38.85464050708597,62.856326141501505,996.2238605113091,63.519646552187396
243.9690143115411,755.165346055867,704.0211724486684,31.13679238058645,36.506619208376556,1019.3806290756671,58.13487770896897
826.5631332688486,328.8291586136478,838.0101928986596,28.93720635571703,48.9834835254706,1010.3545179008039,68.18217647242128
876.7579029304754,517.4480386683774,482.67285216171916,29.277373020114858,30.04308922491132,993.7321521139529,61.13309233443435
187.3174771085491,118.32350223501976,830.0649172817501,40.50548958610584,68.66942807153842,1015.3621156842866,42.371826071577075
387.7562652256387,441.41182137983265,534.8106252028581,32.31943377783897,86.83703861388825,1028.488274321217,46.267467606278466
858.4757764641291,246.10837441704197,685.6027731873447,44.297901049180695,80.43782833194811,983.6275258612131,60.56163545392892
546.7872397450526,692.0322616825258,243.5052345238977,34.401987710494446,40.00672377224347,1027.4198680336106,46.904794423783265
892.8493017224536,598.382799342685,395.08027031148066,39.85319939600852,63.76050269858725,989.9011971125875,60.54017384441338
415.79360731727155,661.0562474985114,556.6646718994076,34.14095740410109,74.54124105385311,1026.4488461047688,54.5720825204498
882.3119651549232,755.8711329077705,324.88940381164844,25.277873372300814,65.5145776687269,1022.7779666485699,62.141069094346754
859.1186952381803,676.7086326310293,247.4569042404956,28.879699144990575,79.69165971223799,995.6194933526789,55.97309600569611
208.39594617203227,597.2478654767842,746.3445627274648,33.9265114242538,58.76780974643901,1002.6365825072935,54.023096858563086
115.74395535858359,193.9572980123609,550.827765493076,24.0217106985588,55.50906902034501,1021.5690572369932,31.324148220851374
861.7283753071971,569.1287553241134,269.55605103053296,21.875067004246507,78.10000878396762,1007.916049197684,53.70795596016063
281.6648273015013,65.5595022677715,743.2112940457457,32.332834766499275,80.08192273567666,1000.5613754189189,40.145181648908014
678.2708506145507,427.5620107448838,521.319044992448,24.042143660391446,47.9791695705475,1010.68614795529,54.027747640480946
562.8762003163133,77.61721405136389,592.0540519131866,35.02287537163192,69.77650438262992,1013.098709228955,42.89696450755778
394.5422276474768,62.93641305959572,172.22903731775668,20.39018641562409,35.074466516984174,984.9618094904331,20.61352071392244
562.4894978922512,64.1655478921173,527.1102938120368,22.95567361747236,31.014638454093028,993.8737385079502,39.88406312601253
449.74579860591206,277.0013705143173,247.51469813721053,24.997379447865857,49.965189805832644,1004.7124227776947,31.703002999095297
358.91436003404306,715.7835205986202,435.44609071443585,43.424862456818516,49.214276837726516,1023.7923318813642,49.65878004755733
542.0858447415264,587.4786790590243,285.7667942938458,36.5080758370611,78.66741855362852,1021.9646780360515,45.31760748577035
469.9876336628107,239.71711831289977,768.9652219401765,22.06126475048466,36.34255567378413,1027.4554494235097,52.049751436878374
435.92732815165834,779.4488686085231,380.8374447190904,24.324932884267042,74.27938791954298,1001.0849147998586,51.69478369156906
709.1811301477978,448.08375188832923,576.2928995004556,25.874506453122912,59.935460355260915,1003.5700249830401,57.769662441102035
192.147143534691,744.9242125093587,250.61229762897472,27.921888264444362,33.68353271003356,1018.6008438820453,38.13663258648048
397.394453115837,683.2072804777465,147.43050581805693,42.081199560808756,32.9292775660404,1018.3465764551329,38.31527224052978
761.6499927703653,660.3247220429431,290.7705604953748,26.092483899315425,35.63878502704044,1014.6245927185594,54.29006386421425
745.2543622515078,148.755798625017,313.44390079184643,28.29511347333917,34.741477486918974,998.625754049743,39.3580608579696
326.56376679698093,98.45329526138158,572.9369405845646,32.916600835751616,60.90416742321297,1000.9213600501047,35.667989485133454
529.4117514325011,134.2363891346127,333.2207547366537,38.27814600239503,30.88145718810099,1025.5660846298442,33.23827440647956
813.0720819163439,753.2991641102221,383.70229480954174,42.30212543611883,79.64792329438575,1021.4878820476915,62.33922917317865
615.8021606305684,74.87084288978444,129.5329589687669,22.207152191117366,32.33833363510381,1018.5381929454578,25.901508464361264
210.16310652425858,383.6889091611894,428.00860965150156,25.55402237137738,83.64944754337925,1008.9170454262579,34.9359048566235
136.85606244108942,741.8596742271637,233.14170323120555,37.014715146012435,86.81843203192096,1000.3780417654505,35.68714022929582
463.6941092835261,755.3140709523086,510.9074805661791,41.09487090491824,73.82786927734806,994.1419952433006,57.0065446297222
496.9603063069834,537.6608484750616,825.5618282661862,21.144197565103113,73.96370935445646,1016.7162931026421,64.06110777410879
165.1719625766745,378.1797509221867,98.14814795935315,40.32671288384283,43.9775548574653,984.4152425921011,20.226477323339964
615.4090314753142,132.5637615366771,845.5440908106756,39.65104334801473,55.82007648740439,1001.8312684474338,56.260947422786764
295.09794810462245,196.25939821672156,588.942099332493,35.88968340780403,38.15890915320862,1029.7621773410451,38.29840436294004
713.9299522958692,496.1838334233796,770.0534722319622,34.508274392876615,49.240399943954785,1021.8540141919452,67.10555246085596
247.13313388597965,226.276182878056,331.2217356735806,20.22618390195808,31.075657239167512,1013.8817952417711,27.451148929864292
654.255354706711,742.2095775609391,147.8258698378913,31.65444192695285,38.2275304959,1002.6499820268976,47.80698276154516
840.9659306722808,233.86417270237618,827.4883629972816,39.11954041049224,60.96184600591188,992.647567335896,65.34443762113098
777.4148559411934,194.26458493744786,711.1639552622509,25.988139568309364,68.93964035597767,1009.1548515758582,57.596941436849285
521.5855283884509,294.8413617500082,754.3955426946359,43.25960851344881,67.31384304313661,984.1607672028887,54.66862841193921
499.7306162935022,435.4511705588672,112.81917089559323,22.414957090651534,57.11064683196057,983.2659434519262,32.56822044139481
509.51417929839647,763.2791439336311,455.5685953917366,27.102535650903725,51.82236781581543,1020.2043061191932,56.406543512630286
149.12635612779326,61.39906839298888,376.2705711897708,28.247835364411713,71.44822709902748,1012.6784059577068,21.3665855832143
694.5925876389546,458.80928450550704,84.32635298802425,44.0957945827616,36.91242477487545,1003.5898495558789,37.97511028385482
298.0513626443397,460.5357881592279,712.8031505405951,34.64794474939561,44.046260389826685,1007.8873953748249,51.26974054573084
178.55708177509743,270.60182561115323,402.80235560363906,32.151022601842854,35.60149350131109,980.6002055318586,29.58686144573308
729.2175943203913,120.58238091029077,786.6626176978191,20.69251618599463,31.426519301066765,986.327845044929,56.96050396483323
550.4976680352542,487.9975924801321,166.46376872452413,33.74238691471391,32.610607165646655,999.8917498008088,37.813408564442554
332.6238110244805,657.2124463724023,761.3683395213051,24.957202778353327,78.33517500615964,991.5468914029337,60.14982130275869
590.9948438848223,439.7876102150949,522.4618792608999,23.785589799676064,46.03805754778671,1004.1186207700232,51.82194879343351
277.28529538597707,188.0515455247214,584.8434444330267,43.45157567929266,77.12872330944383,985.1570838227373,37.35384300464202
507.2138477129844,799.9945771216805,108.2052578007707,38.42587132289929,76.65496886076838,1015.5365440407995,43.54446305707077
867.8509517392744,670.9872192561671,123.91255336070196,30.375410119500884,61.58551548557904,982.969004854972,51.121647264291326
416.93807443988777,540.5829138864608,125.60534176035536,26.622988163069586,46.72528560876839,996.8337067723025,33.749843320204675
899.4076112258845,306.9013354345067,691.2826979956492,21.92933861292454,45.3431516875591,992.282560100897,63.84057631963769
898.35025233178,230.1417840686872,459.4982814987602,20.33774293428771,35.43335601489911,1025.1047229196245,52.23469235196442
888.8171078789906,103.61352350728376,169.76945638403103,40.5796533477984,57.931638709556196,997.7055990482544,36.56369719694947
612.3979957890699,221.0138606926199,768.350495381353,33.288156814210055,63.13069583893066,1020.1487401832915,55.736375509704814
239.56090194271846,439.904772593454,460.5552291054432,37.01501948021131,67.07354924726246,1016.9346281080396,38.8061794003029
539.9815186311489,456.9994999199589,123.69960444558613,20.969042579842508,75.91738637823603,1020.1236408979038,34.85741473435668
119.97499291814523,727.4526902792766,590.71150883102,30.13416813598706,38.130836950494555,1020.578751776691,49.05129084916345
875.6124379164555,128.54458405718418,225.75915556644028,20.409655256566566,62.67480549900249,1023.7281818370047,39.155076881866805
839.0383800928719,184.46061531736748,247.2823301461176,39.99439887649985,35.77372050475905,1022.8946161148201,40.596263068151885
876.8306337128972,493.3223286379177,601.8038822457606,27.296975697298294,79.5737637058726,1016.2752198595638,65.17674416035487
639.4820272177475,108.57937590668854,133.1535770911258,42.60218239637243,67.34416924570871,986.6453509932403,27.767985177378115
790.9413220376745,423.9355592105346,254.3962561371415,36.64961898376521,60.33296238658309,1005.4555840244377,46.62215668293193
411.4297801500611,622.0645576223195,159.9793483726762,21.970085659745784,74.21739314704877,991.8383055429769,37.404004068078464
291.9123877199979,254.3219794295026,510.6207652030936,43.221315209171806,41.511431111454804,1026.2554626686688,36.81186162260876
575.9544483767618,105.64711587329157,636.3000319809191,44.48120387615555,73.70432423995439,991.0252399524103,45.90004820673836
777.4528912407965,321.6238982302544,419.72804063536995,28.22475041693255,80.71430192866939,1029.4379434431464,49.761425309546325
657.517662403998,542.160394063071,206.95541183898365,33.09469373103023,60.838766947760455,983.1826968655718,44.26855816757141
532.271586183085,227.03073431092875,788.4042520101107,42.43942889551378,64.28724834032667,1001.3219284192214,54.31523969522484
555.1876367899881,415.161181985334,273.56715191230285,27.617780152705503,41.16191539363229,1010.1588542096227,40.05315063975178
310.1956298692858,233.51046251596304,468.5440617576471,41.737906882801035,36.9122027079888,1018.6673110310558,35.052945241863355
580.4334176962836,114.04187726838803,578.6658464926497,41.16716125269064,80.72801584081029,1005.2780975080997,43.98089270864614
749.1876576308753,758.8337405449461,597.7910266360133,27.50130143652691,38.19352833611212,988.2219225782092,69.15228301071517
254.11639134946134,330.8738719920869,362.3286004208687,33.05772487846837,78.06586520977686,988.9625031164602,32.042851917081194
165.33336591035362,626.7345104730995,226.17019123012633,38.38920354810162,41.598809695105565,1024.7283487052384,32.80884394070865
635.6452223605689,683.0471558909544,363.59420973357817,43.67819651592768,42.96748617371288,1028.2652419058138,54.10453973688883
187.65396383829057,446.05129960732387,135.10757254917715,34.68968085692935,46.38010420160263,1012.8915523968402,24.41546080533552
507.36218074664487,766.1134715873978,677.4506846399368,35.82885433563035,62.72674775046752,987.8224084727433,65.30229695561874
611.0933463818385,351.7584928328824,150.48401423429982,34.56639193957555,82.95515034518903,998.1362724597805,34.904915745813625
369.5721584910964,309.9693971000161,305.3713095167334,24.3280593169429,68.90088890695432,1013.084469669736,32.601099048402716
408.084947163618,251.3360080209645,799.097367314577,39.01905955986412,30.37470127374009,992.941709577832,51.74652334812056
318.81168814960506,293.4870870778086,770.4348507397536,41.42996180159095,81.2730374877179,986.3321201216806,49.18635728641256
553.4615066717619,469.2279337281146,362.6559974702027,39.63411662428298,82.21745192343921,1023.5748919784202,45.1869231108044
568.8305325549977,254.65428058050557,85.2418798234465,29.25302638286046,42.89012508566861,995.0924707218632,28.114219587002957
326.1149212902732,137.7466244673634,155.33652191109806,28.44221720843091,70.75935795750482,998.0872812277803,20.129307249173017
866.4158651671179,598.7731566907045,224.59020708228422,22.034342850313436,75.67595474463707,995.4342206325401,52.93927893902604
314.30889679781103,304.6440276856057,551.6528213309705,20.278109483542213,65.93792401485973,1019.4521890818957,40.63470058774132
228.90704017476375,312.6164677927148,165.03814639372337,23.089665098742113,38.487863575318784,1021.5596848616332,22.847231094773292
510.61593848225783,319.0119731131221,196.16500621770484,28.14299495909632,48.70388272532985,1004.2688400579577,32.73543759656959
698.5216503396431,198.36965217366821,129.7163496891983,21.465196347262925,89.33398453953862,980.5301251408642,32.09539306296726
253.49732712889485,696.7299061098723,204.26969722323219,30.259938319459565,71.61659548051743,1000.3122460520682,36.677604886092304
693.7899358810193,150.655627634651,225.2052231734881,41.755934612634164,72.39242746388194,1023.1060596329108,34.34157583240963
767.0618564036627,466.3093162598087,202.4017835954219,24.80293009339905,51.675033355272596,1002.1405000287093,45.09720652372101
157.25801380855975,424.49132835601085,766.8666131046749,29.245308440002894,63.3912230212889,1025.069567471096,48.12714478912412
812.9154396681005,58.55128361107907,227.88755345145543,38.66373867000472,52.695570182415366,980.3682179039956,35.25950383643361
893.8482555454838,446.8227767828205,428.3725840011519,26.01425381409244,52.70182775796805,985.0581091794784,57.355034329895204
608.3626917266893,117.40370095078931,541.3909170335561,23.110783081351332,37.05387256621067,995.0954109432375,43.4286284616666
256.2122344639423,655.663252787686,754.2889437725273,25.873462705156694,67.46784807003053,1003.2780499386095,57.52782236844994
764.4993057334812,138.19647114779076,150.1329032655939,36.00960695513132,56.02186523210097,1021.8120591802009,33.08618943706192
191.8296056890994,435.7441137310484,546.6782938955862,28.66125935513178,73.5399756785468,1012.0279384304222,40.694343338427885
437.3777729999356,59.85927762662503,291.6702629796893,30.855022062364057,50.34957317428099,1013.8426695848927,26.583922037984387
599.8032536193344,781.4971947508941,738.0683940315481,33.7169406481908,79.73604816627707,989.6686747985634,70.96174921236879
511.66493898857163,374.57846387747674,612.9179744826015,30.194781497579708,45.43878790638892,1012.8360425471991,51.104021065285515
118.48621932714245,228.81201265081685,561.5827265200576,21.63430044433084,89.81355808038276,1026.3609226880324,32.882256020141085
354.0638625352901,53.57003145922463,541.7332163954163,37.85496993738914,85.459453459156,1002.6829592167695,33.89834547565209
182.06468915465086,286.11462834391716,474.4020192521741,34.65766040244965,82.86699453093739,1007.1101287184584,33.02146029504401
107.15989687244969,294.92174739215403,729.7689693289338,24.654351084838062,51.538828317020915,992.5060405977692,41.25320810109547
179.8948646601871,754.618566355614,350.4269392871847,37.954503891695666,37.29263148912515,984.0242702273454,42.05248050196142
809.8520207421004,570.580403094152,342.2021995807797,38.30079345911221,62.311935574637744,1007.9402205877155,55.10106069831876
888.5015344002284,99.6390851006486,365.66457348858387,20.956613522275997,78.72125108330957,986.4605773404628,44.27080152456966
409.33284554094655,251.67539871134062,823.2150099725637,23.728912477271347,70.23314599623052,1021.3151458354974,52.75884772647116
580.3611332992359,147.32955771948832,134.93920074833926,27.255440220942475,30.798658431433847,992.00751481989,27.228288760495296
516.9289498518967,541.6232551651703,710.8805562728936,22.490849753613936,89.98874972980185,1000.6654995006527,60.19178840142776
116.8526267423685,80.8395501528087,419.39050455554076,25.232376093678063,42.341323915982436,1028.117198831713,22.706385489076947
576.0472338570908,670.7256842766773,470.88724702916926,41.6998756587986,75.21449704382377,993.8332234153866,56.23867742517981
456.37446576486377,582.6444539852242,305.06699435328085,41.860449960105846,73.06459193007902,1002.2377618306292,43.37324736663387
579.0461719252025,657.3685323708706,756.4330526167548,31.317089891701738,71.41262866643443,1005.7838039830092,67.3497632335524
352.28414794433036,721.8968175841953,171.89379890040922,23.91827386645381,53.64085049743913,982.1713341596167,39.10118092187214
670.5795712609215,304.09679795328873,236.2624113769903,37.375923885299535,48.126832858004924,1017.5753996166239,38.69078753150592
423.94976755938575,273.06517829425604,721.2060582310708,22.677622465404784,36.35882275143146,1029.8129091466344,49.758690704852086
847.5971991230208,317.72582217614234,681.8125425892849,25.53625838738548,32.29670316214677,1010.99103213045,62.2321923425463
796.3658436601261,154.84413961972047,471.36498355723245,21.106220569574205,43.80867854025693,1002.4763932914964,47.3908988406847
740.0626679180799,364.8436800775287,647.584780393144,26.057367796333953,60.038002514054924,988.9558197405016,59.05058165559401
528.2314540270993,265.5838505387417,139.0716324712063,36.21748812102648,86.4775543257609,1021.5418184891388,29.377324435823482
777.1152898480148,519.5034082716952,249.1945220419213,31.420884744478847,40.15203486883962,1013.7215415516612,48.86634182526815
428.280958518841,600.4572604511891,121.73673431363056,42.3569932106401,65.28045800317778,1017.0471968332823,35.731615941646126
308.4226482723109,400.1828295004599,135.98539932125237,36.16671674215911,88.17731525983207,1028.6716724078765,26.697580306033217
144.48655332563254,234.24694773436588,817.3847085985287,20.918565112682852,53.25121152522689,992.5769834411902,44.05739337574111
293.83138940460105,749.7110199872078,535.1462389223732,41.29801714044227,38.72407319006102,1028.4318610983557,52.712121838649196
666.3503351192123,216.67243718401636,95.71713560163366,27.264915740217063,41.74296959074961,1028.4350450512666,30.31936859316221
481.30431782247456,355.77416518256285,350.6563830340937,34.152178410202836,89.51577877567354,981.8569286549783,39.13860981151487
712.4014039517539,699.1856354429165,512.4494427072443,44.54338805545037,85.53605530654588,1007.8773675585433,62.84558889012989
793.2839902104263,619.6107734750681,244.3623309977588,26.43955633403473,33.341702359319434,1015.7958263411947,52.16133615047518
357.1778550603467,138.44816917683744,333.07787325400443,36.81204978070678,69.74556790984462,1021.6847582636582,28.1918956572757
570.787182744873,275.6384103907541,478.2726458452704,20.297902530920638,64.69570098749068,1005.3400716627954,44.52367362787963
693.4424879191905,343.06091912202936,496.8944652109519,33.994143166079596,44.60155652105719,1026.9943926966355,50.97088081967467
548.6606361358195,65.89063398774249,358.2958155476614,42.76637660467906,54.52571149558001,1022.3644307085106,32.768370725613316
402.71006125909867,188.39630330906496,459.7625299871528,31.022979414129722,54.27080733556761,1022.703988563325,36.12369213653102
452.7730213052621,165.52067526292092,87.13183744695849,21.45293543907341,61.95327037696474,1019.1602712007852,22.03408439492383
762.2870320903261,286.6810916555692,711.8456872793746,42.908522808674746,65.473623430339,1006.1468678127186,59.94287120355184
264.6971263164428,506.30530246698453,599.5055971101539,43.58526073103742,88.79624820927964,1006.6501557210911,47.110296747908976
896.097163590696,197.40811764946855,543.0067878355794,33.85903715583098,59.25115920178757,1010.7698169971623,54.52542995062811
470.17388126747966,392.1050428177631,541.6513215388607,26.961964770518115,64.0385333180408,999.4885478976701,47.534420584111714
181.1207912143555,118.4976849778698,751.1863280339604,28.883230106804316,88.5375923308464,1026.0954924683258,39.036007407125176
325.8168219086856,772.5275792233523,80.17390211023427,25.638197707069075,37.05941192362397,1005.1915917559272,36.1572881183705
608.7700650013167,199.05637633793074,393.94272821147405,29.413422906524453,63.37382910984477,1006.8212999235245,39.99250236863638
411.5711827269445,247.15333777914802,223.72178797482493,40.56611498299863,47.32550787719663,1016.895317731487,28.710607134175774
626.9572761140762,261.837359424587,148.99063994978013,34.68331279401163,72.31953574791544,1023.5611440583958,32.6234646641511
583.0248890654437,102.2821811284876,831.9365673154824,37.55851440053321,77.74610709172458,998.2730983024143,53.83667479843723
230.01851675803158,240.60185895243964,315.0152334511441,42.078242412809914,66.31879956058505,1023.0602820150286,26.7192206093599
808.4810438063002,232.1842993637582,124.0984631991405,32.75824012479249,46.1802547507539,1022.810769754288,36.183898823067366
613.6341064696155,741.9699481374148,518.1660319192983,34.78758065933853,52.6087414256405,991.2002273121524,61.39476291498285
100.21464199488639,259.1911049739741,673.3091326235888,38.88569855931998,60.55910094460674,1027.2797344062838,37.71453771400937
766.1479510967511,50.270720861090254,547.4290611318272,22.157714420579833,53.57042127269402,999.4456423647822,46.38972260400833
338.62080047260116,304.2938074676663,138.21433066360592,24.902323855232368,45.76097200385756,997.8226214108078,24.81601146475226
481.07377694622215,582.2005007180264,157.5333655627436,42.450744917518094,53.18674515265181,1011.6477345348408,38.199562952437205
218.67903262237604,174.95837696649195,606.1163764285538,35.76718787804663,65.08104900980582,998.4394769071881,36.05377734480819
329.0263530522609,271.93157097655615,741.196908095719,36.44570664502319,66.89309108151875,1004.168705942892,47.676614044693274
293.1762571459446,59.78233515827803,736.5419456910879,26.838549467268493,57.237704297040565,1021.6890746315378,40.0504355967702
102.72251840539965,571.5002246255789,173.82609570755187,41.71946961479212,62.12498866950631,1012.6963641654054,27.17972611923143
761.2355969698301,487.50975986650985,479.6403310374022,40.575629846380025,58.01289157281806,1017.5586381760921,56.64797394658628
816.7172247833996,574.1614510767706,524.9750017097897,39.4755400392159,45.94122423098675,1007.5085227742892,62.7253603441967
232.1515546159665,85.85246878198032,365.32344773832295,38.60001912242406,56.40839514371509,1000.4645230028865,24.153058611471327
552.2435585524279,417.87124827136586,210.21930243821632,39.789851138626446,88.52187516300953,1007.1751859622241,37.512216302242464
448.88121715607843,524.5286968640748,262.03622583330247,37.89067350365757,65.90341621928596,1002.2097239473021,39.68374645393669
635.4651228968714,413.46131275535237,129.21277833259424,31.163717130989745,78.35254754459342,1010.2131240653225,36.636304202870484
353.8064612818814,368.56889701318073,563.1738858640826,41.42460815190554,66.52409070461445,1016.5958407295778,44.19821618341517
893.9736270230973,568.0261969714686,486.57214023975024,31.77130543298282,33.31683388061916,1008.9010320743427,63.322880329426994
478.42954046360535,388.9499947533259,514.8740932436963,31.14009063333201,75.08052944483681,981.1018580417019,46.61634978625579
788.0841218479463,121.48632428365725,705.7895759844757,41.806948380277916,46.252474650512376,1027.5703850631367,55.51869642332714
321.1172592860908,782.314702254156,181.29737521524163,29.02127437893403,79.10050861402982,1002.7133465566665,40.354853854817065
391.31441151431244,370.601472073295,774.3074925815632,43.53820119623089,66.39273103101098,983.1349453935944,53.82977621089075
710.2623067985128,396.8757229496405,568.7403159846743,26.713050921972947,55.20509808705113,992.2658930317909,55.96375353183157
527.4641316126371,131.7899196019407,341.6179932502653,37.6447927937662,41.84235294487917,1010.8065281972458,33.44234126644794
648.998904766244,581.1652456909526,495.30432512427757,40.78450459232624,75.12132927696291,984.6994992523,56.717097518687
609.4893546018644,707.1128619903318,369.74149689320694,28.117062788712587,68.4212325132975,1006.0966455511334,54.28772637349416
846.6376990468053,202.23080509615448,688.8547599932906,23.627351752739845,85.55850129627713,1028.721465523073,59.02024552402041
128.9195443050164,676.6932945061295,624.2950152542912,26.493845683506983,80.14861193683797,1025.4201576289543,49.14018577450603
582.4896497080285,643.4008078944734,522.5559927331772,41.82337287161548,35.77472129944852,1015.377875029679,57.67895343740214
746.9345483672762,555.5847206771228,222.27103593276632,22.075060667075523,70.40761218173135,1025.139461103638,47.96641950864263
516.3159577611234,118.54527484230441,711.3673844492484,27.124746202493018,58.44816656668736,1001.0388042071999,47.50053235607277
594.6318443504225,530.904726323022,85.38190388397621,21.083100779897812,36.80938534220902,1029.2613144287884,37.181373275562386
324.8936068240971,223.25102175731524,210.24064550361857,27.06606832719084,68.5074424654678,1027.9667423697144,24.85396467758711
498.2920722219316,359.97476330968664,516.2856554789862,36.863467643612616,70.2929450136871,996.2206998492362,46.399431285107994
698.5327965191373,345.59165063648345,117.99500726505917,43.939122779923935,76.56852229303166,1025.1533096387702,36.04353370527099
120.36005845120599,62.646763172158686,759.640492054362,39.32042085218769,40.36982112320092,990.8981588697964,35.87582433087542
774.0923980822278,646.9253287941453,96.88652100700331,30.13783295696402,59.76793786966043,1012.8600116734764,46.50599264657133
324.49687973314894,378.91730832279364,162.6401182854461,43.58891439554602,33.33069667887425,1019.375927488963,27.60803037309612
502.1594306465321,549.7151537623693,229.2747751941642,37.09895488696493,81.25429222225257,1018.5559919269242,40.72722854003361
826.6470339176822,577.9828716832453,271.36272574240843,20.341772969026604,56.24497987804993,1013.2370303583162,52.99340619772416
500.0180590151665,579.4761426417617,456.4904180662346,24.023489230652746,49.57471982811924,1001.692664674817,50.64444277235723
429.18649768856454,772.6404313116145,136.86769860288746,26.83043272698049,48.082485127707145,1006.2195391878588,41.52951581412087
635.7920950984113,649.7902342469746,667.5467654770031,44.87858053307146,75.22359282686435,997.4104753604745,65.26934049944171
248.1057573974585,494.0938025076793,792.2847491502664,42.319381896379156,58.787973788637295,987.1558984108522,53.95737676316479
553.5279458004713,507.1900892898278,701.1473960950867,43.501841294737105,55.53043584706356,1008.3830757905431,59.867436896512444
835.7197936267099,153.04345981194575,446.78757767884764,33.93561197742693,55.84586676326184,991.7840109181884,47.53440071031358
533.4576484230186,611.3303045125385,193.22763575822137,22.086008459880535,74.86184374443772,1018.6798505180806,42.07274401839557
239.2185482662172,781.8414134644665,256.8452700226025,32.33649436774244,78.95143793764271,984.831611838291,40.905609652824616
795.8510542715173,347.2577530937296,820.7797492544391,37.039534299981,60.28708279944255,1020.7531654086204,67.12445419113497
533.5760261733379,779.8356643239798,160.41828893950353,29.907907023900353,54.078974981410965,1009.2537811765594,45.81908227249967
395.3494282433218,182.89597698996192,747.1361242993239,44.01104127559644,50.45731338520871,1002.631814824496,47.232807128971466
262.2263361795338,96.35772522899498,421.1773295846353,24.050398609220405,56.30433951664354,1002.7424738707681,27.604615025641277
768.1349037564169,195.63824794140717,571.9984284972945,37.47777799985234,48.89973639175156,1008.4563347797666,51.7931316908265
548.5062716167879,699.5340630282398,330.390359665691,34.958525922816825,47.03481482090181,1016.203022456396,50.65682442597847
217.99630720339502,414.3827570416322,145.22492222827879,41.44994737487009,70.3779291437068,1018.9883224415087,24.780368816481968
686.8296077934622,614.5471477006721,528.2042839270056,26.602951727791485,78.42531640238481,1009.8181835185126,60.16947402190425
442.5726579510925,245.6818447017274,446.11385674506914,20.553088209993287,53.538021731262454,995.0601402414794,38.49218934938737
510.2403617132797,674.4051990284702,468.7008611440598,27.378098758622187,33.25983905186005,1013.1258675062395,54.28740126801489
283.5751100960528,332.82224807036425,690.5795574921276,31.34584406298348,53.846578765259,1026.5582707456126,46.11510304467762
715.5774758533794,737.9290510584595,589.2033218208741,23.383637041281684,43.50519135536129,998.574405660683,67.17332868019012
562.1488335524859,358.637058913944,564.0427510742986,43.88000405386036,77.22291218711332,986.9423418820978,50.18528681696484
361.72882624312035,419.77501770500214,166.528908156842,37.480153065532996,53.01402252829121,1000.154620995915,30.10627164471735
816.8852617810584,406.4432166889471,201.032538615686,20.828362651573066,57.48524002552713,1009.3280598360831,44.7411558987276
583.3432302060794,221.3997271308669,226.62166173390116,27.287581598135993,60.93083466543883,1009.0896233793993,33.20715518946444
416.41200087548117,242.08657007336947,391.3336453644312,25.47695728211791,70.97928024805681,1028.8799153568928,35.40830294304277
158.88340293146052,211.89020331634785,665.6287980562132,40.04463675252815,61.95697830049279,982.9578225674032,37.74836010968278
171.68688300394726,99.11713735784164,737.8427308352527,42.640777844176604,69.59665097017401,1012.4910137235161,37.63782984426378
859.0765733707536,455.66112410434,643.9192433444097,44.43764172631306,34.96158647829644,981.9865411514528,65.1989006580292
123.20826012059322,113.99756915291815,81.62999423073225,26.97583340104358,85.74865740713139,1011.9746430839906,10.381374647434631
787.400824234324,159.55943833704674,121.79154100575602,26.760108868448434,30.531684454157066,1008.4631492738049,33.280469517371365
293.17713322059205,709.9980475161263,774.1680806087513,30.510867900490616,66.34102573608587,982.6878578909606,61.06197864645161
230.8506906636399,213.05107897945524,468.7940416566961,35.904532505715295,85.55466760974794,1001.1512132195716,32.068814755560695
758.094947757863,91.0695244321033,485.48344442900355,35.808268533391924,86.84437533015303,1028.022106759158,44.894271942859135
337.6940166474715,60.83955929995528,126.17938928602823,43.84022879757012,86.1433848001111,990.3453089264847,17.003182849863933
236.8773947883332,478.189665619909,110.3994048395975,40.922301246789075,42.212980057750336,981.843849257746,25.867988005831165
600.781173395542,106.08647458699573,223.6777253575882,25.861902161740904,32.351931840731005,1016.0938258667911,30.15313845377966
766.536428989252,504.44015472047596,516.8400185203618,20.854318091810168,89.6765114834081,1010.6404194097993,58.80289825210631
828.7834162284686,743.9440778024693,229.5402500210684,31.054421179405978,30.34539502729047,990.4548401847393,56.36343482177087
782.1861471932766,615.5364225442606,194.8413575399781,22.542322171519594,37.029208884446575,1029.060405920812,49.72533139372524
437.2444960950116,758.2857738338708,191.48173486232133,40.430514617739895,65.64559029607022,998.3205732983749,43.525177492359326
368.51642406955085,537.2642402101159,785.1059637197671,34.41806516931618,43.47705453027376,1029.5494451624038,58.577658477180684
598.864779419715,222.29976195917078,351.5174898530548,31.438525523444255,60.722208172762414,996.1745234828416,38.695635835488766
231.34275637931518,400.7399927607586,835.8710709465184,44.611597825098244,56.5451812991488,1006.2993197253126,52.39732531206296
655.6074302283118,67.35807834846634,727.2912578343672,22.16351653334181,88.09007442029039,1015.7241408212511,50.78061557067804
591.5082491811586,449.06303698411983,808.7971068508818,33.645350963962024,57.607727572253516,988.4312384203831,63.56902285899363
720.9043447250056,591.990307439063,841.818032789638,25.44221008751769,70.91556821038233,1004.2317878257031,73.05956087650758
138.95577989469885,333.9281201370056,435.107952924387,29.71537224429447,58.107624347001476,981.7051394778979,31.590835117926616
537.2879894066954,753.208142849523,354.79764040879587,23.093856730474446,73.13652784990465,1027.7944935643504,52.90678958403839
308.64206780793927,531.5703550777432,496.16057121008976,31.57783411427001,59.535200030156346,1011.0733368461227,45.05279553497407
828.1911419410849,439.1672302253898,321.10729912556974,41.99959460670014,34.513416493581175,1022.1023243881551,50.86504313001703
390.70937869227265,209.1091989371917,456.44868373893917,42.80064621273604,41.30708451290603,986.5703792508201,36.2525046784415
395.73415069773085,323.33055444100245,651.3171059240973,27.09531359732754,32.880924068982736,1005.2641311437053,47.62462539112589
292.6059122183184,162.89943466758834,492.8128760729563,26.58460140779912,61.02766880884189,989.6599621489462,33.377675449495456
517.5609886042394,291.6681934298966,169.64907885477427,22.02952700085963,86.69539740119504,987.9041193567168,31.06283861521505
858.7281041968367,685.4164488570455,610.7310593150341,38.90773111115481,70.80906131638363,993.9069733490485,70.75357896421784
158.14324209476922,118.82769882729148,300.2841608384384,28.462284842301095,53.558005922871665,1004.3404132865978,20.32049466119936
612.3477406955323,122.98046877420444,823.0841162310893,38.54038382336575,47.56039713303727,1004.7253793330409,54.983210933335684
409.57171226848743,656.9712941975505,605.4136357561775,26.94219593604688,57.24353692390798,991.9151761583817,56.21283562422824
621.5562195535757,482.64942406877077,334.1480634060562,30.88265374568988,35.32461729223044,1027.4179594098118,46.492091844912636
422.48466434094667,442.1405594293662,410.0484929411709,25.49924101763206,83.57110865928712,1017.2516818610248,42.340696430756225
747.632404824003,524.9624072947943,491.62890725174327,44.87956065825809,74.97022304772004,1027.8333840911178,57.843000653633645
716.4341673978977,474.100254129746,185.8372274444759,34.198285416382795,82.96469862447458,1004.2549896310609,43.14952174360835
790.214764402692,523.212184887476,772.5265430596163,21.75835165764214,32.713574549242594,1001.7257934592252,70.3038702010897
796.8595808644093,355.891741323778,747.4407070552393,43.658629867714566,67.91098274322185,1021.1465315650111,64.48016794785518
808.3292196754377,399.46927575368954,545.2630128133002,34.49770950194143,46.57834722651407,1013.6549393201094,58.04447537540582
831.7462303108755,307.66970040837583,788.4614737855983,44.3970605832959,79.755793384085,992.6034827401013,65.72093687300148
880.0921626380218,102.5427960013834,625.6028042154715,24.9353378396535,34.90176824260949,988.3787578746524,54.50316092780101
283.7807638402375,691.987535948852,509.9625980156127,30.29201643635314,46.80216582604841,1010.3933935964825,49.671552914297195
512.1867837169634,755.6062140003048,190.59037411458365,36.24659555316414,78.80740022138218,1009.0456280724962,45.65740489610139
389.9384710631285,456.7722490714608,768.1899934396201,40.71960352712294,40.98312027070499,1020.7785417890984,56.12892134162248
482.7275095883066,678.4009435948835,371.2226007992479,32.32123577216906,77.88797947994105,1006.7474311812467,49.68275762746562
550.9573377857732,254.57769774811626,461.7442909257585,32.71956227253373,43.1004311826085,1016.9181658606233,42.635822703047026
804.5211590244735,780.3242314606912,813.6363460195772,43.96721826567537,45.22284033677514,1006.4693093448742,80.09081555533803
700.5206608373842,210.59210676923345,184.56609298178893,29.280365404080438,49.38479256469343,980.369804633268,34.71602674747008
354.9810809152626,71.58818530816109,274.5754395114665,28.635154517713758,84.97537917765698,994.4538499134022,23.780095567161375
746.0551654755038,557.1157155814903,327.9686225375865,39.06239663804257,59.81452125519477,994.511560718207,52.213871333213284
527.5880715129024,180.59619287110198,181.3488151694951,25.684323885646265,33.349817405455674,1019.5780223035578,28.499480538299935
193.98987276464456,375.44135214447925,195.00652356120446,44.46284726898614,85.71423468333903,991.9894604011673,24.88319768972189
807.5521872462565,599.1865012289559,90.20888891457781,39.05018775574584,59.69993095042071,1026.7190766317365,45.81051621083949
449.9319761241483,292.5264143481338,365.1420201861218,24.830749537550812,39.99932580821937,1007.9144181932568,36.87943252161334
564.4275933275521,621.0713784967214,369.39261238450507,44.37974999509795,64.42733665733452,1016.1727395744244,50.34067365010841
602.6048400482964,211.10708068451854,482.98400706934103,37.91102696999128,65.63276245203338,1026.5772859910498,43.73071790475809
812.4826960064497,314.8174926698855,135.643408190526,25.62532286791619,53.67865025435226,987.5338361244229,39.2447419879111
443.10417637785247,363.63640403079995,454.3088631101604,30.952919331642033,51.09238227463618,990.9842580744513,42.37457193666599
480.540550513768,254.4041160589768,456.47932978295154,43.46012022523546,46.52203603838933,1010.0641448594529,40.30751318850041
103.8776122623478,352.38053876262603,632.6810526395186,43.77310191735517,38.74503987279343,989.7051379073154,38.994986636329955
456.9659707882961,74.47251282190224,338.7475866591318,27.21655845794052,86.28793423907194,1004.2513310107905,29.493057974671224
828.5615732255312,463.3651733162677,702.4180431452959,40.94239370585295,50.964893868499544,1007.4009583134773,66.8545241220658
345.509920478864,542.8495434194024,219.0008075867669,38.17470292546206,59.28404497210953,1003.884110557411,35.41081622041867
436.9394858578219,729.8684236580154,381.3279324155415,36.82938785019178,63.92957637247481,985.3694343270389,50.25735458209678
384.1275609662947,53.569714044091285,139.4129732478881,36.981646822523516,77.0232177717906,1014.260597526744,18.707437180227103
617.7014806885089,160.60699957776364,154.7755884389248,35.932481193431045,59.095112648135114,1019.1403076256521,29.540277945545164
294.084001885898,86.71033160307077,747.2436925085188,39.24394074903921,57.14866027355663,1018.3750648610943,41.31357770500982
523.2088360348654,356.49192786069864,561.9523892525108,37.06899369677659,84.74526660877969,1000.1708780020845,48.86911848696735
579.7269298766613,553.1646512543348,283.1482659488189,28.26057270790088,76.81853412392584,1021.0993891825533,45.31267807188264
618.6013161430319,495.4845366072433,472.0785325914635,32.46503350884757,62.346619958036335,995.4764631379495,52.30571688616679
360.93066805266034,314.3228955658399,325.4760140705285,21.01214254417891,70.69253917048488,985.2429457280434,33.276647471376144
882.8600284254661,373.87094800180427,514.3475920795339,44.63353259991384,87.5523797723874,996.1096634849039,58.27583297599947
100.86109505602803,99.5458971130177,200.9425786976333,34.379052446187046,40.20852342657433,1005.8100698855529,14.049912912976703
264.81811544749087,102.19885453844506,389.3581458707718,30.681110523129103,43.92903046063738,989.8425475390154,26.584834934408953
577.9231798579833,392.8803327757617,193.71947115326606,33.13973842314834,33.17757265927451,1026.1539675552815,36.87288422514299
715.6249454909993,669.1683397128195,691.6554030367263,33.29253097779667,72.72525708781555,999.9591738253089,69.21001467758362
777.4876899399846,656.4123482201875,280.0433339425998,21.6243534804362,80.75105103653766,1019.5602290203933,54.21873450250915
717.5849813552996,270.9631528410157,625.8887677029056,36.221460152143166,89.46616103402367,989.5487426435299,54.69199473400569
286.1080088052467,626.585675817339,750.6999953992279,32.36360502708182,77.96167314792892,992.3457205560139,57.40881035464669
372.39832745470534,729.6559670844939,451.2181829176753,43.39528520152136,51.08925604140528,1004.3018834366499,51.11035615288299
659.8728717256511,146.25064497087877,838.5224540129435,30.561792773241287,56.518253249940386,988.88972438047,57.72460366141364
820.8993056118848,549.1523976252497,263.68799712061286,30.49998515733868,38.212692791263244,1011.1583561247888,51.64907098193855
874.5437447574147,286.5720156522332,812.1226651258179,36.11519065897906,80.7183692192705,997.7780123582324,67.31837941732216
743.8207047922581,580.8499335641271,115.33157017948034,39.77637471747359,57.299012981058596,987.793464395106,44.35338195787077
707.077387269469,381.2118209994169,823.7609169814534,26.344231523475283,83.36655829326241,993.1231005005981,65.59911292732471
635.5343631774249,468.71278437687664,196.81514217724606,43.67004710748194,42.642829478056036,1001.5172373437855,41.00002011371889
656.0904634538043,503.04172771917723,696.604810888687,30.345894487819017,37.49409193521535,987.2927908551603,62.638158170736936
502.75577200337995,245.40734038036192,566.0222260251185,28.135360851674122,31.875660835361593,1002.5217012517761,45.085782412517
242.24341141904154,621.8105274626879,689.5914133111722,27.893418589070198,77.07847948542417,995.1351427819643,53.50527469889878
596.194026820333,252.5628808609861,132.66260336986983,20.681214682331174,32.42828595768368,1010.1729391038821,30.769211365234366
342.44448373301174,388.1977744327768,781.9504508526854,37.11253824713528,52.86920285833535,1016.5071580286858,53.19728577908107
347.4868587855162,249.89613521959566,796.2374953309813,40.39903954592543,82.13310830944698,1025.8725341415934,49.7709896333926
813.5662666440724,648.430832976085,531.7195130205137,32.74063250424856,57.40998109911599,1002.1302911959526,65.12869350942526
238.0217535681595,241.9328678459087,311.3431878646535,36.42310940716612,73.55172873242759,1024.8402352776934,26.852366157008184
178.41349769886685,719.0933771029189,331.93750186516365,20.924568925619766,41.04196480362345,994.4103651642113,40.20270631866012
715.0007064630609,622.2586414102004,159.65612844704063,41.64485089834181,55.297189537809714,996.4862590805826,46.50402557407947
663.3060567084716,320.1797231800793,342.37686720990075,22.99707657234906,33.12090809694763,1011.6567945263293,43.19964808505256
877.4018762441826,284.9539829227716,804.6381824835247,31.600125998118727,57.58585091838761,1009.5573694187349,67.05620307434961
353.52572798710185,460.7166342351089,680.966451573795,23.61836127797998,39.67667918289929,986.9289980930322,51.66592892961812
698.136383341693,587.7647001216088,802.3817714741626,27.857636921913567,49.191145362995584,1025.2553986408059,70.67230336286556
146.01470475719233,196.89233706457128,454.399443052191,29.636239237445945,63.72566096992559,984.8141735429452,28.463188976740547
400.8964243355341,549.8096712710869,400.0489690716626,42.13486334433142,77.53649026133266,1015.3250095049939,44.52314163106514
315.39553786810364,752.2741083362143,707.7309706330774,28.811302804166537,43.49104160918023,1021.2907396166627,60.33932821145263
709.9639980525003,308.9222331609711,811.4619546394401,23.114459214097728,66.88269193757657,1002.1954888666419,63.025065121981754
677.2577436323418,294.1531008393166,165.221038031987,27.186470037346595,65.46069670558416,1007.2409002156486,35.751166855429226
326.46192780156395,204.90376816422108,692.9594536813358,37.715413597388306,73.68471153745858,1000.1433468666057,43.659349026226984
553.9055215275148,378.17741081297515,308.4029168986873,24.804310998987198,50.220097601782356,1004.0238643146954,40.29860464616219
786.9269077074426,700.5456665444117,258.97151493402555,29.596980552468274,59.538735209430065,1013.9444618023355,54.98303782491665
748.2765567147412,679.7403858747206,507.1004460016787,25.362262970616626,32.15594015956323,1001.2930313001125,63.124526117750996
790.8015698496913,701.1716547209127,299.56426630767453,31.959995659831485,82.14692284513254,1002.5638695558948,56.74176738942511
125.66200189688087,591.7311217952823,170.80376639865813,43.3233568086133,66.86162169946068,1016.6517413009019,28.35394436671122
225.59454047967716,557.8014537568185,302.808724628758,42.47252577501596,73.3800849966803,1022.060435894794,35.614228812245194
154.1919198051641,119.38331383389185,365.6469781245019,31.035510830170686,75.3667598138529,987.987600629037,22.833136134151754
811.8384645611836,337.49172879446576,272.72007182508025,24.00834893219835,62.224695553350465,1009.5913577791994,45.38870867367269
425.0291382333409,478.9161495324119,571.9476774338228,33.7816498273279,39.929666520577584,982.6869882808821,49.9962657303255
343.15388977028886,694.6248018913105,659.0958501908909,29.341027908009956,57.21068764284292,987.3287273865417,57.49719475748361
486.69187403512177,260.1314761304136,692.5544591086481,24.46916088481749,69.47057579905653,1020.2827298412486,50.106878869311984
806.4938447953297,595.4798646830715,455.7464208914215,26.6726978313048,51.51709873659596,996.78102664342,60.28906812000889
369.9075374141918,674.7293322199504,413.05639121139166,40.91300568550726,78.88204923408594,1010.2538188715394,47.86136173747993
679.9109381924715,423.7042971856398,818.998769701097,40.54484612071158,56.23950681152006,996.5465781211767,65.86840784938721
442.78760112209625,295.6876718253753,684.9594172935269,35.170507246283094,68.09833908739833,998.5716495692755,49.55263488016523
790.4291318504445,257.7165839840926,178.27336049277804,26.06732146426379,81.17518102089772,992.185193798491,38.57530589474723
692.629452612313,716.78258428038,528.9883232762347,33.999707762203286,34.24740829389368,1027.5455300820956,63.441894037830174
556.6176001399774,734.3902957727931,721.8077512517524,23.964709253856174,52.4041472241406,994.865315278283,67.6025469274532
210.27826253953643,764.3028364565337,728.0312109837706,27.624147817315816,52.52196406778015,1018.4307548981352,58.35868140923293
146.188439929048,570.0953749318635,391.26482424301247,34.946913348295226,73.78421580357242,990.5686732571852,37.13910741554785
728.1254928739008,592.8422955452727,594.0434926845248,35.9982165895246,86.20416622546563,990.3301307867691,63.3907733599562
167.1067080544505,793.7061504417638,131.08534499122942,40.80293318930178,67.23105414572119,990.067214309479,34.067799554535604
822.9360086894496,114.22544460578177,784.4892317999656,22.01772233560833,87.79317529739815,1012.5311287558027,59.49441287085557
217.9960096215459,339.2450761925122,341.4283157183325,37.35407265834215,46.390200028405786,1001.2335407648144,30.374365203155044
680.6221874902083,497.20790576615184,774.8896241722706,35.54277422379187,34.186774299896655,982.4770110904956,66.33048776458163
575.1193892804326,660.7076351145116,301.5274377129334,28.250590754435446,87.28429251119812,1002.7677549709257,49.135908240365666
742.5886399207945,130.46366204669386,838.3689545117219,21.0739794943983,81.89936712364673,1023.1139861693142,59.72632723949353
791.1910229981148,97.14272487283944,471.30998453387747,23.072492068446152,38.17125736787941,1000.8663271602586,45.502411817483726
580.3070538528918,797.5147201581588,245.90769385139754,43.13509548324838,62.46426390330059,1012.1092826285635,51.17096097438743
244.05088436331593,618.11671617237,565.2329442647983,42.64873623286904,47.289341384688946,1003.7005329794516,48.47434578666251
320.5403906841474,305.24304917751897,717.9149629947293,22.037908506488773,60.298752176799496,994.0347894810639,47.49010171563917
259.0350737451227,592.8027068427906,684.3562667269072,34.69030502125909,73.99189503275903,994.8860112677089,52.92938408671368
590.6088053879935,367.8161138048668,182.92703189786965,33.05651499512436,58.23009521258632,1027.1697584586982,36.06982885170059
141.88276642545424,247.25572415131413,227.21190518390583,33.24620176229333,50.403562376729155,982.4555284403966,20.762630924659284
137.90710568483667,549.8740049913961,826.1243219066049,33.802439482086065,75.3764784934404,1021.3924626472307,53.67840619655118
596.8160288999935,622.7341225901615,315.7236424030168,28.442469647491315,80.10309763953796,996.5733647959464,49.21545024082532
752.1228642512631,52.44724230241686,124.17831609836138,43.1638084182601,57.629569373348176,985.3902198907522,29.104235840544856
256.9366103522678,211.25044646999987,183.02154647775373,28.441221020936318,70.49370509937145,1014.114435775849,21.36647356377818
663.981043569664,198.7619771697874,745.4392452504402,38.90795638645507,85.04464633898343,992.3014907045962,55.69986043220115
693.6916794737936,588.7405020043592,420.30049995028986,30.983173144341464,76.62131985173744,1000.0800858689776,55.28498544235619
549.627158298691,155.0439116740557,688.7468595250634,42.253074509144064,87.25861137508494,998.2999034237747,48.69000648018494
207.03522828423758,672.4949341703624,753.7003561360468,33.753161200697626,80.13903332529912,983.6799437630848,56.53391911907987
280.7708704067041,405.36472092214234,403.19228982087316,27.993913253947632,49.35816216900557,1025.5001024967462,36.71175933270032
853.2981656500345,395.4698620161431,427.9969646466754,26.90218331207872,39.91768676583895,987.8871568456204,54.582919415852345
659.7934514814659,699.7375947425498,582.4001285695175,27.66100464520065,56.34779605927101,1009.4751562559114,64.08193652950118
376.7340417737513,247.16948718019077,728.4320400618508,28.39574852912093,32.101857051622645,1004.3091171341775,47.854387471092295
167.87071749053348,62.809155262545005,96.4779393436406,33.34204147608874,77.33632048332433,1011.8451320070653,10.779513756337977
155.96711348831286,405.0022564033541,491.17973055064647,33.285928790370114,48.16311083523216,987.2241976438385,36.47627031877587
392.5218435460801,622.1053410186795,89.79819543693547,21.796406297591798,55.73457229615212,1019.2203477846778,34.03074335442021
426.18738839557227,393.98448528611283,426.1199940482483,33.38901487218503,84.78475051156792,983.6372333771815,41.64995597238048
144.2749587188466,455.6675911819075,182.90826470132114,27.263556321810857,46.894073962778535,1000.2433582007651,25.31460708507547
782.2815919862676,439.6352552080714,281.9700934818296,37.090369295941144,70.47363987034538,1019.3692955822753,47.93630915510335
524.2189546017548,55.97765218000645,417.6135402789075,24.417903994535706,40.422431496752374,1006.5399412961335,34.11043981460914
288.9520461513134,697.8219152751338,159.1418927566515,25.98042570595546,33.89327298561938,983.8702534827328,35.96889455305948
242.78026579064215,736.4329349466884,576.94448147233,42.95971526913453,41.16096845085238,987.3483198349894,52.454175281013114
291.75142436182944,367.12690467740873,630.4218868959354,39.044171562156514,75.26532152513818,1019.6060772768933,44.98322534701456
356.89316193174267,382.04345531934024,721.0822112516083,36.05230139166672,46.17990883725055,996.8299061895938,51.01138696759682
483.49436256993636,295.58884937952234,605.3121818613732,35.3355653865329,47.18443043333727,1024.115089558613,47.58498363293869
468.59942304454955,217.90039493799713,440.3788113734216,30.406746455035716,37.324264152083366,1021.6259860937423,38.210146994413265
676.7313107161879,389.9878670707745,430.988917013494,38.41760088647612,31.34454920643204,1016.4083117502947,49.241132014148626
237.32119068687513,596.0095607493887,475.5961343679434,23.120021112309523,76.22967914831551,1017.1317265201146,44.02376791780565
181.38527945442516,88.15187256603645,586.9425699538209,39.07312378266844,43.756461927238085,1013.3957625075428,31.56381735876668
888.1493684686484,87.71488585875065,85.50225342367209,30.972910368429318,72.90854122626772,990.9620728702662,32.69601776676886
265.516882405204,334.220444351571,336.59504829950066,33.811982497553046,75.2660352610761,989.1456380485361,31.455921734683272
409.75993392741594,429.47083358982746,556.1006113558535,33.05660149718934,73.96255522021724,1008.3202412479097,47.42094747975144
156.2066081174426,630.0627784297515,327.6456553255309,44.13399133970253,68.86627943100399,1011.1866393782686,36.69390780943706
160.0870756081182,304.4892871542994,698.2741723079324,36.20686942006779,49.08664881150073,1027.5101698512688,41.86825777518983
626.0366160935519,709.7577573144561,776.4730929477603,43.19529954720497,52.968149428481354,999.2225953483651,71.13275492015065
746.0631054909396,290.5535445287426,692.83997146684,32.33533566351049,87.92971889821115,1021.1613367263081,58.81209835926406
725.2076777178759,67.57951287982723,108.56487744651996,36.033520288676726,40.09639426273766,980.8488544643542,28.126210815791886
780.5808184214931,531.1801797992885,461.998716895115,20.20061755890328,37.43445191310132,1020.1294808027966,57.83277862242805
872.532942646853,577.8309844427249,254.26188901842855,43.44902947714726,57.05358420155122,999.5819646153335,53.68139337342448
198.92232540495777,579.0400531332901,693.7434871927563,37.79060049959594,34.11973709180046,1015.7940425332044,51.088610843857694
367.8700778951015,133.9361142323956,534.3670949868119,43.660329758036134,80.63921639101801,981.2698708345182,36.42886956329739
811.8791644468567,314.7516179515269,769.644072969712,26.664004506161568,61.21220883230532,1000.1601994214534,64.58468639073999
425.66823070091385,281.55870912751357,776.8569446755384,20.411862613399165,54.392600525379365,1012.3513183922835,52.29108598187436
313.57349319641844,684.1883248666295,532.9632246758056,31.60490778588948,44.886553099167294,1005.9606398213706,51.251383528923654
202.05950532704202,787.9298415577248,773.0538769343583,20.4565080302743,43.60165669641437,1002.6186602551993,60.62183548391734
533.2033912222008,94.21519326267725,103.99042056469635,26.72238712055675,69.76728244581528,1025.9082008851333,22.98217435713419
373.7859762843792,486.5001379816873,471.4580601241886,22.70219459061149,31.94615894441648,1028.8086516778626,44.666905832949546
327.5482568120111,416.33142979381506,159.92941077048505,23.660350553290655,42.883946384837344,1021.0274525134239,28.713567028994184
140.19815816276582,115.6440719191409,337.69504680250355,21.132352820255928,48.24984117515301,999.8296607327129,21.18306877455734
447.86052992885726,341.7608484638836,351.7442635363262,30.868561681967428,62.627382559213956,1016.1283300751386,37.75841189323528
389.90933568714496,750.7893050459571,411.07869716634264,39.273701997514266,86.75432611853765,1025.2730385805278,50.664107108646775
751.0627772468115,289.57347368517156,398.26175938001717,27.600775452225207,35.433559627019626,1015.6137242289392,47.14955790316018
127.95034356309145,348.1861422139926,835.2017043562249,26.88257716556074,53.667873719632254,984.2811241403749,47.69216274756152
889.0488239537408,331.26951155493055,353.19200174951123,20.159402294012505,36.35105637042517,1011.5294566797631,50.73723013524059
325.9138544108778,696.9264129402223,761.503630517536,38.17112930432154,54.454189007691454,982.5644246433753,61.145353241234446
132.03416862897245,419.90141579776,161.59654883025718,35.26066153025346,61.878133629715876,998.7388323623007,23.02192948601226
566.7260243688002,182.7574275260061,767.5435392484513,25.282350722822358,64.15366328542135,1021.0822954382968,53.18624512678224
542.6634014902672,798.1391299603903,403.8007043325325,22.3417603409186,60.20332950923356,1006.5143250908261,56.376104116821026
640.8488042183774,389.48846241915527,694.349143297389,27.199729956876812,80.5504749133012,1024.7153858842307,58.684083731021545
882.1938234412796,733.201667692791,647.5317653723597,32.929459201331916,82.37892007179411,1014.2930981198701,74.3631353489165
462.77303278148986,419.88144008038387,395.65404128827714,38.600441559476025,39.16078577668577,1007.2905852748853,42.30579583738729
441.5893401266614,415.6732256175861,559.4775108049434,32.23526694592334,63.3738925904302,997.0934647810154,48.09697740452516
842.1583752497415,772.527328284538,416.22279325867714,28.135969196641607,35.54139421524314,1021.2465526031094,65.08948283637547
569.5998349118429,792.6152367115161,498.0164676122564,25.108895018004603,78.60736791290397,1006.9802024992775,60.78711085319103
574.4397293618094,646.716304245623,198.19732618072328,36.853274683857535,70.5645490272618,992.0213540876694,44.562574055451904
732.012835147992,468.61451841727086,395.9226130303683,24.924664639980456,55.55538855120068,1012.6175519389487,51.855725128172615
148.82507120059438,229.40228443716467,495.44451750477316,40.70976518709028,60.84761057797958,1028.6218658776418,31.164601369323698
329.7075244000937,664.0611985050252,789.214090662435,36.35712306775593,60.883859498753935,986.296398475575,61.381625313650964
572.5845276996735,734.0939382679529,692.2562249261003,29.43588285275974,79.23500752787231,1003.357493974575,66.89060297607281
684.7210579264648,507.36247008496423,830.8557666414628,37.541307773140815,38.01713029688636,998.3484248563927,68.99673650600138
411.0566120845756,83.73211969036596,180.0348798606276,32.77932614821279,64.92866951143688,1005.2125059438396,22.04505714767335
879.1736401209056,363.7386206754368,734.4071565341222,21.448486307970622,47.57824143593467,1011.9217409979913,66.66365408525516
138.85137081439865,514.7368398191081,727.27547075374,26.639997409058722,45.66243253804919,992.2176716188851,48.698665149154806
751.4121750638,585.7270860075931,590.3786683958322,36.55824679930962,74.61052311870935,1007.7401457005271,63.72932456797507
159.93770762727078,618.9804131152727,792.7017308209718,42.86243743028926,72.66440413698419,992.4795808319838,55.075612855115175
213.4427334026733,691.9431720843725,180.8720259998952,26.97111351089367,33.64424560524331,990.944764047224,34.39645820460718
465.59861461195106,499.7290752381349,704.6573343203958,37.1265491970704,31.25081711724271,992.5393221178028,57.14612406831841
478.37811912478224,572.5904771090214,556.9104836759248,43.10247054376915,66.23056104354134,993.8427060021505,53.805477234051104
788.5454468703705,574.3681057405668,261.4308245545112,30.39049709928802,58.96318263630985,1027.1162466030023,51.34463956050856
478.2471070331067,233.00164914553812,592.0249999345226,22.68327788127431,68.79720970203745,1020.4977161598684,45.01846268274025
618.8844888717797,246.7449515366916,716.5461884489616,21.7718564792211,81.46543982717584,1022.3883630230247,54.63073075021261
634.3169860500606,756.8836855042148,200.238318401494,43.45052297923685,89.70382071143479,996.1356879025412,49.74555288268802
463.22625374364475,446.9144028215653,615.9369857661529,39.9785102574336,55.09409265126081,1016.3962078207409,51.94169912760242
694.3824505155994,139.54753386041634,684.391775913092,32.10642411807732,67.71956665294533,996.217054967421,52.39357056780416
784.5538395765165,361.82658206080015,705.4885690988975,29.578956506610282,88.06854970632283,999.3023243466291,62.610955413075395
121.8430496041747,678.3460238622155,317.4631986232689,29.411681109943835,86.46012184136973,1029.4296866151076,36.70420014892246
767.5100759882446,187.07700677104398,603.838194288424,30.049990592870778,89.03052742430509,1018.5733497309839,52.79114025431562
754.3426504272377,137.06148584878449,199.4901715441439,30.998077420211686,69.24191901153687,1027.8719105023451,34.72173095004642
241.10617644107134,770.0989769808047,536.0084626470392,26.847771313064236,41.82306624712897,1020.961207120997,51.77649310853785
857.3035445516377,689.1963218479103,810.3270317865934,24.304346164627994,37.36109198266527,986.274257695011,78.80807726345019
353.60697919024403,421.96780288242115,544.1996803802708,31.924105172901534,64.84441781550106,996.0583277725208,45.035230677390786
200.04604300535345,57.334580683468346,120.97411034893759,41.234983274413196,82.34882261514927,1005.3265903561971,12.560383124622158
865.0934799237072,564.0623184506261,566.1402286879807,20.480835188055874,53.22766926700228,1022.677093873393,65.52028309874922
773.7340351671678,343.5193496802624,796.4922318608282,26.042505840259206,39.71749758371931,1001.7688512534304,65.37729081985603
506.87570134437453,114.98415781001091,493.15123854150545,43.583354404187446,45.90870340514803,1011.2138196713883,38.38184531629178
406.5243692591075,109.16418354663475,318.0298300585224,32.94549036250843,63.464922087096184,991.1080513883581,28.19184978651316
591.646361369487,741.0282431882605,821.584139566878,37.125762758345076,80.81983967637251,1011.2601362419878,72.84360371940754
350.56424518999165,408.4664908081083,618.0488071846937,20.80665933916467,56.40578401557217,982.8764705364839,47.49287436733075
305.0662582701997,387.7181302862979,479.3875868811,30.73285741241567,70.75293464260093,1011.712676572939,39.959035131938926
797.5086393859324,376.42431125714427,813.5060194098597,28.087444865889715,82.99793846951488,1017.2837335149718,67.75822929568669
180.92116186627248,191.82421052632742,772.1297060743682,33.77795721261236,42.09085993797867,1025.2679443631325,42.067549414752726
408.53568830750737,619.5629366746468,619.0697233620473,25.994633145398446,33.458457997312756,998.5345970801501,55.60574768394652
723.6592918196483,120.1266748868121,509.78002510181847,29.18482531922174,55.34877974152674,1029.5517294235126,45.70478000526655
293.88656504127766,306.1027030971135,474.48134322794994,34.96157967241207,44.902205548424874,994.280917831658,36.978931773269736
515.9053248110675,97.8888539424005,787.3688629637084,38.9149053211664,39.82060168740259,988.5545707959755,49.90857988115238
616.833226275776,392.5666926288365,356.7738388644855,22.322911123888243,87.37454916837652,1006.3102758309747,44.5529511217178
862.2252390893113,196.38590882942498,849.2083861245761,28.487552788384498,85.19882675030638,1007.7447892076688,65.72666988254512
343.76612499636474,795.0387050505078,683.7585526706433,37.405234546478525,85.50280579261283,982.4439663940656,61.51448700823191
495.16664178486695,343.0109016986133,740.6488827052019,41.449278218174115,63.210892951085384,1004.1025937977126,54.771281612712485
650.8959595223861,132.77406793153213,119.80725872015437,27.03126708883836,33.94910015868972,983.8520180986051,28.302391172423718
614.6634332481939,116.67074529601786,390.1276470063023,20.668877192831967,46.874323221424476,992.3816701246212,37.54513123657845
122.38940079597471,711.5611366445772,558.737702650907,24.39677788264848,88.4429410957324,1014.7509616428982,47.36802422925284
247.84887853179126,214.27796735239178,774.1017003783969,35.43095174644298,52.33535541551412,987.4173399847664,44.82787339166136
818.0296328103215,530.4998538279997,119.97531611231307,35.161017476553894,43.34404844521374,1024.0638025144874,45.254897243642155
373.47879395955266,555.7506379741651,239.55915081341558,24.630453867462567,67.40049461003514,1029.043412975021,37.459248990548154
706.0947872757295,198.16820186838578,696.0912475657515,33.52321318077091,70.83791774055227,984.1232379531651,54.97153957695351
128.32475739136066,265.47525134717523,521.6853724454947,25.673374915531888,51.49002036603597,1029.6346421607154,32.68141515997586
309.20875440292593,188.59026845309242,763.0691644831061,37.75570408856016,66.08071725649208,984.8206823468045,45.4567372650048
650.7192309298773,359.65620983604026,802.9115447458521,25.982191565887803,87.89864965706462,996.285516142684,62.42772501281162
613.5023874324309,126.67585909098881,283.8981063638113,31.667606908427256,53.60847771126625,1013.6564746269646,33.56127165025504
772.2760365519855,297.50341326098237,242.59913838233766,41.09994759685576,64.83520172054102,1002.7687887995198,41.79734902968254
666.6838039565538,516.4065567874845,360.4786024552257,44.24426367174448,54.19466861955674,989.100992659057,49.91185492053018
725.1403131455161,192.03257032086387,635.3684207591409,20.064848212280474,83.80981490871059,1019.7223562580947,52.929923334357035
381.8293490449635,341.60640933207526,413.00496843697755,22.004917751974695,82.834841700955,983.3078593917818,38.22327148879027
420.9210512097259,587.5398880177818,836.8173233666623,35.51181085580252,67.75981479610792,1025.1736632947932,63.72652111149173
771.7092114465424,396.0641858152522,528.4848298258066,38.62454772278916,62.31319070355686,1007.6764329172934,56.17259511088611
123.57977725414653,112.67403652173175,310.6870113839502,22.57728527731928,31.63634630244062,1027.423295691794,19.515094868634357
474.4463149337744,434.2411697311848,848.2129738306461,27.265112228557346,49.21202586580514,1023.8134340782663,61.18914349317462
742.5057856164202,283.75583066049967,391.1613418985613,44.070315662965875,44.00166506679425,1015.2113770603286,46.43430216425005
604.5047777665143,786.7697784624359,200.98401223637273,31.776494965323018,67.8379953938034,985.3116218198967,49.77759717632341
690.5620083621005,422.109909620021,107.41634944058178,35.203279940527544,35.66927037187005,1006.3952368227496,37.67681151708692
146.77337381025185,499.05875508120243,600.5716500715702,43.85918154855714,84.84398263481572,1012.5686882872294,43.39782986960644
698.2425836067093,84.76977336352539,150.47712004022705,40.27645816534826,74.93737872699893,1014.0082794407513,29.509455510716123
179.46766028486616,567.8170358706107,741.7533190127472,35.53219348982677,55.40821205959643,994.1477058310431,52.08867364517418
144.60215278778782,531.1406695771857,111.37080295304463,34.7258426814323,35.871880572464384,1020.6167471353212,24.727116789070987
847.2407942442773,579.5925602036049,732.5955748013785,42.27652708122851,74.67845582274023,994.8225151924457,72.10882362549161
639.8431942119103,106.51068691779864,395.2595908565267,24.94122243171169,73.58367038025233,981.5281295595387,38.20100006815234
364.99672908338437,664.935413296781,296.56827105098216,20.02625509787952,44.95298673352423,1023.9186776674503,42.76069511344424
718.1688355592612,392.15047276350157,829.8972363795338,27.476197702260404,88.9975545598744,1003.6458485675793,66.50546870486423
878.3560131813326,445.4634755587339,588.4459702232557,23.256557659808102,88.62272249501194,983.8555484603581,63.252423471132225
285.88429534112356,280.5405104209567,770.9775169611513,23.155756501345003,32.86115459176986,980.3599850575048,47.83184485130847
810.9093553815895,754.6958730126928,92.48106627765182,28.38623928869139,41.16340400367356,995.3159418459419,50.66739950293454
412.61022133779903,197.42074216974814,621.4765237061739,23.413553012113184,70.58843030558342,1017.3475523774625,43.15998985347337
495.6340653097092,241.7461857274016,428.1252686970348,41.63602520891962,45.26889827644085,1008.1588904545793,39.24641827899471
282.0546737309305,532.0239743964744,96.05898022096628,23.818236049092473,88.6688948787392,996.6850538997588,28.264718652660797
816.6196798422624,632.2311175211447,500.9073605829684,41.38197065370798,70.31417948700154,1019.6664579154856,63.50181834422094
137.44134642383506,218.72104267647228,590.0770541918943,26.82363311100199,38.81355353083167,996.0051423834112,34.287953840684985
360.79952563866345,494.1123193990167,730.6005449032126,27.57389873153392,76.99951545497352,1018.8041195152167,54.87137714725891
438.3129624597716,102.605173228866,697.553164438538,37.30487197897088,42.11501012385484,1016.8570577727838,44.12967064820065
337.6343293312126,540.0528877042652,84.56783225508282,25.89691248129781,77.3121968227031,984.7588337336606,29.71332980126765
116.67929821581211,747.8861734824844,274.5812478194116,32.7111351876827,79.62845875131798,998.543530344635,36.92021406372536
278.96221145590584,267.1041409292359,808.2937279346424,24.90123321891113,79.85365953938401,1013.176024560398,48.71373968893995
865.7707563158906,291.9188301746301,304.87998574347773,35.378523246160626,63.65514310628489,1008.048650069079,46.92588702445473
489.04840731784117,735.3085800593485,845.3014211461184,43.828138953332385,84.35075570338475,1014.5096830555669,70.54276646716042
607.7641202283751,201.12208103854337,561.0267598471546,30.184970451570884,66.47563466260733,989.0012972221812,46.70765643189374
459.48374268481996,372.05653363615744,336.8505387278517,27.87956823061854,36.97255642466893,1005.5267427844667,38.42022983874339
776.8405328610935,327.4892150208545,257.8192648671742,25.735579574389835,81.96144718441155,990.3691760289275,43.44266303114541
747.7382470148523,644.700692409869,545.8418066762712,27.15795152691944,54.18368088962764,1009.5691568431561,63.60684044979248
740.8353739103843,505.61759636889974,350.1812395243205,21.246705981398662,40.341237040803236,992.6104803861132,51.400838689351346
618.5684655691919,465.25190480247426,756.1840054436564,41.10576230507456,40.394877017665145,1004.227505408138,62.76197132889623
843.4601503787123,557.7976915348083,508.233594470038,37.03892484529047,88.61017580661759,1015.7377230511115,62.36707903620713
198.34124722914987,290.23510087362286,579.2323311113761,22.240135660063327,57.161004124552946,1028.911708484738,37.826583687538225
106.70942903866978,698.9568905442852,179.93643084908467,34.68923478708024,46.165051624062876,984.8120706109249,31.367446821452035
670.8738908180308,786.6953843925355,703.8887695083419,24.734814534209644,58.35979479407515,1022.1539644431336,71.88262903665066
426.7465390662873,543.2390884023013,529.0291638343249,23.462670822983384,53.522726207391486,1005.4516413172331,50.26073537743065
278.2765403045863,474.9277764534816,275.632909400058,40.17706594277992,74.6182683433702,1022.6428852161689,33.62144587874435
531.5519360024966,514.4399679051339,361.41757293745536,44.214199210891664,61.73089518003093,991.8240578496888,45.83646003472713
527.2147487470868,703.3210463681879,636.246543225328,37.43798611738322,58.870946663194026,1004.0673574333703,62.365935582471366
134.24996918815086,620.1531311439468,577.0729515181745,42.07656136515985,56.72161739038853,984.3147060016385,45.71501107068991
805.0500430663549,66.27816972817448,390.91801386028453,26.039441883697236,36.69877740065534,992.7518657446824,41.776566938247264
842.2797056004787,490.79595058169724,108.61917580891043,27.266811598408204,64.41286492935129,999.8211160795345,44.3370367178217
123.7748167591529,157.58880367956726,146.34042369389374,30.44225533678349,47.513371037523584,1008.4064116219861,14.294525560917355
774.700902617804,760.6267022384958,717.2424952136892,36.411038828187515,39.563900458735674,984.0722386771787,74.74952795423656
746.7877146923273,399.7487382736842,377.86437534336244,22.632317126222834,48.07342244628841,985.389211378561,49.510668602714844
227.83938202948147,443.54074505478957,180.88401617163822,20.70895905251441,74.6388888841295,983.5649039897235,27.376764459393655
738.7007034157573,775.4448227331428,565.4467413469816,40.02987835768468,50.54649438885593,988.3479717608961,68.04223543834627
724.3730249848903,392.7890421851154,282.7050543624201,27.361226974213,67.50829002928815,981.2490376434937,44.823064189596984
492.0378444440552,74.50397442557644,791.3308568436507,37.59911366147776,56.69905583098691,983.6354769038899,48.64948883983499
875.259577432069,731.0997529778402,528.0125514381276,22.676864248388316,37.798196793152776,999.2194088570634,69.31128196982237
223.57715833942552,212.6090986665037,696.6780518312559,39.90464178349748,61.32425888515871,986.9003442175147,40.95270978342811
646.911982729454,102.6053663381195,365.25947020573557,31.22115717997211,57.25829868160845,982.1732967145798,37.09589928025663
553.9820665103448,275.21462899746655,574.2622029780052,22.90111626954745,81.8389003616106,1027.3132555020316,47.84638898435455
757.1036870899959,82.42213194225896,549.850797216385,32.09475769427749,79.09962564689657,981.6707713638962,47.179806459623045
602.365318139862,289.10311945141365,796.5255193330495,23.786576497252927,52.608903930029626,1021.2751789605555,58.605073901060244
196.23925916205815,190.46190022777046,799.7084783591506,35.655868946973705,73.98012645869939,992.5722163453836,43.589373916060886
626.6225085903294,370.4519195067349,418.3186866761507,24.644829976246445,72.83844282505811,1020.392426430037,46.64498030995796
806.2751674929129,384.4639648065877,797.1642533630538,33.43905976871101,66.12271568341636,1029.6382041207899,67.60874410350718
549.6107608764798,330.9681947696629,215.74257175228098,43.93456323839422,58.799437002670494,990.3728393331934,35.04707153947552
187.1109680158633,201.69035715175065,801.48537424232,26.523429034230784,54.99782853828082,982.8682572070622,43.72345472472122
708.9107490860031,705.0443386213483,441.25371773315663,27.44410413242324,42.82687539112599,982.3864057043126,60.068801340546806
631.2911894557676,427.15491369641035,590.5696518600352,20.898148234512828,50.862394095074876,1026.7563687563386,55.37616916896675
359.7856751817987,232.50271434559218,408.786555890301,38.635504416138545,75.13333701243396,1000.0326302318736,34.12011392143377
344.77522900758515,596.8718370225884,222.32648818927402,42.07275457520366,83.46046803189935,989.6193428418416,37.14247150847616
796.8061720730593,205.80524604359104,707.2322995059528,39.491169409118186,63.68933217715242,987.7548123345124,58.367634523737614
462.3715072246799,521.182942524747,639.6046105494006,21.221520852234924,35.1953798391713,1012.0258073505256,55.09081791445883
538.430672811649,282.53376092019676,314.74293998579293,40.102514732429256,56.09498321257085,1027.5957975491665,37.21865061138709
417.4962391024208,749.7056892998555,745.7535775756276,39.59563450818894,46.269318722349425,990.0808794638306,64.8462009550934
505.3385277196564,167.07529847411428,815.2049318596094,44.138428021591125,62.76997596164022,1001.5112304187724,52.7806120601975
367.6679458890395,309.29907423583506,149.56132119396662,23.739660586083243,56.013494454273655,1016.2254049356751,26.291463451504903
495.17669438543305,570.139740694948,238.9186710935464,37.99736918891884,45.457606630656485,982.9875745873488,41.51623989615329
674.7072478418235,605.9661611999942,621.1738185128472,23.58452526433578,54.48410690509357,1002.2859302005053,63.26715501176842
425.5486708557222,349.34957331316764,668.304068665161,34.86859369481763,42.8332635578133,1015.0814886368889,49.979110071673134
821.1592198014234,194.37373706529544,800.6120516347453,35.25174861795696,67.20060866587632,989.1627743179768,62.49047077139138
848.7328375054658,697.536863850386,526.6302349395852,26.97015594333162,85.62302341973229,1003.5442088758618,67.45330043825895
882.6523775654687,771.3999138787273,424.3168207382597,36.97599489231694,87.68250195605138,1000.7578394954296,66.59424157285628
357.95146276091623,378.12434171113523,792.0710930517698,23.22500240738343,31.999996221170818,1029.6024546381323,53.76511785623234
649.7195316900845,754.8702065133635,628.3124220270297,29.196424748237874,45.011180030158684,1025.270196285625,67.27018902718463
540.4873509555464,379.0926453142623,393.16152505928244,21.035821660615543,77.64055710013662,1023.5787933849028,43.313860890465556
162.67527351909354,79.1217228231305,605.8095479899596,40.00393941691827,67.35045389664438,1004.8516954395246,31.486291809865104
541.5918930201157,550.9052579278803,389.36671334032553,24.794353317841864,38.98606632501581,983.6426712576676,48.3495830620529
461.08392718817424,705.8031524870648,261.4576373582148,24.98456109785574,56.40002713367259,1015.467584766229,45.464917884585766
857.1682127242319,129.18791854748736,372.6330681412477,27.400362072653202,37.213736319186715,1018.004764194484,44.49600666380148
658.2474894982149,177.29305156498486,195.7894251584803,23.078844668784946,76.72013067076807,1009.3266086105314,32.8977932382352
638.5382454217385,57.497874876149865,195.2294123502395,40.01182792543136,60.99513830418509,1011.0989731472549,28.69026010294623
857.849383927667,635.3578283028847,626.9986129467597,33.24253839849295,33.653129267084644,1008.5925418246155,69.87616088478694
599.0200683142914,223.5674724673629,387.47988222417143,39.38660196391763,43.97168818072059,1010.7174302107906,40.17682151241648
191.3106503588299,757.5131243717212,767.6488239427387,29.797522817853352,54.75088925630056,1002.6631517056861,59.170666199626076
439.9617519005035,778.6408505409631,685.442010050338,27.613378588939977,86.42735742220839,1003.81953109713,63.97575847525751
886.883380146578,605.287565257674,676.1751224160395,28.866897482332746,33.92842358755289,1000.9041584584336,71.81213325876914
844.8059501962894,68.02000810118196,218.9812056377447,36.86179020835699,36.7449290383748,1027.1424512196709,36.14402697443393
809.4578130158244,355.1675315817149,205.75365883513814,28.03626348291185,75.26253218939324,1022.3318273316553,43.168906691331706
155.64628041129936,583.4074150775117,411.2091533710083,38.95353224904899,64.98016269193312,1017.1818610873962,38.61997699950466
315.03092892424365,574.5061589377165,776.0428371085401,30.55317681656346,32.41343772726432,1012.1699044864312,57.727826120200405
430.01344125847567,434.39660525070155,491.04021012821363,41.962413059792084,44.7146664362658,995.7406617405595,45.57390980040386
624.859646385953,493.76303653757776,401.52409344116353,44.11513246053849,59.59288590417944,1023.3206327667715,49.619644225352474
730.982503197923,230.66768033183467,215.82939474097816,24.972929832251097,49.98988242232002,1026.4278236382183,37.48268129553186
747.6106998757597,108.57494022653628,412.31706883704913,21.275333307733895,84.22918373665186,1020.1157190150925,42.178251956550845
276.98315571736947,558.2834085934014,548.7918377243393,38.312419148527965,83.04417525106763,1001.7949009632594,47.0096704382967
593.3766458372089,521.5486056616943,760.4103019604636,25.704591508943423,72.1032187926885,980.9753649235347,63.864169623385635
786.2321481841344,528.6048534370873,224.81212968293912,41.777888586597896,64.0915951294202,990.8872824699789,48.43759523595421
447.58177393924177,76.59887949037923,170.07863528845087,33.41009844551641,44.434749718443776,987.1510788343686,22.528565014426665
229.55951454364342,676.9803342098365,202.41159229466749,44.032835940897556,41.99330424229773,981.7034739403989,35.292659154391096
161.4925853962281,533.6571899867135,760.323632266877,36.8078260655484,50.010129770193366,1012.4879728439544,51.267438552163334
604.0330410585195,165.74129964157197,185.31234201785594,26.74133668920546,88.46211429455985,991.3370274538001,30.505723901716983
591.2284116821642,430.6027037113238,366.4679112669497,34.76585617267922,79.89984421906212,987.7926429008924,45.31364991248263
591.9175837255573,492.18550396314174,350.36775301439434,31.744022743264786,36.3503512981182,1025.0059585278136,46.53780275123675
831.4794636439268,402.7381453284299,385.58530349500205,36.01284647490978,67.77995008997337,1003.7016406928956,52.44994040897078
863.9228570693978,450.2579832764613,621.8038553476689,29.0985983601971,37.74519800530898,1009.0512501253867,64.29757942428253
120.07271347999256,205.53733459360978,117.10834388638881,29.730534941286415,61.69489628303914,996.236839470995,14.452635197663621
140.32887155629822,208.3183908869379,691.1547242782112,32.73285633929325,48.4270367428996,1024.2252530860783,38.10560684442554
731.7101691717448,375.23741400044395,604.7466433493958,35.392786882103266,85.24690552571593,983.2522286308439,57.398293229141494
598.7170489200215,285.3374281866526,580.8526167455125,21.875614294116616,46.025435833772065,1021.8948472782741,49.75573898302072
399.0687015705283,72.40857932772686,363.99486227651016,35.608173230516364,47.6774571556429,1003.2105354689328,28.704112918008065
359.88549983229984,112.16102306068255,518.1412864270069,26.44374515312681,87.6184808006438,993.9318562130863,34.887047143869744
152.03465559087252,541.1759944315004,284.5458295679921,26.26014762670908,77.43592064207874,999.8713337316971,32.17815268339088
194.3397889324265,138.8894586500218,259.0424183616675,31.714926474336323,88.43858867561873,1028.1373309144553,20.358574161940147
589.0690661323704,123.01036412296097,723.6110303969679,21.371417106887016,69.07309864651373,1006.0701451109171,50.306824123538654
418.4113750265655,481.2757275040576,638.2284063144493,20.615511794262986,65.28793103320913,1023.5219395049251,52.519749328496665
727.9596677433802,767.9375197750071,466.0988476904569,27.96325136965927,43.33160089873183,1002.9837150965469,63.520869533169886
136.29408076428584,676.8358455710428,715.5238854959873,42.902201547484026,44.4081300031036,981.5982672737384,53.01485320989936
805.745921782011,796.1713072713977,552.0891840404219,40.607688660500656,60.7713137155056,1015.3723813245922,70.14108423321913
821.2809419699151,242.10613087643677,268.75863848189726,36.07266452205518,36.472295581385296,1016.7279704834336,42.651957724666445
310.1810468387183,201.98931869673586,685.6247792650142,28.004179376835665,49.714432648035014,1009.9257366353962,42.7901021366642
766.2297573254147,331.5480320806181,690.3475162192507,37.079355208625245,43.94073003379921,1008.7150001379136,60.547234330951014
288.080471996538,446.8515128695419,755.3441027612532,42.08393044725659,71.30137950098668,1007.0629653734793,52.26172365643252
584.8436575882924,676.7645762597589,429.1680110884809,39.67986343693216,47.67244316168041,983.3206775149368,55.01496745898078
102.03891516128837,757.8644459839444,644.8708680115993,29.580592083544076,82.16032272161775,981.7347939688839,51.59193555482095
686.3640635449057,476.0813432919148,609.1593090837338,32.866070844997886,81.9072624919452,993.1941761652869,59.23973456845397
314.8386002171702,743.7545103445066,768.9412192445401,33.11020433042523,48.73955918242831,997.6613917075847,62.5154420866319
482.34262808134866,454.11603448133116,451.5773393175148,34.04011855777655,47.500375264749366,1015.0979062593904,46.15685344958099
438.9742495058633,382.4772110073946,97.38092668613199,24.33395234434843,64.52508041082817,1007.213921541088,28.538780882843014
122.16305799047129,742.6341585260782,194.30511884635592,38.5971649683988,34.27648002686454,980.2251649713838,33.71612124935072
603.6187390705546,554.7135551716387,793.0143049303231,39.84552731356782,49.2462485891734,1020.3687426672224,66.47054102447872
321.4850326969603,795.067353203454,811.0062194276247,27.498897597738033,87.73439171507678,988.9747833777578,65.93682035411742
789.2624990525362,151.6247716424834,226.60627777614798,33.97716679784164,80.07259932406654,1017.247819818608,37.29086923189651
117.87634825089732,573.7041507875176,403.64977462586376,29.992768952718663,63.4978757064886,992.98521143638,36.893405956187
446.33409550550994,654.8827617733175,726.8165374882421,39.44842001896736,45.60272277044139,1013.2105878394582,62.109167217894516
151.33774790560253,601.5162351760852,521.0269905168823,35.90617371624864,88.24121522718815,988.1057633993465,43.42669911312593
112.74577269766715,290.92858277439944,773.8549761717492,30.334373243622274,47.389959958968724,989.5929006866728,43.06442971103196
760.0377720467534,552.8583429785251,695.1745892104807,23.39121813431881,42.05296617412145,999.6390969438804,67.19386701917759
176.4597921228675,513.0728515307599,729.6028538068101,25.35685234101675,85.48710270425323,986.090359264553,49.87009346188122
243.35649306515538,304.581833061805,606.3560111982185,44.52559498931116,62.94566604919582,1003.7682092186998,40.69239023173755
734.9965356039793,792.0085005442,544.292422790019,43.473423722811,74.38700620867236,1026.7834879151312,67.58184799604615
779.2245372614685,631.3921602754095,606.2283974139401,21.059151745984284,43.84103085802599,993.142216645543,66.56763682266394
385.25895196229635,69.29172742195229,440.2407360983139,21.450249761032676,43.1576426446385,986.3049522936049,31.246149825460016
583.0148211981627,110.9011046501225,331.5070272279195,21.79988972116769,40.67399452047438,1006.187181406827,34.07775886456533
623.9336045532893,180.0211956152103,586.4144719260796,36.66546008292002,31.75966857972325,1027.1717622329272,47.575222882098174
756.5477808753503,368.4971890920282,820.4221410581429,35.201582816625844,59.41145984379064,1011.3841928997649,66.56823474134707
802.4570359626156,690.0737252538732,463.05339380388943,41.301374217716564,42.54425575861174,1007.9440115611006,63.29805858865025
571.4905870162279,653.2649603189462,308.67184098905443,36.02128393747088,73.77349706594981,994.801300876344,49.0895400596174
344.0934135851105,725.4815386646973,285.74226834812816,41.805100727618296,43.50551815160097,1008.7366530411362,43.516939301419356
755.919127230902,786.4501668456835,97.69664287825623,20.32252373315479,30.859732667035832,1023.8842483360368,50.17894453742781
499.92592070064796,395.7132869819589,294.11467958516846,25.16784828433461,59.96945326159574,991.7270225864203,38.63376341388494
461.5905804949757,126.43552556116015,469.58782220564154,37.36128945479091,75.44938370106638,982.4105066331581,36.424296069909744
392.3735638572162,59.13341030024739,128.23027996708,32.10018853069599,55.48890900442156,1023.5288481103895,18.674420423407106
165.72620363790696,379.6286864701275,577.2326274030975,30.488147674522278,47.545271676921004,984.7968716558722,39.44995179936493
567.5054549691113,203.53686704371202,621.6443744412711,40.93191999548516,47.774326267377134,1006.1115164674233,47.99704463803555
606.9414684702066,716.5301214353881,496.54497750688967,35.63992672101926,54.85724777913129,996.0229984991979,59.56594679744343
891.4468813548683,598.7874531072765,322.5827273162456,23.29432319240129,86.04748075771627,1004.1305606302411,57.61033912651417
442.9135588636932,212.44278861887176,706.9679871087749,43.9251387907444,54.2926077973505,988.7460453212386,47.93940990882794
696.8771484992534,258.65787016739546,186.35181313354005,22.174233741549592,46.334080501147724,1010.5966313427613,36.12012308534106
165.2632576853521,651.1155161472387,778.4281033362873,23.261122084050385,61.033724804148164,1029.9776601770627,55.62848734842921
549.2194826623941,257.40015425982597,842.0955027506197,20.264458985228533,46.27410951042701,1000.5772596546777,57.8824092176914
814.914735059421,93.33682135888209,537.1038239122827,31.92268981521744,81.26490747362334,1009.7682602934203,48.7316996490404
209.92450959887742,169.70848042928844,683.9109191476635,32.4312363556467,63.729255670624305,999.6033597999714,38.74542646675152
855.8744856317985,711.0425858575522,371.5552165463383,35.210517303136534,43.18143250672644,1016.031831205903,61.869720806534055
849.1898834531685,350.93913311499716,668.3814820761233,38.13305488690315,49.601002556727906,1008.9394724567901,62.7391297800899
445.3229596613715,544.7655294323142,773.2914999410239,24.554120953771278,43.6343693330911,1001.0692314788353,60.63431467045153
249.27449678860256,192.04593166678802,474.67556877075924,25.33265098425696,53.38876861821907,1011.2991417645817,32.22663560449209
620.1641888442671,692.4407550434605,287.71156900950666,25.25758456712138,86.13429223041913,1011.757342452623,50.88661107701209
534.5996522614626,136.33047170909663,531.4548598574777,24.733836861828784,47.36742970754412,990.0462650882578,41.38609811341588
850.3150644184677,331.6901279229688,804.5455601512894,26.538063044885394,37.18954932243779,996.1631480133283,67.64197817629467
183.6920854505399,490.4011638873024,140.7500017133047,30.61849136703055,70.11471345178126,997.8795272511178,25.852797548667457
617.8323760882238,741.6540035359486,461.0265196235211,30.543027981641348,81.96885692456095,1004.005261026985,59.22565217366603
368.82482077813086,421.9870185087271,753.3331604228807,37.11895573396086,88.784231588391,994.3809134420964,53.857681595520965
494.29871952184226,411.50280826444475,148.53216531734722,21.50193153417036,51.09954319051468,992.7424100138101,33.115332446282494
679.8458448315779,333.28413398575947,120.6159838142581,35.3515137003315,34.951297432774545,1002.7381721925967,35.218538717090446
133.8404753100386,252.67053642597452,85.59151375146259,21.677549588202673,60.90687837652087,1024.828302298492,15.0189909021389
547.0360723930281,324.17528790909404,537.2762208985096,21.82624491332149,83.36212871695966,1018.5502185457706,47.627389645004044
631.9186930206369,582.6651147454314,723.4210769489094,41.2344219196457,53.7858327920454,991.7890693207072,65.37435731093842
870.3465026666227,447.0153434057316,763.1184834538882,40.69080371307575,84.88985452381951,1019.7646064562074,70.04559472032615
878.6231727243755,466.54559775028997,273.18505444536765,42.031130286841226,70.21762691783772,1011.671981588434,51.28246529205467
385.69705488086646,319.9145868197958,717.4421252772727,42.774003245941415,32.27890728622274,981.1854024790141,49.86603426211077
424.18112184252595,451.83381416926136,345.0074872258724,42.32641742920697,48.3375975786794,1026.1128055667155,40.08074756938852
187.04228029040212,70.24874804799396,779.4640170448306,33.80577792520282,83.29979978919184,1028.8195607116104,38.89729153194511
137.44477460813363,577.1620998037642,467.7719155632958,28.33786794486499,68.24962913790455,1008.7042393400225,40.14908285488876
339.46537860479,422.7603742500548,756.7958461413582,21.469234943201716,47.70120123349228,992.4905450327661,53.13860643129967
541.9507159844953,440.0153147125197,464.0742910721549,20.694823850055975,59.02513577381709,996.1855747700055,48.021952563796646
703.4457264055621,461.05740808637745,742.4263764298075,34.25030130992037,57.62894623963136,1006.2978445430722,64.63214909195048
580.8160349312425,78.76498724578525,203.92589975180374,43.90515577997067,39.40723731783669,1015.4742959899294,27.94446665538298
245.6034244917954,694.0235994045055,813.5026782822993,43.54687513727737,74.88198328704215,981.0184991933694,60.72891784818099
226.0360713735085,633.0362511916313,469.6279577216202,42.200913318154456,40.3744700502911,1011.4045136816878,44.557287985819
585.0239821096106,86.87996701829277,715.4835092809104,30.91020326090768,84.27583499874271,987.7504427861624,48.77645884507352
580.2194488492742,684.5947800885169,446.2089770753825,21.420207305694095,82.8926138456388,1024.7471359274837,55.79278595114903
134.97873663413708,598.5397362869256,416.7084514402409,29.967354937026776,49.57158527757352,1013.9088092059069,38.67389224524152
843.513531103191,242.551685568877,708.5358038262416,20.05409987550548,65.57946915475006,982.6165717825671,60.92338865321169
282.55690035033535,457.30975682089525,344.1057122552671,32.18602833675428,54.385231527598165,1016.0471915895602,35.960228205347605
693.7157798589409,496.92012389171225,338.0968057691847,44.973235717692575,79.9432325730619,1013.1477398243684,49.24294934328698
231.86067469850366,352.95951801914697,725.1852391108036,24.205219302748944,66.6926004873965,1002.9092026970154,46.552015345961664
474.393287168121,563.3511154525021,214.30398807133997,24.49149067799106,58.71786795257756,1011.3147853488643,39.70449160147229
669.0018459883565,245.7730195517228,191.60430556270512,29.884240892954082,50.19818486055302,1009.9699088312548,35.10741818871058
808.7331548780501,290.5225652964133,571.3162934239219,27.74388643600981,80.2828836709148,1025.5487891286466,55.83032334219077
859.6669333550436,164.42787431484112,489.09720492716673,42.78324192316805,81.34107872827015,1029.7685008089895,50.28673242718321
708.3298919329854,515.5851931403306,344.25346673779984,25.102108876521715,74.6703922197114,998.005386697667,50.487591221711476
188.003114746785,125.177946245439,762.7624985538955,25.039637215246803,62.76575190224132,1027.1521196423414,39.90593177192254
848.1482792275364,310.8662355802901,250.6847747257205,30.995340933667485,32.128665137925076,993.3777594031103,44.797826433263616
303.698650568625,375.53274215527574,561.9801851054738,21.640402460839677,76.8721661542955,998.64353827152,42.85614918593597
428.65776927380443,528.8484194719526,606.06653029487,38.795203995006986,33.600524832605366,983.564165325965,52.967846874167506
644.3451330581871,616.5685769337456,591.5103679369943,32.582449173703196,80.60041676388741,991.0273288932469,61.48782601723775
163.2484586930704,616.1991478900231,227.2921251033493,32.521123555347145,58.51075902537334,1022.238436184507,32.475113201626776
583.1591749483357,734.9067542887475,817.674608835543,32.23900007542544,88.96595298611265,1005.0247917394305,72.24896223053422
177.838072662714,791.2218139085243,275.20367454232985,38.16819730166783,57.19484330190659,996.3054366484557,40.07994357883034
351.79344199095004,582.0059613284594,304.864512900214,20.166199755331803,73.4866579461629,1009.5266082502839,40.20856261559085
588.3013777623796,243.5926560285172,292.020059664877,42.593009988539855,62.8835651713237,1023.7990240527045,36.637623400321985
738.2953583873284,193.3740548522917,766.4995357013431,26.479413669952557,86.60669157606131,990.1434401206923,58.610063825242335
141.09218367152536,303.608134814807,265.37432649347375,32.9674431391336,55.944871599604326,1004.0272357521064,23.955982614328924
414.1883535299745,581.854603587722,828.3842561946803,34.756354831447936,47.27761491979073,990.2872226415848,63.0166589613181
262.94541729672795,717.0999591411538,765.5858797489066,21.77792126783744,81.5060705899566,996.6771235361681,60.02479648309272
355.4689248162264,680.9973281397024,572.6392114791706,30.99705019897404,57.30200165353559,1010.2923847359663,53.99955604784469
275.8865117047506,495.17837088105,422.63770573488586,25.421410417116928,80.41156363208214,1009.3085955919921,40.037454706969456
422.64716904632326,647.6330782659576,342.13915595322413,20.001780017052177,47.62573500851469,1028.1253198419035,45.79397365749739
621.7056069345715,758.5867464656902,744.5750783582201,26.398360750795813,62.50842253270571,992.7745906858422,71.19177373633666
625.8748007038937,303.3105722724786,673.6529378022442,36.43029509583516,80.74888355378006,1004.2388795164246,54.82167870138094
734.0324583859474,381.40624538416847,617.8991788821437,20.511476868962518,41.33200696769815,1012.4766507423874,58.17912826838923
743.7687459046427,210.8063039702142,839.9953274699656,23.391365951367113,50.14720060691633,1018.5933500792926,62.23706459504433
775.5386165101282,393.8505569464668,843.6101176914068,28.430701141280398,64.59907374933591,981.8728149436866,68.82607991135413
445.823213637622,670.7534924568786,763.401323453166,29.179412562087375,62.53123373461172,1010.551035873615,64.03335412096166
593.1595264170325,210.56992617697765,218.23778996553494,25.470251134652635,47.70802527996182,1014.9448891075243,32.8413951764417
252.21863177404583,575.7684335555107,670.1430758407874,25.831974704393968,39.457513076218646,992.1699663135148,51.64533499351819
337.1322802543307,521.915050973764,537.0992259324352,26.20159210174489,64.97559946695742,987.3000193266671,47.255388974140246
456.9930333606506,319.2093845627295,91.02367837198244,26.678940262672295,65.72348556595756,1023.4487914216579,26.927019672580702
786.5207786852626,243.37820084334032,381.5336801315668,32.73631801001576,43.799497361561265,1013.0431286934149,46.158316591120766
207.2884379754874,478.504835740515,777.7976708637242,24.71440486896227,44.465174007444745,983.8208406938185,51.68570504602904
692.629259204202,523.2349052329996,300.71268014845407,25.264198907266362,87.59456637721628,1015.2466035813993,48.5044321390542
787.2457391126816,198.36557003383828,463.90485756291423,26.373675145678526,47.40860851440722,995.7597500160874,48.124533576912164
113.76190789156607,334.6651021584425,772.7686143686045,34.960001619272106,35.398433672830734,1021.1569108287292,44.363554876244436
709.3911574674314,116.97588897756368,701.9207190181698,27.774640697136846,52.70134020257544,986.179940367199,52.867840154076646
533.5868146641693,514.2484711311301,305.77142380796766,25.54753110061166,39.215209376050694,1011.7480954096333,43.665915526177685
171.1692263744725,231.59229754886675,90.3152509686971,38.72960475777663,55.51914026177068,1004.0634271808971,15.69545575644806
551.6890194044122,489.5385006258657,612.0854100963993,37.69794842171019,38.489459499489904,997.923877228478,55.7202420047643
439.37559742933263,579.6082526724487,420.8136859285578,30.397389987490378,84.69577189633338,1000.9302146546061,47.402062940195755
540.7140630478691,794.9820717702105,503.23091747773384,37.31947307698168,33.8288528956358,996.7451595824496,60.20012074365174
178.28533444417545,579.8500127987554,562.5366560239931,34.2554221951538,33.04666322078006,1022.3687493281544,45.24552665824765
557.0426511336364,640.9240884749078,296.85002197655194,33.49261794560728,63.676799462718414,1009.2442495146262,47.813003067318405
118.64357496868382,611.0594616373172,817.8925252426385,33.874209028804216,53.16146838313287,1027.7404934488675,54.606792107885575
501.93502167660176,236.2585706230311,280.84625886119375,25.034040282231036,62.962586447266666,991.5957427490204,33.379658123436734
285.1330153456248,727.7473009226934,766.9431734089372,20.0125595246312,56.15334170943747,1013.7338638859939,61.06413642440704
221.65028858930268,226.38156229240295,571.2965071751933,21.909061133407604,67.70504100233018,995.8895367007437,36.2928158134589
598.6950329561087,159.2930648580441,676.1939026794521,31.024872718754636,70.74821555443323,1003.6081975780202,49.78739904160266
531.9577832086404,591.2366216186384,829.8549667853513,35.341384157129156,38.621371060761035,1019.6101977402687,66.89003081623241
741.724481587876,474.58532698725463,330.87195435214335,44.49576449042645,48.340118860547044,983.2255925316377,49.72417243133965
317.4144834507898,670.6374638081204,439.20237043556216,41.23956140164891,32.07866740761319,1013.0126383049859,47.2096532351898
866.975722741708,78.32476766867512,568.1975403283152,37.48172485685808,64.49093601828214,996.1505230872167,51.08691632544411
640.7937098410439,261.78376702101315,280.875146204997,22.843578376807272,54.61844969229877,992.6715551671139,38.3123301540616
786.1226111251453,345.347970805317,358.4540509695499,28.98100325877378,46.99901772820611,1001.9084300827951,48.282279496695864
451.9756570563809,397.96686249804577,277.858525403561,36.053478680818515,35.32787696481702,985.3099348636351,36.61261660277523
612.5400386408029,727.2303459445295,697.1512065165165,40.57652171429383,50.67142344670607,1028.1103367029748,68.07915979822063
375.2082085045907,781.1914369720071,768.8377424342149,28.007958085872446,89.14541320319549,984.419699330077,65.44549906166654
391.9071192732073,768.1732734238593,305.62935431259876,38.780513003285954,49.135644325229904,984.4603960441965,47.027585953415944
360.6220673503394,165.42823416840326,578.8687821844032,41.64089613640174,41.37539617977983,1002.6679085388594,38.93626033293841
364.904651108162,784.638304600212,331.3234549219914,37.17470349938864,85.58575962165907,997.5425316182339,47.73922686813088
327.7458520482191,448.25019687292166,270.1877990486985,25.083065237558976,82.34006822475502,996.4103960630115,34.087393429582164
469.047755414761,580.5906158942197,293.03181759652347,26.03032012632451,35.00437866910376,990.8347004605209,43.21042384313036
572.5923531800626,673.6722414451862,180.65817140324899,33.865918410283165,80.01454774980753,1018.0724216131969,44.61426469488742
735.0356799473847,785.6920822458831,200.45517606401214,20.720883501282376,76.67514936620032,1004.2776478595489,53.64003990835852
102.82405239038272,604.3810538731701,643.6936365683197,43.96126193692279,57.947447207339934,1008.1034695046322,46.96389865063937
167.30240905397338,427.78007896175353,603.0825831557711,25.129853620853034,67.24729229471123,1015.0280283548944,41.97577796670265
380.75555211758365,283.9622497916789,496.6656790296652,34.82738891791937,79.01717476780277,989.3805620702997,39.80816121846449
194.35316394544913,251.0885772688463,747.5537707773207,40.65081482665984,43.60782044332133,989.206839281279,43.26540306752169
185.079148966967,140.06510107074195,493.5854949906231,32.78195054297949,56.604792856439374,986.9515292774514,29.497747300756192
362.1615898613928,680.3199052231924,656.0843489790115,21.650063477752084,60.4756621923018,985.7631751127645,57.51781881169802
434.10770139840463,766.8976264833101,167.1856181814618,30.880484027411306,69.41265173021318,1010.6622869160233,42.717584563709906
819.044938047778,161.51218453860218,424.4082603892899,35.5128468257644,81.90788937231497,1016.0035667715355,46.393044093163006
499.0129040143144,597.8714891747935,640.5292853538712,39.307424106137844,37.61473310573922,983.5058671949834,58.52770320982809
869.9528767246142,471.76338914391835,644.923498123964,33.438853788724614,69.76432291401696,983.6027328134844,66.04842790101453
717.0820327191058,643.3984387650668,340.2536300058465,42.269473479190374,41.91624130770087,1027.9111374265096,54.42455934475904
889.955038678777,742.9000757182774,443.66009632130266,39.49879779279975,33.684599021511296,1021.3538191919636,66.73205728476373
111.22450309474718,480.93816762772343,749.4948725030504,35.33799216173908,72.6611628267234,994.9237487316194,47.74467502179614
197.32292420571662,337.8812322904964,658.6753999470363,35.006974628993156,45.501092517111346,1000.7062731174888,42.40314069276784
531.7619466389594,305.45190224774103,345.76168210980796,36.021336447954084,78.7140540272363,1001.0312835391885,38.94688275099333
568.9878663994594,488.82287750738857,489.38914425680804,25.420825930034308,45.230420077138504,999.460302308981,51.30988808747776
788.4104473654166,562.9988580384961,741.4807951116107,32.75362652137483,54.267289114102596,1018.7304344222839,70.20151096658181
715.6232819313396,708.9078338852588,122.98356357943359,34.41063486837597,55.535489057262055,1009.3851073861312,47.65527601767529
624.1952480255864,200.7422046136134,634.0345521303435,20.69473847847784,61.32174286488403,992.5137078131561,50.10950566438973
628.4199227199449,258.6402490167552,410.32601749692526,31.029545742421448,60.11200026431046,995.1742764026933,43.024845851978014
146.75202518972395,626.063615436741,812.9564788276543,27.710398528929634,36.87818939671065,1018.5401540334844,55.702728371900115
514.3144215962006,183.4966992982531,442.12245320485033,29.739766651093337,63.76871740085818,995.5426970444961,38.61923175502763
853.6999953260436,130.2457847854728,197.04569966139098,28.441448710402142,58.25178605381666,999.3310077478604,37.400201389801126
600.6437942584628,711.0765804660259,531.751995256521,30.202144456693283,85.99681358073,1012.5814617153766,60.621691051995505
466.644375208105,674.898373310535,792.7407507967002,30.201626852742187,60.715234544364606,1022.4152037569838,65.95591248742721
791.7894355728203,290.39932969459556,355.9145341841868,34.349941234618775,38.91056882215712,1014.3652871593625,46.70224432538995
541.1457625465869,562.05383122865,650.7855498338557,34.219575901023354,84.28619390680532,987.213305421128,59.12740980661133
720.523480177979,81.12694997942225,773.1784993587096,34.76594856083834,73.9048060050208,1000.9811698212424,54.97665287907042
466.21045418125453,148.02161228887275,385.84428263706945,44.569167892648494,63.978283309455946,1028.0278690021582,33.8607332995866
502.1126493534955,588.7832765839071,771.4118724247617,40.008599784997145,36.26572352943733,1016.4341351495607,63.58335267511254
242.49423932578793,330.9046565356815,276.2812212236495,33.44440343387976,87.90168043221033,1018.7836723430014,28.25321572479006
671.6954804661711,774.7387074228146,226.94878737110054,21.172166518516807,51.1417895166259,984.1988232348908,52.470977131513585
787.8248474756404,458.67829926017833,631.658668600845,33.3216810311931,84.91908949360271,1000.8436100536406,62.66144114610836
282.1156410628425,516.8861272763108,506.4051804246121,39.54502729978146,58.036609622839535,1006.2187677641828,44.22626026715909
809.2175702161552,492.2582688165479,477.2008216133919,24.619985155276126,40.1552929717666,1017.5946731241678,58.13230803551677
709.3182345325287,685.4256580431118,269.98681986165684,43.23961817084209,37.75986676429817,1016.3984889996386,52.64178957173549
847.6139666462933,60.41539383788209,427.1965796341535,27.06532725067236,82.9240544309938,1002.801882723775,44.32874399989141
536.0996286532366,123.71833282644572,218.03843740077386,24.640152545269494,36.15998852970887,984.0921739076286,28.516076340421428
195.1897475222248,480.06708566291996,649.0662047111392,32.28807695207347,31.95376239891565,984.1534695305861,46.22035318399991
797.4960070530973,408.0842739733156,312.9088443941264,37.52085786705943,53.36795527198067,1028.4910609736344,48.68376220655744
357.017488969518,278.18741827901255,287.63839770465506,44.24911146090845,72.84146706035494,999.2225209585282,30.561683125642116
262.22444265555094,730.791295000415,478.89235358876397,23.40722914492639,71.23324800590596,997.002305109048,48.94616627322953
819.5425316358948,53.00298567529242,593.4470232122499,43.43604587746009,85.27098536692999,1023.1573874736173,49.91424644782561
421.19600323008405,684.2205855384982,549.6933185429477,29.082482536446552,36.27996329009418,1015.5981347920881,55.15023040477538
826.8155000818039,794.2730378018063,652.8416873423795,41.61544200072208,76.1889366421174,1005.4186585561637,74.74632363020348
661.7338227067622,59.420909254843764,822.4312635621411,27.88186431565762,87.71920666757143,1009.9620474353351,54.53189250133382
334.2083735413319,716.1623506510462,227.6030011607808,38.000790264140605,68.22350079450109,1018.3329090326523,40.61524177220257
347.56692231374734,769.8163708145967,154.8683265022433,37.07682255871431,78.74759567229617,1002.8726733357366,39.71623185394005
110.76343659278737,603.1980213145237,197.39607277735053,33.79773516111329,45.109659548732694,981.3014692816638,29.31468664831335
661.3457328206058,261.70930775884415,145.66321081055492,34.290373989146964,43.19540405333342,993.1835852391745,33.518179649805695
208.8287569130726,446.8966254204356,710.9298286127982,43.13515569484636,30.333097139927485,1024.488028465546,48.108954614517174
261.8932293932012,777.2108395156425,296.81936739412106,25.694541922502967,77.47242965719215,1018.87635017458,43.04589676303016
865.7975775325707,538.27892674844,480.4241334947956,23.949501593122545,47.284263032836336,999.4086103216968,61.33926046822214
560.2828744772113,455.1398763079062,823.0718803513402,31.055442667249686,55.802706911547084,1004.640688602427,63.38555773760713
666.5647404922934,631.4241088551362,287.56079366582486,40.5099890211326,87.1792873827587,984.8709300981657,50.442097227055875
360.2165395324854,85.37995329283433,679.3566168005877,29.647280122474022,44.852845433398784,1022.2291710379169,40.5421594567831
665.3538984027401,81.85951023654943,429.9334918208792,40.35413197613859,50.079781385884495,994.9940050462744,39.61374193201385
328.7781645232731,247.54475899237076,281.86267815554015,29.492319993260622,88.37418875352527,1010.1770496875954,28.564194831690923
811.4801704628766,631.4960963882673,401.9724511349049,32.02876989582622,72.55976539686117,988.2447655584264,59.36818605093051
459.2541348927128,367.35902759297943,260.06758922115455,29.929228966440867,61.73586866521599,993.2271136041009,35.201098443416946
541.1353152652099,370.3993416226698,305.3581948360768,38.378315284088316,32.51932931951045,1024.2269431405552,39.560367500079465
853.161656950667,657.1302433635534,762.7212409428545,41.97352513705746,49.59748766910471,997.6803522695503,75.81760664714078
111.66096593132701,658.3039485603836,101.36166905860503,20.73761474268179,41.07918883335626,1007.774936339109,27.153414197095522
212.67490486536343,272.08462274039823,598.9731404445434,39.36262964182401,85.9538243813776,1000.6362491692028,38.50171144595459
211.22508647660618,121.29056381516696,742.0915580939032,32.47080743680874,58.09623215045225,1006.7587606378739,39.65913183250932
504.6385194209588,90.12544319153795,186.81295911406292,23.405619459363816,80.96275049095249,1019.2409156578584,25.31543724293742
201.87239957073916,128.29786378198014,266.6627818204769,33.1854010745277,41.47774097427884,1010.1634232528613,20.571619173400656
210.80975206918043,799.5564459010533,745.1898832919585,27.147567783088967,45.69580793101304,1008.1297257654143,60.118581270785356
345.431017531699,119.3100779401038,731.475659682074,35.939789716381966,44.993906310127755,1029.8548307418173,43.201259251437044
599.3944641527439,417.0241123152882,82.95515670118857,37.66227125409105,56.85154202218915,1003.440854282482,33.8107635620885
347.30441789197073,68.34514835263346,136.98655347221637,20.458827082169886,72.15186420468268,1013.3720644604614,17.948949126226783
730.9610260933138,267.9722839173197,383.31143603018626,27.004487407355093,88.34952557571667,984.7486924232961,45.30045674152645
192.98984798551356,352.5099688162269,714.765422676484,43.70252432579389,54.30986868982563,996.2435256712389,44.955611411111576
196.3324584640257,509.5014778548029,326.4451263610348,26.122586528579287,52.50657959576546,1005.2634193414316,34.23282314400625
483.7829971119848,422.66507118242515,394.20204910759884,39.90140362584906,48.78909507451422,981.802331600686,42.96152401313625
484.3128700703027,194.36922959601102,488.6492073119244,43.437752650906894,55.170058494197676,1000.4592248247797,39.906431282466386
846.7853951052128,256.22112139380397,499.46468347351265,32.677024835599894,55.34558133917353,981.9192036291457,53.06878283391101
377.3531036268564,349.8410103532333,816.4810448684206,33.28225689846968,75.46261255829856,1016.8481712174797,54.47506521413951
150.41396734986918,640.4887468946141,352.6443082310738,31.869757142780074,46.46334989093914,984.6772704905188,37.83285375657745
808.8536917329153,550.7891291038052,185.57391968169338,44.31442643539505,59.71275988292139,1018.0893502583344,48.21224141236935
117.70238043774404,454.2547613434618,82.2484142670551,41.813689174997606,77.855980127284,982.8328719672937,20.448650824118378
845.4231996024528,113.88914349294394,749.9819639312232,28.57021157103659,59.974724211004435,1022.4960145570215,58.77864885011083
746.6181727585833,576.5253473832387,199.05794266197296,42.08205077848369,57.379172103360716,1021.991374548795,47.656623310733586
650.9312779897094,93.47181621534403,461.1844125507804,32.21838204465913,64.3494877274062,1029.5997205084757,40.77946932818283
278.8076380983371,789.5246307799713,474.8671868230844,36.68324166917124,85.3887582229357,1013.0661834450535,51.044655539272625
242.90997934888134,102.80943690707596,703.2897440361036,32.35888893611516,44.948213966408495,980.4236731437351,38.50317224912287
678.3106597200656,699.4861629941186,647.5263830296761,25.108612577935055,80.62086083494216,991.7792611240192,67.23496000261257
761.8826458186021,518.6942767466775,842.8529066873954,20.937568599686763,78.04498869517482,980.5613662623224,72.1314239444542
479.2629862232355,429.5510693183604,500.03041063547147,29.073494510064883,47.733500359047056,1001.7380208943566,47.26563809166674
817.1661795793597,532.3843023657021,222.56077815926477,31.040993200228275,50.32259977006597,1010.724355074453,49.38894558472244
183.07469870802188,267.1867086854776,119.55233702160389,29.272037853904,43.61001625660944,1008.8529813214873,18.28993570266914
147.87673984089693,452.0731985097225,411.3984767419747,43.21117074070129,52.70859749775734,988.7886907772782,34.45443722019757
189.83978122124938,173.628046029691,601.8441419516782,24.53061277493881,37.888697133941214,997.3972353155579,34.977800495595346
277.70219819780823,760.506065904373,460.60420083677474,34.74952617066353,69.56032473360504,1003.9400143125304,49.57041595653643
471.4691231580032,98.47266414827727,168.8842307573571,40.458375925213694,67.70699843601642,1000.0421827335315,23.853622849482697
193.29060648264277,86.23952861300126,185.02165028558244,37.48202028976188,74.1665240361761,985.450866009227,15.78677006429262
623.5962566746196,280.3480585022389,484.42496503166154,44.26374232042489,63.25683401775311,1027.2630193250168,46.49532805657221
213.02859547226322,230.85063100508924,102.93660128202552,25.198875860959156,57.75720115794145,1026.9201357866264,17.433840845601594
665.9596379818388,593.7949271881986,284.02770122218203,30.993499362254482,75.11494981452088,982.3909197065414,49.1537450039884
660.3339095259295,796.8565264894337,277.8546697190981,33.4733964779899,43.308100228739605,995.262756668318,54.829899869224825
268.481532093821,356.113291266681,817.2610382195362,20.78089984719026,49.08364189353977,987.7692172209947,51.42828622959651
352.7047090348508,313.3585327882186,556.2048384769978,20.451642291815272,66.32614507116354,992.9629735505962,42.23009079377199
554.9332129364644,793.6946704640746,247.04512381754827,41.43784270417125,31.531041997864783,987.223974647634,50.3406414547181
776.392264297446,757.0357720131852,836.634182089071,20.1054271744567,44.03813886689396,982.3513573709795,79.46820837288178
161.3629771630153,588.8169837693547,222.7214661747964,30.823538385266804,65.99009557480767,993.1231289493679,31.414257474962955
581.3555712773679,153.06768309152943,772.0404671521324,40.107570792539775,43.466062685002605,1010.9960369238668,52.91431631715221
848.2758118758247,717.4986943237583,598.8250499828036,43.695043840460805,42.667575788473435,1029.882223634649,70.92623718529964
333.1748791904734,468.93738265398736,445.00796679715876,37.66633850836678,31.447226158242113,1002.1991204062242,41.86368652722017
185.81038026781488,366.3210151866253,451.2099891834341,44.701153808463864,39.55489789549149,1014.065919762002,34.612341430970574
527.9078322531434,442.15517615563454,444.33379513041376,41.52034741611964,85.87131392738534,985.0502177414301,46.87524205747989
796.4558470773586,316.3841288651073,134.57611199430355,24.877630397210204,53.90030635331708,1010.8403076566019,38.76824375804612
456.27756367175874,258.0589357995203,373.22006072940803,33.69876548942364,64.77727419504458,1007.9141440191795,36.35889741331469
196.9661558575565,63.03396993239225,345.79575647334923,33.04098536087671,58.67983957011344,1014.3160143880539,21.631834032632433
582.6542499691898,754.4922781717426,761.9082444213205,37.60052349239281,57.64240168823787,1025.3088800961973,70.5907256210808
488.26035971187156,714.0167718765625,664.2464292688916,28.652535478455793,45.7931515317685,1014.239710042707,62.638171118408685
345.15420534370537,789.8343927109748,515.8876381255858,24.54765606296956,77.06710438866503,1026.0805881791841,54.68516346666384
690.379602969022,557.2158682579852,320.52701709127854,20.41425667843446,73.0197375013759,986.535791665229,50.24894482046136
317.1211316081027,129.08804917160165,688.2686937350936,40.31867945069141,84.70179988259076,1001.6816302671609,40.91702317279488
547.7025226777344,719.5213504272865,117.32883147415436,20.437231374088594,51.184790915499505,996.3376657714282,42.7098694521168
412.55378234161924,202.05066694537726,584.0999576942423,34.87059471571435,34.03982052980278,990.5390386610611,41.80213178637959
315.7833021510719,319.42545855512185,427.28843412669215,25.342156734735724,78.93064252834098,1024.2900594675953,36.1478001862535
110.00806726693577,368.01561776424245,746.78825746404,37.460357235642334,56.31201387666516,1012.5497344045305,44.21224084949695
237.37355904801768,421.10820463960675,802.3130669201624,23.293385067531666,87.92376222754329,1021.1219916783891,51.84697558743524
681.8961374329828,740.2755905625103,122.3662063961677,39.54951987711854,48.64465950779656,1007.2691407324227,47.5598000957115
541.8472008524861,240.11097554547436,525.0864356342255,32.31028062416064,53.136817810863704,988.6282661401269,44.46220271730783
568.5120485765642,760.5380360718689,613.1804623950636,39.832196217638675,42.04739381604421,1001.7498285282535,64.39872103525553
466.534318143355,692.8288828773541,486.3102287275585,27.8869889220259,68.44082180221372,983.22106423731,54.23330517972361
235.3090852484896,418.48754336754234,370.0545718082436,30.440319979540174,62.57305804253027,1019.5537867037331,34.4160817308107
783.6398314301125,526.8003840590728,447.61420581822944,42.11203984008412,70.27411501613142,994.7389383722492,57.21777469740473
181.5012468624385,467.90148272108166,283.43876413543427,38.611932733876806,34.71657952054752,991.0905569062184,30.819632452922974
330.33591548784045,426.30650437933116,614.942995680957,44.886656500956896,35.88730516770081,1026.6492947566305,47.29699242325343
508.554714969903,565.5875029888462,540.6169104632394,39.57695237379984,62.95989723707407,990.8826884015161,53.848942957292046
394.9117160895164,59.652878324901025,715.503660934655,31.758866721999322,64.38441874625047,1022.8203106561155,42.257084269818726
444.51148903486234,714.0717855199943,299.6103344026757,24.852283620279326,86.65841285765802,1012.7676167254824,46.74191161275272
314.6487299117257,376.1073385132361,116.68295789752719,24.60161506850082,61.647231079504465,995.2292263832746,25.390000368649943
746.7596504703522,590.6849126594461,668.2056925045954,42.093822970256895,89.87576620029165,991.0714317343612,66.85156459407776
607.8537553614146,668.0549732159145,127.10283075817571,21.841755888382053,36.70865615778689,1012.7532631499521,43.3613750876469
136.0229208964003,390.4676143153929,502.9083297484387,38.20293247105619,77.9464294416853,1024.8617211160051,35.91104924629134
719.8704855570347,189.05965525390158,411.31332016513727,31.489132998409644,48.663247138470425,1026.773713619672,43.72043703093358
535.1137589105979,213.28988083321607,220.11675729542713,20.399689694350176,58.02409164879778,990.8242713903668,31.256779484131506
793.0555039616867,442.1658036773025,508.9132813718519,22.26251128997624,36.31252791033074,996.9572888652086,57.41317048404375
432.21485021702455,179.89306251049666,626.468658445697,29.950850954551466,84.12095564235182,987.3662353020857,43.42198371965351
382.1855703748527,445.31820827654747,720.5427567166154,27.628013406085373,78.0863857910483,999.3708671362558,53.64682362820662
312.3417083741002,223.7651044097771,118.6919144371418,44.54424238221475,83.46739158643253,992.4089330728393,20.83088096100199
707.4824620757346,349.56920976971924,617.7604280984024,27.512185734145753,69.1491257645599,991.1718134100607,56.421967279299714
829.5487422434147,280.7382346347825,437.65755344732366,37.999764949420445,75.93471914652358,1016.8515672113929,50.81491144423886
540.3094197987635,132.80626727539178,570.6880787827888,20.88420163268935,44.2928602557903,1018.3749840975206,43.020993763536204
394.32210820410603,620.7511061461545,150.9154893569126,31.505498126549305,37.93071099108536,988.921381005506,36.48881600478431
347.31344320205983,695.0448320676335,532.1715492367206,27.986222675398242,78.78340247881033,988.6057057303773,52.55761022755962
506.398675859609,693.044301847841,688.6456424664249,30.069288371485825,49.26517121163853,1001.4061655369642,63.529115029880494
539.3613991585537,433.42155365865267,583.9544992818953,23.55833415874396,76.711208511808,1019.5652496001876,52.541668555792015
405.46884044113307,761.540055944548,304.8542099294607,28.56843496707313,79.28388870811054,1020.1951426595589,47.204435288748854
169.81014241314625,693.4650204866751,769.2448127487485,30.95499405827222,49.230397340536,992.8120720576196,56.66804739694457
242.8921746020415,517.2721408083753,317.2080960293325,38.27373735358951,58.03556596961506,984.5066713304678,35.49325330348581
100.7700164601138,99.70165877521978,487.64739193705896,25.666230365044292,47.13774923929246,984.030482598716,25.520045934542367
303.5394306288425,393.60496632085284,588.4568954229909,38.91627705314426,38.04820056941655,1026.709155086502,44.452607725410495
842.798031286417,621.9192760333344,797.5026730758087,40.2579192659498,52.071270526791814,991.8749639772677,75.8416261426249
270.52968954473346,137.80463434911238,317.30894910018753,40.200066585353255,64.13802389807107,997.8332582895401,24.942387680822875
666.0409180533983,212.06461847682743,80.75344291772711,28.338410607180688,38.08318876621472,1022.6114073630943,29.573303812615855
210.26367495843843,692.8404769612382,516.315597910519,30.432995409252705,57.58090282355586,1014.7486332079321,47.74574847401106
154.28335096788953,82.04175298238391,328.93639555518354,32.65183388535423,33.042359027329404,993.0413512294167,20.247208940715545
148.73890104326443,711.0630162047877,375.9597986332972,32.89517563250877,63.091017282197015,1022.8307326844186,40.832449462773454
840.1988559804586,286.4231885957,688.6744015482028,36.84289615348192,84.64619130386421,1000.680532191059,61.345637399212876
197.18084686000373,102.50521276252368,446.77500722903903,33.33171970435977,43.32184376967204,997.2214294142918,26.861582077837387
152.66388063603387,190.1124828595818,471.2472605184619,34.156567519572164,82.34058903459221,1029.5395406222221,29.133181325606948
637.3451940513728,792.0114692428642,724.7932491206985,24.735693494139632,54.48046335510024,1007.7078241842421,71.87242986365506
504.10766257393334,657.3299617659742,571.1927774287415,36.95529401881306,43.90909392513305,1008.3596405218439,57.690839827346885
231.63866430271707,148.72761618759984,470.3887694914783,25.37195014627534,78.09860772493279,999.6155726651995,30.226539194368637
754.7993914403469,216.76796369150077,349.0411281432722,32.488702770340154,76.24689830689317,1011.4339881385678,43.10866577968632
373.8998209283241,410.66524896636327,355.4776478093658,38.31994065785154,60.86748777362958,1024.7588131344335,37.75605800921525
810.8221166829505,501.93740692343897,705.6950502073126,30.799830433878114,35.80912270466908,1026.3836076371679,67.6105877164842
224.40738867194358,677.0389956766714,686.3847987046879,43.19977213294791,48.4361118276842,1022.3915331273487,54.49878347864596
639.3687596178048,551.9364179457205,263.69508012235883,33.12593464483503,53.16703525936618,980.2627331532892,46.28695853180011
387.3018627487922,625.3809972229791,617.1596197154361,36.51757567000783,72.97310996816914,987.3876627107031,55.06687058777059
634.7617503416183,219.34024369339272,422.20440151405387,21.46353789751125,64.99126946088995,1016.8212131022066,42.51123588161248
614.9515196755883,251.0059673104359,146.49780545169347,44.65343261992682,75.46002016196452,1025.9023813221645,31.838636827648465
226.7169871086459,185.638683018448,175.0941026630387,36.471674838610255,86.34130402909373,1020.1450675358116,19.374434210334364
504.7767535321878,760.4247549052926,163.22699953890378,20.824240893520518,33.57139332752082,995.0156911215007,44.48512523468056
446.3567124430399,219.8218675862414,338.024006601532,43.495792364991416,62.57621136221357,1001.5567833340707,33.506317664939715
668.3759621794079,60.29314736187967,512.0067490102285,32.24182363347895,45.740549624802114,987.8027465838628,42.34034324664777
881.8836163828561,498.94861878496573,795.6045264218748,33.61553783675635,85.23829749029929,983.6042966355366,73.24914811190965
754.4117586119703,154.61053580662417,445.3118387590288,42.157573206481246,60.33627970458768,1002.8483714207747,45.08314238291898
135.51295227217508,212.6758350808697,712.5006861766431,30.743223460976807,82.16278513854986,991.7975740181824,38.945691067657066
662.4958051487898,607.3645224075822,155.04086008542768,29.320945120908444,45.145405777454975,987.3835529600767,44.29744423010826
290.2460746093295,628.8032354458849,357.52478240447124,37.398815698414865,82.43120783611083,981.6539083305893,41.87247059783528
702.458848838347,251.71369426157565,319.93156698311725,23.414046929768066,34.38115407317598,1023.2642494353045,41.42243897232237
246.83357785254455,558.9404866619927,655.1019691019643,21.78328811429973,38.303701464177614,984.9096124098975,50.377300699514684
601.5156564293967,494.50416821734876,160.95306663163228,32.6114434522476,68.94771879423007,1021.6190250486538,39.31871740466765
201.36416251909878,735.9949669436693,292.56030373060423,40.23685483959882,46.509050787302996,997.1428385598657,39.823186033107206
100.7708968973641,239.95130530845722,604.9924014481128,35.144436884334716,69.41096440992308,987.8562105215528,34.421362124099154
448.4236397483473,652.7415341168429,416.39945358808603,40.26827937944513,50.8172914243179,998.325939716876,49.690933359479146
853.4855299991631,792.5153201131357,429.9679171030669,30.244390941212046,77.01004093591692,1026.545621033367,66.57874218749164
529.0972959672845,736.6841006967867,458.0106475377936,28.601354420077215,62.76396346778184,1000.5366694471468,56.293867801433876
473.8866981513769,92.00256555758483,772.198884465921,27.187615158087816,33.614835762926624,1029.3713391098906,47.8646332899057
677.8056298459069,75.68346343215353,90.03994358366508,26.45694588704824,74.00956536316713,1020.5198740031364,26.20627054168842
222.10554836894963,763.966781122789,558.3290163613376,37.47670979153396,71.50163136787123,991.7839775479878,51.91533053920566
166.3404087661312,91.00997912076745,728.6133062637389,22.565313137692883,83.39025550555012,1019.2273611320355,36.86504388715652
175.68383219541116,52.73838764602946,460.976596855718,44.68655617104927,34.876468609793854,1003.9707948628542,25.29173046947194
430.467758677659,514.4615952461936,170.00343585402345,23.792232865072855,67.2382516906762,1007.9946872289946,35.14801805187652
784.719448589124,168.39541474878513,686.5810788723815,30.287081733102347,56.80209279615916,1001.413771308834,56.05668905503253
643.831554895171,107.70538228059428,225.99075000033932,40.81604916942092,69.12139209237887,1012.4532277829398,31.585738115286528
257.5216441954148,580.7542431906273,627.9841552185081,41.698935650643236,54.01059882681229,1006.447268144401,50.26764283032159
822.212943138251,173.79430088341337,252.86508360655284,29.291676679664995,32.067778824607856,982.5646442630175,39.99482066491204
390.90176373990414,539.5214957593362,217.62516054184854,42.18936591704872,80.59932148015518,990.6333462094533,36.61770420665115
568.5650001023566,316.76061359607627,739.7706746774219,32.15950921027604,46.257077375778046,981.8940120078959,56.15059539804986
488.6801031266879,439.0563764344555,584.2161094748061,36.833280004814526,82.4737657651191,1003.1431131264178,51.20073876582654
116.52784063367933,659.8750081569349,92.48006138302242,23.457376925888596,43.05874734388861,1001.4236200413684,26.991287919039326
291.0533453651565,721.6833829128178,479.11391883916565,24.405841687964838,34.23690221720406,981.4912513826858,49.54665860190586
794.5603822210066,593.3177718188798,699.021147780386,32.70867681461935,74.7799558363566,1020.399938962827,69.59719053241203
665.1115883712338,360.7816798351283,786.9390931166073,31.136942990992416,60.50789472089687,1024.5977111697898,62.254361770855155
244.910090160574,272.13980308194687,574.932919732166,44.01913782160089,47.36382536049646,994.6253140849966,38.50881358656227
798.9348199767893,699.3254356151187,722.4663130398783,32.64650878683566,81.11593673955363,1027.2202728675381,73.84646018935237
160.61292693332064,765.116989796752,691.2236936888899,20.953989106597987,63.291468662257394,994.816927405474,55.42084524945777
834.3670380579655,93.45754988187397,586.0109525787043,32.87144416528266,52.273500548785236,1016.7988553157007,51.275175741343354
582.6269520212168,169.29316634668172,297.7021469319734,37.90145049613547,40.20943031008839,1001.9559813663388,34.46568942831589
799.3134317816928,165.77933918265975,676.6209426555425,27.14235581595858,31.38797153605524,1025.0415460622285,56.01762083515227
420.5208762380105,133.2721862981304,241.71510338658587,22.029447643263286,53.95814416536123,987.9647500342999,26.28239601154766
479.47252317856544,212.6159607385281,551.1794329531008,37.889175795041545,61.092672586790286,1007.1705094477866,42.80983183563684
888.8595138505161,68.95271939675061,95.73030397367165,41.08456449421297,81.23611673410869,1027.3482026076952,32.56357915636487
278.31343379923135,727.8773382906685,148.34645544227988,34.98684695093864,64.8159990972002,1020.6855750574919,36.1195813803882
828.677696053395,229.3664584200499,536.8021534183983,43.70869712456624,35.03798665491055,1003.8911333277382,53.21341077093929
319.2322755092175,329.98269680201497,248.08076013829483,30.07562018595272,50.93264947718583,1019.7364818076508,29.39967957486877
759.0364822407157,97.50796009536305,459.5879831308549,20.80523285506495,75.74651917347579,1016.9389447821825,44.07985259531655
794.7262679349938,626.5998696214607,594.837987421239,44.87164316344098,72.54428882389391,1020.4886431580908,66.4333036235432
660.2893140987143,737.1666276358329,446.5011022070861,44.253718237682094,70.13996515732518,981.516509883495,59.783722340319855
842.2356547898349,62.58205149745856,221.46862014345675,43.64901648529948,84.74617267105893,1016.2443025460805,36.003275994357075
788.8095442711962,342.8348850151229,117.73600029169023,30.482013370173483,35.23673327653793,984.0752119455918,38.65877289025718
623.0533049527036,495.6964671395788,296.83593996529066,36.723979790571626,81.1103048724678,1001.9979729264741,45.4359307613801
183.51939196212052,561.2618600268007,672.6856359116242,38.34277304697564,80.0287141551535,1020.8674976623918,49.250862996132604
238.6471736141348,646.617324562511,147.8344963142755,39.89842873676234,68.20615113886869,1028.819769864234,32.4713147978704
733.9205094304004,258.4042888660769,591.2880277078991,44.43852155250066,62.37908548840228,1027.6767768646826,53.42126505721029
461.05351222020624,209.7585162830763,411.4011776623058,37.88262947012022,77.90826061509699,993.6848607438111,36.58040796159071
184.84289512738428,368.29566833347997,727.8820853422567,27.348275974206278,45.819029461984236,1020.8273712478224,45.7094403175162
600.4233181965939,312.8255340754638,808.8045408595762,44.57510235600792,32.16258385001049,988.458889960543,59.74964720254477
664.867716711141,364.4519559486436,116.51699002914279,40.39598932798828,82.54177223761215,983.8026516911754,35.54026978095925
851.9144145448155,226.78532575777282,291.3590692229253,31.170289952469172,40.25128285955428,994.3845772610897,44.01535497799466
163.19165026508244,352.5888276984752,364.87951514716235,32.991789861020806,33.13781818099949,1022.9070043149502,30.068594944793222
308.61965186831833,342.62970734933265,171.07925882152077,29.34658594316675,74.47321081496878,1021.2248500974131,26.380651129390362
510.17190525310497,471.8548459999599,684.530704771468,23.34643520322622,57.85780221924541,1014.9452161859554,56.842030728450666
818.4748082852002,798.6817846738314,243.92553849534622,39.528500708050316,32.38587113815751,1003.0628761675088,58.2717193285848
625.4711419142606,562.191708121476,614.3041148781522,32.14682815283735,70.45423413380638,1020.6271759121353,60.202050096198185
177.81607042925492,288.7517246097957,214.95774151992146,24.527499702070227,76.18503236449226,999.7071901662202,22.595343511968377
844.5689934647463,535.7884174707176,217.97326594281154,33.447346362773644,83.71925278084268,989.6087860087408,50.12965296577638
234.91478802214613,442.9936153528582,484.5191959494249,36.19330751428102,85.41448797470332,1001.5479475942982,39.71801993922712
875.2387771089282,137.59245977791514,198.588823441542,27.742556730667342,76.49400998007467,985.01100293338,38.32849004426697
642.6397297616277,498.7493594551748,304.1596488015674,42.42210766819855,55.12889742113652,996.2606941463138,46.408058628566764
128.44451791625806,213.29216721590242,317.8875614458312,27.23268579491034,70.98153511748939,982.7984122379746,22.967603011798065
852.4729434944512,747.5831653048871,174.1258809877722,42.11608074997477,45.89730180987907,995.0720201830665,54.96671850349103
688.2511507870137,79.5277840095812,719.812464844999,38.11136272682186,45.66239497090821,989.3803144702975,51.825866637697814
693.5113150494893,264.13308046759255,770.9860618667215,40.62028123325982,44.73409563987791,984.2007087917809,59.568774340181314
712.1244180917827,736.7566602769964,458.9328772033646,29.525423234336927,66.38996294416822,1005.2433464843875,61.82374743919795
598.6123274346296,60.52113518122716,412.99845870267035,28.101715201610062,85.65995000573064,992.788867576597,36.29394222658252
844.1807377271467,259.5884600194864,802.5050684736283,35.262644221472875,37.568750892743,1029.8326609820613,65.21327867134411
832.7700061382495,357.1371911448891,239.90110230169677,40.15063566388052,58.342337957900625,1025.8421468372017,45.29326001056203
656.7249107230191,564.6404614338345,200.04505136779437,42.57430733295855,83.05814674112352,980.2256370762462,44.64276321941738
669.4644158125571,154.88251174973868,480.82273206890596,41.6036352640929,83.92914720230931,1011.9266006989484,43.963317109625116
604.0658117388505,165.86294159978962,261.1061452960778,33.96696817515228,61.842151275077384,1023.3030387466516,33.542108412002314
404.15895039150155,345.8775341713861,460.4095780445878,23.67637742696126,48.025884064243385,1010.5634073472853,40.91747765867014
381.1418250283516,633.5662326658191,141.50257696023283,44.41879349980097,84.74986430570914,1026.924085840336,36.10134480923443
730.1961731856563,134.56945802093094,592.343943707444,29.063650317229133,58.952017717770595,1017.6808031672036,49.636726684495386
683.279470737975,136.68202898252989,143.79877081111255,36.525891205473435,52.05544401511643,1017.6148706263523,30.350795824059652
280.1285803551573,135.0939163299289,431.34450610134024,43.84536792711957,89.05774046598148,994.4949667728675,29.710455144606193
777.6212324701188,594.1200039922771,705.6852338462139,31.288900994824697,89.16727379548324,989.4132183067169,69.37964644772043
507.9693001011702,207.48988759744705,316.37556215147015,35.869120958327244,58.89243168075907,1009.8459957789257,34.11879811701732
335.9766133149092,747.7829366870552,94.53581128866759,40.112953567320695,85.12399167231558,999.0073933324683,36.294218951605636
565.0031018017366,85.26391787253766,401.92982424237084,38.59928414527516,78.33432645548137,993.2342569571742,35.585203559923066
869.4819690401503,447.7043749503682,160.38119440367063,39.452264093740624,79.07913738163485,996.8783431444956,45.930838095862384
544.9960347756967,238.36407471547219,844.2913346204755,26.41177386600706,50.54588924853566,994.1229539551623,57.27245666955408
720.3855454134447,710.5487606795211,376.5326181004071,23.908086444540373,76.77317624694345,993.0213605718482,57.98933390680526
631.3687105494836,706.1623617640232,693.3521830594714,42.95816014977596,53.438655938316266,1004.9770591534016,67.86001949178406
241.85238065057328,658.599004738666,286.0551928487664,23.16899940235674,72.0774279360183,998.5594516686465,38.45574927562784
696.3297954884669,81.89988723844198,187.64072316538295,40.36074602982005,44.75908257991,1012.112602762709,30.85251940842258
762.3082964235707,153.34828600961913,690.8144906148912,40.861377987341655,47.23848308829925,1028.3446018832299,55.10227709759134
173.50204431317079,720.1813773091546,779.3388353586654,23.2147847454312,31.770804537321556,1022.3943295414886,57.984056063016375
802.4777844753246,230.32826931407092,368.489589667185,41.82384544147573,67.86250287620923,981.9702188219721,45.72376520036926
758.0352063911234,480.9302544114631,833.8187224500061,42.144017937254596,85.57576596744511,991.7341378363379,70.52171272207785
283.48426942742594,588.2044761660882,784.6232305686493,38.82004045825758,75.02009444932682,1003.9159712697817,57.53559159055139
784.7083197507543,137.364139835963,538.6052862974941,29.10406256276364,80.25586281040496,1021.5245492017309,49.20638523950128
293.31171845174765,694.6497209469965,224.69169343020965,32.679354188073596,40.566111003519445,1013.7513537300854,38.62651091917071
153.6349951894432,742.0183093289205,131.73913195953546,25.85338214842176,47.665046492764326,1004.7255299671943,32.13916441393233
163.38945200877566,439.68283697613316,845.5567250344377,36.01555330605906,43.339057260112185,980.9442008637236,51.91443767092477
633.7539167839232,92.10013539837887,768.1440522082149,44.6194925869038,45.07346945813471,1028.6359327409227,52.50138365379767
636.6539676614246,699.9042435486074,538.0496554035219,41.01444083874644,38.403724004227755,1008.1839744663065,61.61873255244184
888.9905426051812,79.09899839271392,493.2241268341528,28.48776404917291,79.63238202372875,982.961085243278,48.77165130330297
356.77620082597184,585.3076995161479,320.5649285849529,24.6337385087305,37.60252871193778,1005.9170374566412,41.085114153661706
348.7079580629512,234.7855459566241,322.6705818891124,26.782074408137625,38.7475219577332,1002.7857200583043,30.41162839615176
857.1622862042742,471.5126323386043,357.43682972212133,38.40628849091173,52.345813195569804,996.3597866211658,54.157720745171204
277.6576631119645,540.9329375142552,225.95450331890444,32.662712052449024,51.85431680124938,1025.5511791956512,33.59589815154277
677.0484038463493,75.35730849249715,264.49135765378196,22.823185841773853,49.71813349746688,983.9213162902188,33.151825676316676
729.1178439738957,777.260203920235,825.7794353144606,28.063034415132012,87.4802579912087,1025.40316923371,78.22251884940235
285.6650446575513,376.1893709304299,377.94222037331616,39.91882558456873,34.43404783654397,1017.4092325653048,34.97332128257208
389.4799569905403,468.97561966734344,235.81308108387864,37.809365653691955,67.37181975235771,1004.8299019884605,35.186190543091655
392.7010721571229,375.0729617361055,463.5516257732585,27.90150029519433,43.857530551739835,1016.3188747681907,41.5752860477272
117.11099212488617,434.5526641938838,153.66886216917834,29.307570178160134,78.18823771796653,989.2410736376781,22.696664176330234
775.0254418930763,209.5055598709727,754.7954059479518,43.56028168660711,61.836875682638706,989.8353725778668,59.72774629083955
103.80905928325942,770.371363508213,96.48151376925989,36.80859114461418,30.941000987057325,1007.3661188089008,30.08467323451457
488.7670240280058,576.6878990370108,577.3687422624547,34.37015406659106,66.51521821573418,1019.6362449350331,55.05839738244869
413.4726408188928,584.8237476538884,810.1757434414391,44.1630127586834,66.1770476275677,1010.3888748974638,62.355921391841
486.16773974986137,180.5065524560681,803.807337985413,20.219461443271452,64.98294423235927,1017.2247213545154,52.15252228559441
585.1120529601603,602.3050543509661,606.6643604891935,35.72022977988817,33.732920392103885,1019.5098016370657,59.889087638901536
744.8620472809644,589.7234743722449,766.2720320752567,30.810357798223286,64.95839074734315,1000.6475015473844,70.68844693260655
685.241755166207,531.786575040536,383.3343874045918,35.118410616639515,59.127579702243054,980.44302040594,51.84422540238596
698.2466361853478,361.4783245271079,358.91184850251364,31.495585846629872,56.36745077463647,998.1627454099768,46.14822276147422
472.12040893293954,638.3832130006948,101.31762400617185,24.71092529903803,34.87877519646477,1009.8870875886583,37.3678136182559
673.9508234920311,455.04957555389024,646.3413781983935,32.434962841928204,74.39030780172698,992.8098880912097,59.723667099313374
421.71983715267356,143.7036732813342,189.68867993711365,37.50674141800092,48.77001638578497,991.7046052976349,24.550252510504777
540.7394896369051,69.91363821626996,263.4253079351894,39.8011778930308,83.35359652413129,1007.1346330636866,28.856606153002826
361.27501715340145,216.30687397614963,680.9307869486331,22.002323641300634,34.695409992395966,999.9375285795459,44.56468821183186
698.6457646296325,133.73208119797386,778.0151026353893,22.78087234859761,44.0687145837601,1014.0562683124373,56.09193948024377
475.6660817323049,134.50084674760106,159.5845670980093,33.26984299093726,73.99585384504084,1024.4004042375798,24.688390538317556
761.5426420437609,440.1512934571899,529.6617338283577,26.63443886120406,39.8450147619363,1004.323080715453,57.23728741816283
860.7505782389536,521.9583515423838,735.6468570004638,44.835156654313934,54.3090829085704,1004.3989249899527,70.90714217345867
249.11551406160655,283.0034062581533,419.94243035031405,36.646196441759756,42.02172474483005,1021.3519401720016,32.76126482360536
308.49659934375086,339.1232551577765,518.2252522172039,38.204989898498525,51.796537468694524,1004.2309889220924,40.15760572373398
772.335287837879,731.2754276635641,213.9350801978849,37.997897879003276,44.39860032037922,994.060750874741,53.66572467295869
628.4965313174396,749.46006633752,642.3157578283809,27.686791228204818,67.77440246149108,990.035730628058,67.03132824278403
850.1164433843,707.9313397911794,220.68436667024648,42.597382383565275,36.147148837768825,994.7976327203193,55.56880816207424
283.3970312194823,161.61417074570613,774.5601894044305,25.1502793069998,46.328472828490305,996.6263029764085,44.33274363513288
891.606292647753,245.41981052969732,157.24031974779473,25.807343634753078,86.51383445463708,1014.6960596651821,40.4003958852353
788.4181673442456,427.27551531912036,603.2629507941508,43.81518764033021,42.1293626380282,982.9691314553792,60.601328511667006
595.0487901930437,348.04783344482865,632.311949318661,40.487974235295056,45.20641594333206,980.2271689741608,53.58537668188261
316.37930352992726,171.75484131110042,293.94164086567105,39.4840051605629,78.67083660351858,985.9730682565513,26.40168997985767
662.892173597838,235.96865268026127,649.5435315481266,27.835272754506736,77.3961111175586,994.8501507667957,52.94756605026804
625.5413482075528,461.65555459519044,771.7800371991206,39.879837590522484,75.17531455964422,1006.6532435717578,63.48710857204712
267.23227695036655,626.0293203963246,298.9620633358451,32.324840095363285,68.82211326371129,990.5987945327255,38.756330453834536
267.7736097927994,246.6149570305277,659.4749457990972,28.162680028430547,63.27442249331615,1014.5731347214477,41.8106548366637
412.9150303859722,673.8214621441031,312.93609588931366,33.22900995625662,82.53782893400773,986.0527002725048,45.1195386114748
226.83304182515923,259.69705078568586,617.4165963987907,43.4496590689718,63.610317349280365,984.6798419102442,39.29256663427698
458.926525186512,374.6969725264225,255.38416032533044,28.61031626972273,83.30887207831717,1015.0597395435967,35.22407134440125
856.2799239283978,444.58507651015947,783.9928604623777,30.048521917743045,81.67588839936573,981.9854680989557,70.38566443165183
572.4395916798771,376.7314210391567,561.0431804942029,24.950347670785533,34.462560666332045,986.40028369865,50.91685760133913
409.2957591999299,512.3751665560972,730.3516526547141,31.97451010504698,78.76011365914673,1004.1714451610943,56.86419387886938
162.70944607396513,240.8654875572752,148.55751061377094,24.732854828566953,72.2060805776956,1014.8629608842919,18.04954843348805
168.5732827131515,667.9754201072892,477.8731074887947,44.32345648391812,57.265337015887994,1007.3799317144319,44.21138538416501
215.98718773661628,168.0656767648663,658.0929228528496,27.915741398446244,81.89099991080477,1024.8798122083272,37.845302849158465
155.48854519222974,726.2794513475808,348.94058430887793,22.710949809526365,38.89117381843609,1010.8463875630283,40.410663268549435
136.57553711805681,675.1697236498333,682.0718818970972,40.475748754815605,60.87077125580008,996.9836420720484,51.635233098920594
106.99864016283271,448.3774658620326,775.6319647563471,41.04265296623251,59.97881275112249,1010.1550972914079,47.686561770999845
176.35032210501123,416.07380145638604,612.5689477161613,34.43686568985881,40.92724434762963,1020.6567090443,42.275481615488374
305.28750672153797,219.11386824078244,592.0616382243037,33.30866358828225,76.63235797402831,1021.8192438938473,39.414506777841765
372.1296458724783,659.9085729529857,825.2856799452725,43.556969383326546,57.06508587840244,980.1338762408246,63.97257376257481
145.75745733518994,585.3958777200512,354.52821879882,24.366641124339104,64.17953350844351,984.4554013111959,36.11572880361003
762.6555095904599,399.1458557146397,843.3582903643124,29.686447224427628,66.29226057708638,997.0263903293195,68.58837257372548
804.6628734331367,762.4111594066563,211.0779151642315,37.49154881629229,46.63035597837803,1022.9735130689879,55.455337591763055
852.9350471393069,280.34013026021603,116.37108381958956,22.68451964962674,88.78123424052234,1021.3688503421386,38.65309867476927
545.8477949349028,589.1985995476407,611.789144271289,20.33179423922904,72.4455787979545,987.5692784748867,58.52295760532786
731.8175163003983,626.6022395665956,377.0557339652336,36.51448308104599,80.76540337286275,989.6173029237898,55.834822034619165
331.4297280062948,79.1573454828451,177.71091466918713,30.57006850503069,70.5310022263748,999.1348497494563,19.426048791441684
882.9388614847035,710.149623844165,697.560619301943,42.80178772071165,78.66074838013284,989.3268352720938,75.69507933194379
305.06404243446195,496.9332008144573,183.57254469436373,20.550404279870577,39.439318061541265,1025.1055800735394,31.40281908524213
312.6435644073015,266.94493494802293,335.2062129094736,38.58388641027634,61.97821613141852,980.6705978783377,30.795903497038676
665.4739142298652,151.26664064522353,91.27968086170914,40.048382851391466,71.25716659506617,1020.9610340841115,28.153403880721026
827.4350655024539,719.0095762346626,816.1150843269651,30.839216710272275,45.514544779797994,986.80878774075,79.03794262519209
230.43723999104557,237.91185899855304,181.1034877959863,40.205198385669505,38.41587396787338,1019.0698146347643,21.29461248152741
135.58952602270526,187.8451226767845,564.0160614353375,26.09335959865806,33.68325068274534,1002.9806551304088,32.2636819183982
164.20405880208938,663.6389474863157,592.0984971439092,40.184855189849756,70.62537623625128,1002.8724229379725,48.51923007440852
712.2522295790499,340.712631733425,799.6971039341793,27.299824740492237,82.85547229539284,995.6227774848933,63.57682999674141
153.09828063416964,335.6719269780502,697.2497152867471,21.541745276998313,44.54230216402724,1014.4353936443028,42.553094839836476
616.4424116959016,194.87504426241486,658.5686251337783,31.590454821504224,31.011037427959728,1018.222261805681,50.682268684100634
710.5762197112791,547.272234428877,236.71483221031497,26.592063827704926,40.83346407971497,1025.608242691568,47.20404691261729
140.7366740859616,690.3997295661991,588.8439264535174,40.96117236124202,58.349613038772176,998.7935120015045,48.48784916770552
411.5350363286945,560.4407571042195,131.30452081135553,30.229179557282215,59.82717763020595,1016.9063276907117,34.41145463544164
416.8558737651496,522.1739343602956,261.12753486260806,30.39024934097164,61.2733886357839,997.6113975440029,38.61599563826768
207.3170649166947,368.4689005671346,675.5239111631139,30.570518241932614,77.11431497347951,1008.7016591181194,44.29453541103944
225.62661935144172,178.9110363142392,352.3934682658364,36.57529970164887,49.183133147573564,986.9707402268756,26.231868400603883
564.0070965578154,651.280368779856,847.8122111057731,20.61585604373078,84.86337859104509,1028.9767000481907,70.37111240436107
664.4698850547554,614.7797935358592,399.7627482292821,44.24809733833685,55.09376531799084,988.3128470852481,54.36800028688973
509.1243530988077,509.35636237905794,489.4788128361878,44.09298868034192,48.963631229187044,1026.4415252538352,50.13357397778348
440.43527020030007,166.2613831570876,578.4221017527902,36.92165679269317,53.44014614560531,991.8720473856481,41.33778367083324
357.91093833021137,397.86411457671346,242.6664749087395,30.39597699519584,56.55077963183007,980.8553928429634,32.379910583557326
472.0429363908036,440.513329080339,304.1324140173284,36.911911316659214,60.80630950343348,1005.1536176448474,39.54198452482741
851.8035058057899,242.62755151681026,154.56260163276247,26.907094488852362,84.40259517836427,1022.6022645245231,39.015435784988505
208.44934093467248,471.0129501955799,322.906505042753,44.39283433363484,44.753496762392736,1029.7177550071247,33.30012893561769
631.0845223902802,145.93178590331195,383.53003764816424,36.051958464814554,47.47420324041211,998.6352508927904,38.65169075473433
825.8961581777439,495.53153965683305,632.4875934471452,25.28406342142956,83.70185261099996,994.7473411281164,64.94233467292312
629.3668714487479,588.8981161938177,170.30504279456238,23.860480378510307,38.214425188278135,1013.9447583987554,43.36015134105946
601.9412492794088,274.09651414064854,792.7923627692721,30.29823360436857,41.458291789259235,997.7262449586602,57.99282741337261
881.488020077992,164.9905231480777,220.93701259726396,32.98715077828726,85.889275337437,1018.4328823118219,40.231836800672646
404.7924835296557,323.03561835158274,542.4729930554097,39.24906531252138,67.7131423371633,986.7309427925013,43.53376277865354
579.9289300103708,418.7802795401812,364.6667443113699,37.34282281866189,36.00217255248464,1022.4525283584035,44.547946058971355
388.7399710139682,540.0284672364816,648.3526516861359,21.909770523544502,51.214413610186654,1023.5565748833005,53.797159214958924
154.0390900577816,431.3603558719333,278.74691864045803,35.88320603413085,77.87833489971857,998.5166779316261,28.71186012350977
312.7096813537616,319.2043566192165,261.3147058045917,36.7436330355152,33.77610786213119,1012.0604583098984,29.410009371373015
574.1602474165861,211.4995279405301,525.4462798625067,37.39846338806508,57.29946374714251,1010.9355845772454,44.587644455213756
833.3558003642034,744.9027025997125,656.9992278891407,41.45109435983791,85.53743932494993,1017.1749981213907,73.62772420448309
113.77612538520303,668.0204995419579,536.0707088739994,31.146537699785874,33.033131320625145,990.8521137708061,44.8967271027748
712.6370763279277,645.9512909745386,741.3211968475208,26.716721349887194,76.75121602133085,1008.8915812010209,70.41049889297481
594.8621829335106,372.0430220923688,691.7992569053508,41.92623216784672,72.83142161890495,1007.9818810238446,56.67912642699042
357.01810729457975,737.4676229133332,489.73167292226157,38.689676577230415,31.406018527770478,1002.2680981904902,52.423838823127845
161.88331172773928,680.2071065052446,655.390480521837,30.655821065520172,77.59775040716144,1024.859676461742,51.478331767863
434.24043122956834,664.3091113547623,445.9122231840483,26.067090715537688,34.40385231454947,1016.901297177607,50.792975204891846
536.5741722913356,618.2111988664029,156.49413927272408,30.60252790163228,55.166483345486846,992.4052389134903,40.90332670564112
124.0870276570889,365.21539987188464,687.757890323058,37.74126414587545,89.2108156328604,992.8680663245527,42.18938843879152
367.5887733134534,381.0094756844063,288.3162711067697,39.010815995349354,46.485122004629915,1013.0651958487472,33.99059831420658
528.3606934682173,91.46981580125039,510.00082174453735,33.858795319343066,76.76114106016269,1029.902439708212,38.99494814786552
461.12696913732833,355.8602669074032,174.00387937123992,32.846439276866064,83.53716354670765,1014.2922406584254,31.46977225619154
355.61502658335746,126.14661911885374,361.6207528164106,40.7599511551563,86.43846275327715,1021.6603340073102,28.917679483722758
241.39120995740714,138.33426560666786,791.4134327979973,20.7316958358336,47.64857650926339,983.0457139957881,43.04830157884214
655.4492883562505,408.84065620998996,603.2722671899595,36.38760852378465,59.217433020622444,1022.2297419814129,56.05958902458559
531.0868489839497,776.5087494134252,372.5481114918302,21.381122745388645,45.11202935320843,1017.1687319116179,54.129792411594465
705.7006043106317,672.3857548690987,714.9880239035951,27.82548998847613,76.06342024699913,996.9901429514355,69.94211173153572
786.3107567460737,168.22670401816504,450.7675768772089,35.14717484762074,33.47970698620579,997.6548465101971,46.666826898015515
275.0440380259524,214.79694150487867,458.89222463045104,33.361642355404925,32.88615346466615,1014.2579830913521,33.05091837114297
431.7710712767722,427.250356980426,706.6382117029153,30.491643228997397,42.07884661194503,1004.9497574091658,54.036171315832554
644.3384580675987,473.48017497931147,262.01569829349285,32.85890079858941,84.18687248678987,1014.7827808518228,44.01518692314702
448.97319123539825,166.5765694572479,457.97836736017075,38.25641086269881,88.77063739868484,1027.437380310336,36.78562751518621
553.8671767439813,282.98354163253134,394.3357281003823,39.8100416049605,34.06502356564423,989.6741931286347,40.87895067531067
774.4744742809835,94.4794799957304,589.4539688696432,42.72214816159598,33.13665513958366,1008.8826416867457,49.64677738308714
584.8042594662292,78.74072228970124,774.8675185355751,21.051292417112236,87.67575001255045,1011.4857911992435,50.90105019410091
884.5715128134935,715.1938009362633,199.849472655934,42.8923132039031,67.99580921040169,1001.6707731440011,55.98693831873006
392.2718912270665,534.1861939471357,629.0739468871708,37.982409612638385,33.43249893249748,985.171928620154,52.9567004307129
406.79381851242596,432.3112771537913,791.2605990937168,35.503768631043606,67.39392328258691,1025.0732881256718,56.823576833735196
266.92991933087063,332.77661485051703,680.8681060560436,36.918351994368315,62.192736971499464,1000.8008136554784,45.22592026768338
294.56149092766566,505.63884797811266,385.5617842364342,33.06044450301589,83.14405148123579,1022.7532878723895,39.42848153663071
760.3507909068626,117.41717940284678,364.52054978608334,41.87557730918225,48.9571494805669,1006.9005761150893,40.913861100734614
670.3693723481515,123.37413365884376,836.8457868575638,43.36631277851897,81.9095707260834,1022.016324590789,57.28613665451242
519.126430531855,91.64031795646775,211.91666262214875,20.52495812740657,59.551568251163516,1027.467216800531,26.79966895953563
599.055338977517,537.24015580628,382.24325062946497,40.07249500337875,52.10277541782188,995.709726994161,49.3785948686925
847.1993962421726,162.46738178313743,688.5698749236565,39.39236736008216,67.6760139529934,1014.9244392508923,57.83279833770556
887.2773381854676,122.7893820983469,403.9476647112089,43.013859148309436,53.63408417465155,1007.921413506399,46.459908196962786
349.98142900460545,253.50054275920664,585.4781099702924,22.07052179235475,45.24341195143062,1005.1539868994173,41.52358355172606
300.7591591814937,297.5965369362325,573.5380939492514,36.82336391679918,68.34899875225331,993.9368843599242,40.892194641501845
606.3577830579839,656.7847371946833,556.6251723315546,36.40433913703693,42.74277989352598,1014.6106947613458,60.159282500842195
359.6263406373338,462.34078101027643,198.54624783520984,25.496169340207764,61.25003149484215,1022.393290761459,32.60086356283669
731.7717798146676,452.57068803646865,262.8787670967778,28.41046202687202,39.77158951767416,1026.0700175108436,46.0454247194052
736.6946795452743,659.8299325411031,687.5470815388697,30.89720177597602,77.63845465668072,1028.7647288228106,69.39762162414611
728.3748123131664,347.2855648794462,371.2532812566065,20.79478974498745,89.72750655206073,1011.3232431935321,47.11994256604264
136.64468749870613,284.3651598241447,196.50232506461197,31.63144812927677,45.6208506506122,987.6946376630617,20.490388422270005
643.3970319762686,55.120472563323546,394.8538649330372,23.64750609269164,81.52735149359802,984.2132927207512,36.74967973350926
428.3656401080252,577.107111666525,109.99257588864505,24.143431451392253,80.41694571353284,997.7717279108521,34.563885588782306
755.3168240125989,203.85573874555664,489.3388608519344,24.277552883148847,41.20960941580649,1010.2215743216955,48.34873131682205
324.7909983050912,290.95064559280814,565.5400932176308,30.453647087490616,79.54948312719762,1003.0443198698342,41.093853045642206
461.7347232617208,65.19775538677595,416.13001823329677,24.322298269693746,44.75627264989114,988.1256965811133,32.45317508878677
643.3045537879224,558.7022634478903,271.9273711507592,33.91685679210193,37.038602168294666,1020.3422064113691,46.93729936310475
769.9370538164213,78.01407939510703,621.4204741894612,37.520294875657164,76.51081676119469,1012.0438787034988,50.295352963924294
873.3649362369642,248.7816850604499,330.82584597335796,23.073779260537336,81.80731608006923,1006.1506787533724,46.89743247785674
279.30435935369485,606.9394909282664,518.1819508935856,34.56736711384741,67.8936667433255,991.3916553121626,47.31459354420226
582.3265055726011,110.6621618265161,382.6055620591561,38.712219224642745,32.69748932214551,986.1882227781646,36.09388250433976
687.75112066215,313.0298994251086,765.9131209194394,40.321243269595996,42.38836402911542,1003.3341060998295,60.65995543939533
362.87148068114936,669.0886185190893,505.7348638495751,37.39000928654261,89.03705493048356,1010.0716911726646,51.18819752999016
332.95337814122394,85.5645347763251,181.44923579374102,40.83058622249723,88.54754523220306,986.9329345407928,19.81350681927611
573.3108486882084,152.182954678081,542.3027846018308,30.096086676510335,43.74829883969006,1001.671670899313,43.456925485061916
112.3043994612611,701.4755833493545,524.4086786228272,35.917700524686396,37.85920132658623,991.8748593454596,45.38974662923155
872.5723114109582,144.11627159417145,230.2860655454743,32.72272014591012,87.01984922628142,1003.2059234814153,39.712100111972866
177.37922791625164,197.44592938134636,597.2764766366079,42.35051905422995,61.83177629987695,1018.4704029372274,35.135813784392255
159.95566795606075,686.7216386179382,316.2897139715632,20.852235866675365,50.72438303839365,1025.1885806531302,38.05190775608249
802.86593007455,459.1203862782626,133.75135729471967,25.722789869818442,78.62126455841303,1029.713490744157,43.20964378237316
119.99661521863017,132.60847168789292,192.83005262899877,42.370601295028585,34.45001899590586,1004.0306547859923,15.291354712355641
250.75639778639234,205.49636153531333,689.1326242205339,27.086229145482424,34.10789924923077,989.2282098860238,41.252887748472524
547.8993721900306,193.6569263114716,351.6270237234642,32.77096734085745,60.30148483801537,986.0031262416633,36.31176990398363
662.3738916952933,504.65663654782145,386.4598543132872,23.915920300306126,73.01211796370328,1005.7383310035394,50.46931001982493
282.4610446991594,463.45640514586137,782.5788064254381,38.26694422839797,58.01764332173775,1013.7136571070043,53.680675752368145
200.09749401117716,763.9098049559967,817.4258146588595,34.86892022843489,63.7652851727702,987.5004726107596,61.617251555369606
530.5669887553956,318.28277968894184,694.913381441969,32.97464423917649,37.64212387228455,1026.7485030053047,53.26202831100888
108.34559001294473,627.7504566264474,689.1048733907901,26.262121120492715,48.635363528724675,981.4422438501956,49.64707633481337
180.16303649310768,566.1358334078116,84.69583003272335,26.452076029397126,71.45637942248771,995.9741563102006,25.77679929833651
807.4994656240723,484.82451300297,679.1656620941902,33.29044050422141,42.00037588410755,1027.2675727426542,65.93634584257889
672.7552695246548,418.7848725156021,160.5545829043079,33.2973061844577,84.53552831757504,995.8451665722718,39.16838757738002
888.4525402476839,143.01146183926352,162.07119345576004,44.79696743967147,54.09379516476018,1000.8641786792675,37.426767800838824
160.647017301093,359.44919527594067,752.6913262860905,37.903528674064006,68.43937425080131,986.6198982192332,45.710539428754636
554.4676698181345,678.3048581670129,744.7954168380926,39.46405516434067,54.00037009600119,1020.1035246292577,66.77499251307812
117.38985929406604,186.99152284770068,801.105181033597,39.78770590111842,72.80057065872333,1008.2098670798902,41.175648705596885
101.08306055357544,467.4340438545027,267.1107841855155,29.12573127314183,82.48688187901702,1012.140328254197,27.739944499662965
436.3448612010125,680.6901365876013,195.85478505425306,43.209267405168234,34.394145622721496,994.4939150911496,41.34524133582853
378.20063080961626,87.75617539027098,493.82883882089874,23.2173048131742,89.81589510610559,1013.4134349651447,33.731857738832566
884.8200521165568,447.3579441170745,209.43810606880427,42.14597863484644,79.07998347465197,1027.2718522612697,48.34286412976111
298.7347753218373,473.4894485164135,295.7184041340397,20.851214798360378,66.12414451789888,1007.0034755539868,34.995462880509116
254.67248349563266,236.50562361518655,650.6066357853836,20.818052104668936,60.85268052706747,984.7457582784306,40.75960864473991
642.6842984970882,319.3769925341512,154.85731302248,33.52124553209749,89.56180041038667,1014.9643961074298,35.05613125183638
214.31289579867644,297.0940047637233,735.0138178622641,41.59084519255099,45.30791581025924,1012.9677755738281,44.74275973136256
773.0128019290881,531.599469290737,180.6112161996769,43.09910481974149,34.06525121698402,1026.9637408330766,46.36281678458183
269.14681275971327,652.8621251929163,478.19444335080215,36.680036246041325,34.63426951809705,1024.8919317839354,46.78804587261097
545.4089578196986,792.9503865603145,693.7405765187501,20.119298221948114,31.322968373406642,981.8400577457912,67.90040339215041
610.5623639395544,518.4073503496677,136.35422526628614,25.775543629140365,71.82419006642189,1007.4274636275862,39.32326043932811
585.1336101252632,437.8868557714806,325.4201309331605,44.773109149709825,37.774262808751196,1013.7029580609342,43.707419214228736
793.8664017565646,641.6943361756082,602.457348767623,30.45894954480245,64.59144049097293,1000.1221422084217,67.1651160886701
611.1625728156772,346.6068999893804,563.7622852656623,30.965496403588652,59.57211706834559,1028.5112041024167,51.28357559477822
603.1846694746434,78.57817659404391,623.7572401282385,41.57443143764627,80.13398171695138,989.1085329129189,45.40317498719017
484.31236654539254,656.0072289483346,796.1582115692252,32.19646721259813,58.82139886722911,1016.2235763953336,66.05591632758083
766.8247999008373,286.6782495945647,828.8370996686706,24.610008159148887,72.72439538541705,987.674114060396,64.75857547160888
283.9774694606215,571.8473352156494,151.4541141021166,22.81677287012232,34.481484283939466,999.3918894590194,31.73290870437279
570.4902553717034,308.4391651244545,655.9251812415863,27.093491469657028,78.14462741809037,998.0646619226461,52.60488986454819
857.5649442400467,95.27928669979056,309.03315515289876,37.18123203291123,66.49555193958857,1015.65743511522,40.94665313431106
755.0851532189765,300.5969034040504,264.6073081695965,21.431213018917667,53.894331784538906,1003.4594483464533,42.25475402547467
598.231201614222,262.6618518021271,104.07447086066276,22.04745309024474,49.56435994133808,994.4177436114073,29.989770436916984
408.88064200616003,428.9412806066474,803.524033992636,31.168253735033744,39.231026920267844,1029.8668233787303,57.275619038089665
749.3931483101343,396.39300029947935,551.4876904909183,37.97391364090155,65.47030840087241,1015.4274666351749,56.43309207792514
131.13118830575593,384.87654462034357,810.9292158365444,34.22614680456461,55.47947590124717,1003.0478724559248,47.91740062124477
418.88192892668445,233.80646991868886,749.4313577399182,35.3944774235316,34.842505309879705,1001.4793565069137,49.55790627495793
824.3779232964022,619.0083076075668,308.9838169979048,44.04785964482723,65.21773975940462,1003.8070229750916,55.66093960703527
133.63861602276313,248.3291193653448,588.3531310970794,21.17585613825174,47.73045451712525,1022.8513773161347,34.99315730552642
679.3225147108601,533.9318020251367,508.4410872209123,43.93974192210456,81.24924869441514,986.6511273237093,56.73527299091639
198.76928528511613,790.7648328212325,162.56013969415076,32.165773840095866,35.37569294661451,990.992916737255,36.18842913095649
251.84355194322262,277.7542629219081,216.15804186692952,34.603420899996706,71.15608279306505,1019.1254818889797,24.534256120631103
622.4477483806268,344.5292291773628,256.6733272593581,25.756241406856304,46.06621840507148,1023.7251876287683,39.276242417114005
759.5642482882322,779.6944957797418,276.11626205178027,25.083694303573363,75.7412427315535,982.958000699079,57.22241280411042
406.61987627737926,412.37848421772105,132.76945105742877,26.10576465917282,80.57943368002859,988.2714572173606,29.88072885715016
687.9299757259968,664.1002812732571,679.4062596914,41.72318395176583,50.813056390546336,995.1829842898699,67.73715809763362
777.2277769210484,145.93363246817148,742.0522447601951,31.896120424321715,43.0002399651477,992.1796987178544,57.3769320720844
818.4128969533051,543.47147005951,200.29795628567268,20.293916172878237,86.50679136444317,991.8203035438339,48.868449261811364
838.1141070252576,528.5345675020053,456.38421749700393,28.505866858174493,82.99628177663425,1009.5231027767436,59.254828935698036
265.6435805258611,188.5416624433458,210.44954919520092,21.943940792647187,63.37889176175063,1014.2976576867428,22.043539256884245
492.3439357321934,531.0195504152671,727.2694390337368,25.27456900633155,49.8297420601543,1026.6629534826102,59.79168214577328
299.9358451991409,540.719727200134,160.55979871629137,33.11790488473946,86.66956419101561,984.7839774571086,31.642059120629902
863.1001497143017,58.74012886145806,309.0813186485833,44.11928581752777,49.66202773224312,1028.8935250656236,40.018461103216126
346.35101926951063,200.67711899659983,364.8178420786233,25.950261229031614,41.89202903134094,999.1950764471441,31.003557831128244
162.47047176065496,92.80790854486227,261.87398294716,32.990904216857565,86.86059937317327,1015.6004226214621,18.133310727051917
701.3410139647178,730.3096636631711,569.8151956605258,39.57797919833273,62.57711102035352,1024.164010315187,65.74212815525769
686.374614244687,405.6345317989728,531.3518424515172,29.313036832264526,60.06284318811701,1000.3396488839356,54.014348079370485
224.31639834309067,149.4709899152985,645.4822576261173,40.55182101815384,39.76669635368036,997.0787855846067,37.03291195279637
865.9106184086678,168.25875361596405,193.52643470278588,43.18516699743348,72.14584227059494,1000.0528094923378,38.76613854885039
204.20198801916695,352.0987600518323,832.9295960342233,36.67881755425768,47.5985368801231,1010.2827568521458,50.00620628349891
177.71461209510502,57.753898242861574,840.4220106031241,40.849990870754155,88.63996488697056,1019.0224898489683,40.68093573426397
379.26677055929525,366.03051778460355,282.96979423144546,28.348398950765997,66.05455429589992,1020.3266851715813,33.67771041957478
606.8066214421053,752.2440369008979,306.7334474300195,27.40824874007184,37.28573155876716,1007.8066581770775,53.04085764749088
816.1433047331814,386.20552115248864,753.935978224321,26.43800613146811,72.94661314925075,1004.4928643973194,66.22790390554295
736.3688377909591,538.8811957904462,169.12489335135837,21.081738579289777,76.05832428776893,1029.5617663242424,45.02249674149649
832.005114639901,106.37733792259223,657.5404256489348,42.941027211127995,40.492370163680164,988.4665786458065,54.4530906028322
700.9137405935043,584.5313603913871,519.7903999027398,34.15618597075462,86.3453697303948,1013.5269935746398,59.35496902565633
759.7252134842842,454.2819606068497,396.89716788147325,35.385164413324596,83.36805443877529,1021.7875995878945,52.296101937992944
541.5469107604856,376.8946576165443,539.4543193766993,40.30367289317033,53.30170157066636,1026.274058164976,49.13141982637887
345.65147877637537,428.64028366854785,750.810035124837,41.090746320376326,34.83315991543706,999.8969699701788,53.26115427834118
295.92335447035003,373.1579961347125,630.4135173583563,29.143433038960577,32.869961244950694,1018.543251606329,45.28898121248613
254.06512261888912,485.3136961690186,147.05786082824355,43.878741566789365,74.79306314103165,1012.0437689838518,28.063678996766974
270.2732283961884,616.3692939850945,581.1881779428832,34.440465795717174,45.237263317171085,1000.122719094402,49.84680278915381
658.9791624615448,714.3570510612254,744.5290495815815,41.05941098714056,47.356845923572436,1014.0334721503546,70.98124838894637
331.73214447582245,406.60686572288864,565.0729278882623,21.292255056505883,41.34541075751758,986.4731283685452,44.75308742149182
722.1242765677973,287.3613735778017,86.10692347751824,38.36132543175898,85.19834318816314,984.3407407956794,33.7288464434687
175.52108757134306,643.3618912358523,552.6401142034081,44.23535153090114,67.72731016393193,1008.2178466689866,46.67209393235218
100.7391137460501,687.6879035590119,174.15802246621325,34.14322850991398,42.77730975936933,1001.0852103311657,30.61913141780039
684.1704212537758,224.52762214727733,609.694431901492,31.46375113299723,63.967834731850125,1013.2375146589233,51.64871857809127
272.1601943341631,761.9310763680546,318.72219472084925,32.88770525966637,37.416264734207324,991.1970489065375,43.7716259099005
286.8322100307919,328.7240967112963,645.9134584053878,36.02472753142665,80.0227636342995,980.8496636226969,44.303227538478154
567.3039592919185,722.6414669550485,665.8677864447619,33.86080944641589,73.84807261684168,984.9622861289795,65.33307424519948
868.1474649793754,672.9735684141309,771.4506749336533,26.644872956922107,41.01325896494332,996.7009429672555,77.09165799915131
747.6332964972693,446.69008299980123,696.5617231047079,37.84848429944296,35.92848642627963,981.8589222284974,63.69217030910043
497.1720212218764,274.78139170388897,745.80250836487,35.281683245408274,74.1935282486093,1027.5231601070402,52.99070272236776
312.9060591300935,142.35921337593783,246.83058251716628,32.0302722399819,45.32628179143225,993.2659584069916,23.531181475867594
211.35850012504596,485.2837095966677,814.1523091170436,41.19671917068001,41.345222399975064,994.9960523137889,53.46535865633316
633.3721391196989,412.31982756658755,635.9415830109917,24.12651493590343,89.74946049029052,1019.715585135405,56.80842232102826
557.3087763290307,185.35205516662114,205.72144066873497,29.2380717843985,44.78506661548897,1005.467564172227,30.508682571618955
676.7125176072402,55.67973718087944,98.79761683914917,25.36271437307974,36.62150539135526,1010.6060046555798,25.923672317209554
516.5663670315316,151.20759412705655,189.2318687617123,35.04690696403913,32.90463123963226,998.2934799658351,27.602493585226135
192.3885145710546,587.7166983406971,585.2732493137084,21.03436475952743,81.07361023792707,993.7370101875017,46.81408635990089
196.5042509715964,632.3873978624538,823.6162402044811,30.24504596277407,51.93629123279206,1003.8100097796685,57.811399073200754
426.8541583439438,139.51094140594523,591.1659031062545,44.98654227162205,89.10246391302307,1011.1652886137182,40.637589116746845
245.33803185803285,243.4178187928551,406.1905493046689,44.52662849146025,47.17290248991446,1016.8107680101326,30.91029749171339
641.5674086003604,202.68884957470723,761.0975340641077,27.870274326355368,78.80774119767696,983.2843624572795,55.77158910781634
686.6617517894676,500.1509262913903,807.7131065965126,43.0524279166569,34.3166641899857,1022.7171893397544,67.91290460628625
577.8872958257937,275.48518807768085,210.7792070018742,26.912505291665276,72.99713002795664,1003.3963261052728,34.032342797179204
618.214165474016,753.473762346649,273.4565738143501,24.881093288577407,78.0755670920357,989.8347713002652,52.08890078719395
444.1167069548019,351.38497337174323,461.86127641125955,31.549626732243212,71.59904439040204,997.2191582548351,42.33950146624674
838.3356084896692,417.25967031111617,348.8380739975629,34.434799077840324,38.94121999831339,1025.4102113524068,51.62138132392607
851.8670418107042,460.4150140541711,521.1146805287337,41.42647027328397,85.5942948328997,982.3567427423684,60.21304889709561
587.1292049600429,167.06549455806677,351.4178763329612,38.47930447694418,69.0567560923291,1024.9331240726917,36.68255603886174
426.36816051977854,795.8123534990275,154.9649529036663,24.20880105930835,74.77112445653151,996.8586274488356,42.86401353671083
502.99537480544893,760.0146835893473,99.80057136822117,44.700562156770005,76.90416930695363,1026.1106984547123,41.88232460657274
654.5506910640868,429.4095369937002,536.985128775019,37.80375246866517,75.84647718831832,1002.3053157606287,53.99821199273437
578.0103929380318,736.1571945879604,353.43537949775595,22.4323654396597,48.30581499091674,987.0983771222544,53.56244280569001
313.75320221982895,77.39846758072184,329.4977467762475,37.56326195892862,30.688624549884153,1019.5396515238214,24.91445996506642
172.7806463560662,290.54136921174756,682.5180523619773,42.84308224612558,72.35137020088726,1004.5068656231327,41.20038256151351
330.19581266881585,361.828389964177,765.0054586314776,39.81742171488348,52.94637153549331,994.6227988308478,51.3609444242489
573.9158952940361,269.4761169140364,230.07786144452535,35.25380858607602,66.96475357004758,983.1538818559601,34.50487482402319
126.97457800639383,691.7848330095437,103.78257040823718,27.75307994859045,58.71527204270841,996.9163484262332,28.714085146807612
676.6119726454721,508.42503344153295,218.4338909028472,38.24964548850426,67.78725476059266,996.4245789068365,44.288465818724035
414.97781313909957,752.1999162211478,226.56270783969427,40.37276077110368,85.39832397534737,1023.6934731959052,44.07784019439519
625.2002486327966,779.4136710463556,806.9746056640099,31.926795174180324,65.20175221179139,1017.5764525969824,74.41740181693497
715.4322218566274,627.5261974640013,741.1321329664412,24.75562559182376,84.06089418591264,981.031548402925,69.9340378982765
361.94721192731157,528.2830916419904,255.2013773367629,26.268724849179073,69.87178703729631,1004.2133131553127,36.91496420054957
519.9397924300165,589.2147483340318,159.39284550318052,30.146754967778136,54.05196431878744,1010.7590864824169,39.650350043048675
188.45771439376247,691.7786773822487,617.3737382380734,42.16338363834211,48.850729787099276,1012.6317855690057,51.10204128280327
616.3948174668467,298.6994135461118,154.32645999858812,22.132343425459688,82.63753709704203,1011.4446868454778,33.62588533033228
876.6053798991438,237.46645359840974,767.1312048876445,20.19628612915153,55.572722636676204,1018.7402409615047,64.1074032004324
105.354302892564,492.3649499405985,835.8419417264852,27.00742392082531,68.86387484785041,1020.1101046568889,51.36525525405428
319.6069927144847,600.1366264120928,591.9905803320294,44.26427548572438,54.506539038731184,1003.1690114249668,51.27193178707851
672.4127934943581,490.681104791033,122.24191501512769,23.24013148875629,50.760953944706955,1028.6837258559303,39.78249354916684
732.9182514842405,760.3036272755006,597.3500081462827,26.13214801129891,31.472205506889843,1012.5862078085042,68.69065668864354
722.9414810132369,476.4873094357751,176.74441534023885,39.46276333434473,67.46727823828195,1015.5524919723031,43.052640327079914
635.4407472277056,80.15166603595421,766.5361225972637,25.10939226820513,60.30541482274624,1025.8479488596695,52.12921730180035
704.8362912597014,115.34616623498235,651.1571484949378,40.14830889970908,48.171098777926545,1010.3327356103064,50.65175966463802
309.3362390722672,286.707655289349,347.127109968591,34.94864998114146,44.702598047674876,1023.7498858715007,31.766401229592127
421.8721373215379,797.6428616872145,820.8744090192843,44.74965242771211,87.45031226546823,986.1641727601348,69.42042633103394
487.44415359199803,620.6064948711958,720.8064443471906,30.29228286332234,39.90221948088248,983.538151870987,62.073777227783445
828.0262240256516,677.7214224689633,205.93229175768332,38.90737864978992,74.5794110240517,1003.0296926932504,53.409721065145774
874.359323890534,492.15189305656367,394.87002486138095,23.375447967167997,84.3095711983176,990.5537070012894,56.79013750286816
741.300768479286,87.57658750547353,293.67460616432373,33.180444472640914,69.3830708416836,986.2570078134154,36.61330492611573
330.10215559193193,765.7997911734348,644.4132295149145,43.352826398521074,42.62630538849063,1006.477035111272,58.65358758355758
383.29579436191113,356.6830669181196,253.34524957689166,24.694667872015053,88.78654794138157,982.9179018282861,32.33317582147659
242.1791133327142,54.082551548866526,343.29882735195304,44.17555723377498,88.08537752018549,996.2391066332569,22.619803040525543
883.863392943844,793.7266555597505,196.05361958859754,34.50025849101043,52.383167617408866,1007.7563004563993,58.169846238651736
354.7844536290924,317.52257439519224,441.9130640441229,26.216529164135288,35.279334119555116,993.1984176914812,37.84573340249345
724.1565767066573,166.61333332357538,137.0112273262507,35.357625623599674,88.8277125908034,1008.6970868123486,32.20354639395701
252.3295376996396,430.11150462630906,569.588916748543,33.75515940248242,48.87127340805054,987.3451614018014,43.256787939720176
837.7569159693276,647.420564596252,279.7280972165593,26.991734697019517,80.60211627877526,984.7441573007694,55.74444830562976
228.02777862535112,459.12565864135,735.1078558486308,27.7534915982864,72.35323356047897,1011.134806771002,50.018917351946264
891.724850681072,112.6928926526282,367.3207789139774,32.67429455109578,42.61907666129416,995.1257186440857,44.8253634565701
295.52014909882695,750.8630234893911,132.45108622914557,32.28594162616737,82.47486381789423,1007.9600342551441,36.689538626812364
569.6337588792927,409.14945104203457,224.5599117408446,40.53675070087378,59.64771066203073,1001.237926455959,38.3458927672736
688.4930028900269,269.7631316358942,603.2360488317627,42.439147399542335,68.95306731825212,1025.9273093531333,52.87712598904814
760.3985082746884,729.2364666484946,290.6884955442379,40.534094714756264,69.3302545103169,1000.1123909000031,56.31658906946501
550.1328246522053,73.08554408117448,819.1626306704757,30.34364260076273,73.68617399881364,1020.4137479230695,51.46305628882042
129.33503851354473,171.51586537328558,804.5360236193771,27.84466177487115,48.45687069606609,983.143684208977,41.206968061379996
889.6019142688862,398.0010558600443,327.413222100549,38.565907858974924,47.708588585814894,981.298046607914,51.72461798788986
224.12472503093096,614.6354737087272,569.6769019049702,30.735956434389355,77.01301629864403,1018.3909138729405,47.94988203838856
761.6079120567426,261.0672601016588,617.2312486676335,38.154238428031974,37.42206450785815,1010.7939841459086,55.369505111457386
473.25382360591146,198.6815947374027,98.09021660627809,37.878464828639025,60.19422732196553,989.159868926552,24.081671214550546
411.4609255444124,356.3561519992438,309.81425024103845,38.38129674076163,67.04099201409335,1011.0391159621752,35.427082335951226
451.7631774299005,566.5971117934339,613.1104156860023,44.583735382864546,50.133313206293174,1005.1185180025717,55.07522530414012
896.3352134973877,319.7154811254923,566.3442836354345,44.9780033070252,35.80263278879186,1007.812326780318,59.13529218410379
576.232511480631,168.8145719787384,106.20407024554706,30.264138090834244,80.12367675753472,985.9646409846553,26.59957531360297
464.9413711111615,144.2056014771279,428.1615802962027,23.674097437765433,71.27392311776785,1010.153176653796,35.4008723894968
614.1902908499017,378.03657831413653,680.4675822056377,35.48208254721723,57.856929375059224,993.9036541706322,56.98550936314665
550.4087990529649,292.2449845039357,803.42660967311,42.14949308744804,61.98855598824932,1009.2795279340211,57.41667789363142
765.5864412582854,268.45413252415796,757.2242367878633,44.977726627693066,71.82405879237331,1000.6289722956786,61.31018668498783
405.36409397090785,482.9973039200703,767.6307810716161,23.936912564230028,82.52095761911102,1003.9456322715481,57.35607317959398
624.5157314396943,796.5737437262894,247.26007312763636,28.81919075065329,32.36710378934012,1006.1084865512856,52.523087180084964
794.8761372075536,756.9202875445347,436.7896610780103,34.67508405511965,50.16320337373122,1007.2445334759293,64.02547918568307
859.943513051762,285.3025355722214,819.2956368333901,40.60422372667902,32.409981126972056,1013.6111700755384,67.1292069320551
658.2555053713767,208.24388468822093,575.5091198546588,29.906638297547154,65.40205247680063,1006.1129258889603,49.01534649597428
844.2990230502925,596.7442265230131,654.0940462191518,39.99943402731557,89.83478568924161,994.6430952195952,69.39505933596524
862.4078025668729,81.37037218266236,839.6756932911036,40.83538536845718,45.28309911029493,1021.2425078027406,61.9003729741302
785.0704681085381,282.31680793641425,211.25907226353436,28.331989085558313,58.82245656381705,1008.5865739164582,40.471981171889944
381.5841501062236,433.51919976061026,648.8110047098244,27.811431373734468,36.46482920670219,1004.1250471215551,50.40554068439799
204.70207339220448,676.2183576079921,612.4467060115619,41.4093738044328,30.131992952051586,992.5066795001038,50.925481170468366
367.3352867446921,160.17099666301402,180.12066595594717,39.27862481060833,83.77895400150356,982.5695726968631,23.030015140469068
867.0828784738661,670.8014562463634,478.69808154606585,23.6651937878651,35.207792372878124,994.526672889312,65.28445330344951
896.4409493185431,587.1897799062383,267.8882372618334,35.37390208585162,73.21164230795571,989.1004188794054,55.22445136721677
260.39718644180164,727.4529261284107,300.8736339446202,35.82524166811646,78.16998013492369,1020.8964655054593,41.67044873489118
366.96057545191627,499.6410048969531,739.385954472173,35.74833640518277,88.85219022206964,992.6149691038814,55.573485589353005
439.37087341558356,604.7015972322774,746.5346195982686,36.351331757103324,80.81065195003505,983.5831994396439,61.18355890336657
623.929434170841,230.2286455088022,173.0875332760896,37.597726161704486,61.80141769563143,1021.6404460608106,32.54824372143288
470.92416756712277,618.3592514440186,662.160143346736,29.75465461271573,88.43288770438303,1001.0230404030943,59.16490830420368
459.1102679210127,74.72804973705342,427.52093913632194,43.47729670350404,49.60311971728621,1018.7041477698418,33.11598709519486
805.7039975658776,112.46825607687259,178.70672769990446,24.77273328738502,32.185975892693605,994.4814787474188,34.693436717278686
179.26993312960136,437.89047613194145,455.96108428005977,41.169578485715924,60.555824637429296,1013.851329207074,36.753255649048675
289.5584756176469,289.4279377416592,156.91733845448192,27.1463815889442,89.05593352759384,1002.0620073655335,23.64628593895846
159.37929120109845,128.05887644547488,752.0551304769485,41.0546072391826,81.6861729372052,1012.5818090969585,38.70535024847514
109.60174503816447,331.24264054979426,841.9942822920834,33.15980315760942,46.77782908974659,1017.3813989344278,46.9051028593221
809.1513016656975,620.018756898783,342.2416495609944,20.938354860041027,30.373001647075107,992.1687779675609,56.56476773937419
317.67301273812745,615.7128869094739,480.4835527711306,26.658416580956978,31.367702584838344,1013.3330995883426,47.220919100273264
537.5846024676164,771.1500540380603,731.3236872560151,20.070648696991473,69.29473227574454,1012.247475333086,68.5149871854109
404.6393827428114,527.4347495005334,591.8023402676722,24.247184321213354,76.11397132133297,1003.3020819411939,51.634317578007234
125.43387589518264,781.4261240058145,218.2293778160753,23.288599553027908,34.8656857028186,1006.242556944074,35.934975109672926
280.2528236455018,275.08027835922746,618.3429201052129,32.133659325733376,35.88710311905836,1004.0700382978905,41.39370986435039
309.40084303134637,541.0278995407672,291.1060342572774,39.12979855125013,31.251782273721634,1013.4842588362005,37.1571036474545
405.30912731303977,464.8570357952068,164.2916785148252,21.53131353854261,54.76537776589005,996.4597905485696,32.6766520338404
655.1565370010229,104.054690075305,325.9414761847712,43.38676434316551,73.59198059214731,1011.2369767494839,35.81399585968069
298.9966427101949,109.27342045467492,515.9448145230526,30.30169003763661,63.23885939758364,1029.77195993089,32.8858944758682
164.7786346929405,281.78321952554563,811.55309856782,20.26394676922444,66.1996555292312,1004.4775822016129,45.85897956926739
150.87702233624202,278.5407648216356,497.3945413207278,41.574403927733286,45.098259658261874,1023.2064398779125,32.77831526756544
316.2940039872792,520.7163724779919,273.1345227788928,41.488328619530535,75.12653784880732,1029.3860192706036,36.03569220511385
134.62471624729338,489.11484929915787,110.40385985334072,34.81019253383642,66.11849517164998,994.0802973919373,23.128341360527166
452.7730067501789,581.5776084929524,402.01700821620943,37.216744630388995,64.32565375355648,1027.7800508470152,47.11119878594232
740.289135525478,99.40762097631224,843.3952284547432,25.08769875891413,42.50444518242054,1025.045273123508,58.92671183324344
531.8238866329892,356.67597486711463,354.70951040641677,37.54033988539473,57.078721495985036,1026.4831951367364,40.84337626125979
767.4668950121621,443.6280938716423,580.4420007667084,28.514542855993348,61.6967333930374,1018.2571119596656,59.55052969718247
453.4304601762761,503.57050780848425,796.944248310433,44.53819532522619,46.24132600300489,1019.2270380472587,60.587798971960126
398.7639444292653,734.444467291704,133.04431970346735,39.94147714533095,60.22114819167756,995.850938195297,39.31802513976777
590.1466083773637,355.11666495952574,537.9675545428347,23.4601392034106,84.38509743299046,991.1781617025272,49.87660038182007
658.0209366480375,338.08827829732377,661.4470309766111,20.68184599063805,38.46224580901112,993.2692275546294,56.34115768742529
861.8445621630133,458.47946011328526,841.3173113522678,23.248365581146917,44.62674125388342,983.529821152065,73.26241312237967
466.45500542772476,674.2721147772801,760.041280501214,37.759494804661564,49.27349302987145,996.3296902199445,64.62346482619871
197.7396381498381,408.7796682628576,177.49134535402106,27.683764329480656,81.02250831432448,982.4688757730983,25.295233006541714
780.5939910575742,722.4035047683059,704.7338232589335,30.095199260923632,62.87792975851018,1004.951188546552,73.27927780513375
869.1309096721806,545.0462571269346,622.3869292719577,35.75577572576742,35.54929428490485,1018.3780968484773,67.32079217485176
157.71006377226973,254.21954871910688,724.661750177104,34.78698859085033,79.75797697143867,982.3042529901495,41.34435838182545
459.8261637509257,466.7885696761583,577.3005614523736,27.015412952241388,61.5133561132009,991.0444809324481,50.89046446090747
544.0167692526262,704.6644376245162,497.26682806470376,27.41976736204671,60.901943488961486,1013.7907146896187,57.35110932890242
646.4759062653969,90.22591567561156,810.7658229578576,40.582871874287434,67.25405030850948,1023.1827037792259,54.53168757654456
504.4204626029317,236.85244569782225,709.6165990886436,27.689577356959816,79.65034191019222,1016.9961673542565,50.622851212568364
288.30372470370537,650.3411079996648,385.2086573278668,38.45031588438634,76.21511014470666,1020.5507849261998,43.56769127421578
169.08592867701452,76.55345528091254,653.810077770486,32.97061438739922,81.68830263739892,1013.3582598065406,33.52158462955725
243.11666394792599,452.73281493142525,291.5101844547435,37.89731708450216,64.01786191138152,996.600894581303,32.53589174457028
813.2050284544092,733.400756038778,752.7901109988254,37.95073813825159,43.64061804928079,984.7974411226594,76.50977797474863
263.91713016921733,694.1897679272315,524.4217228889786,42.271163236426204,58.56804838774484,1025.6375468359306,49.72007585845261
339.361028692118,541.1206289302138,526.9237581077284,31.07809770418327,70.95662598889658,993.8075666875895,47.49140005297909
137.83388800474938,520.665730479262,260.0388939306629,26.444436737069974,54.27442929354494,1028.0839559455676,30.15654431174686
150.82676881013856,715.5824454095938,655.5380107461636,28.583903375651836,83.61251944771,982.5616034580827,52.21379685643851
895.8281234487175,583.497789777988,82.74401204389743,33.12458554451192,39.10215644888922,1015.8732502734865,47.68953787855706
111.18474056661105,72.86403508768194,248.35677385770052,31.327772510390005,44.41507308985817,1000.1911018014305,15.455734223936812
533.3453995084919,377.7079349070257,276.6746083462518,25.14397190573643,38.094336164728745,997.5760178909517,38.3985843663156
566.3064465379309,435.85638485681983,588.5473831156739,27.32029392338837,76.828598870114,990.7162973911217,53.60678026646948
520.4441461023964,330.24590423699436,282.58398499793896,29.729796991848367,51.26571756005785,1007.360734104668,36.824060910099284
597.9424766638577,341.03218581478677,778.6578327820239,37.57439321233906,80.80307624327332,982.8680619477499,59.3155531856403
808.3987119480547,324.7308183058719,104.35090217643577,38.23665022987524,88.80843327958473,1002.3668209461,38.167921994675226
293.06941055697956,670.7449512726945,330.3619667719034,39.97553270301161,36.27554398586489,981.8694617388371,42.12890952576636
755.3358751082532,434.02833516585474,367.54176149116756,27.84553354396843,37.063196331421594,995.2386583549205,50.38259676786994
412.06515567514276,734.5169331400315,93.87332632536916,34.955942019255374,50.46971487631622,1021.4382304859083,38.15239571746999
837.9460320923537,403.7690186489986,162.0112816914426,37.86476507718726,30.77969520142608,982.0962745951852,43.73190278989827
335.83618705239917,617.3936829676115,99.88567672486235,35.0126502471614,63.80591075820823,985.6145691709343,32.59232316959482
808.6889160886835,680.950337593692,530.1189510922111,27.66704576492803,57.70510615685453,994.962695143937,65.89393565415972
807.7841553283258,787.3641414035361,165.97881608858694,25.77340640025062,57.037229769736314,1023.8192486709632,54.49360154549934
834.4016569010781,423.1835940508306,232.58901189893285,42.78029708183939,58.166252631686774,989.0925599990784,47.031118004514575
441.7645728947475,784.8522574267174,279.8452065990663,35.01033812158314,58.25937364440537,1004.0396997470597,47.992313173606604
808.5683155573437,180.14985307840584,672.4723018918835,36.051932311175875,44.92508725490889,1029.269228030724,56.56043713474783
759.2725644486877,170.48904724347557,484.8882811840538,27.71756885753319,37.081005354426644,1001.2845575764019,47.28837959812705
144.6275884557557,106.599811304554,433.76374104156247,28.20134182682883,53.76645547794403,1003.0361876202592,24.887371634471787
394.50980211163244,715.6964096114485,692.3520664187026,28.043999405992732,57.85391824204561,988.452984996068,61.00026900844053
185.61346344545848,53.443216193783265,161.81430291070546,29.252713015070338,35.28906430357708,1026.6763105303182,13.644272505605471
249.18149650235142,264.2096844836965,769.1643612800331,21.623050179796536,56.4727823456252,1022.3441686242193,46.16830988078276
178.9004914566587,512.7551991060432,605.1189035110255,37.01752987954578,89.9461619612722,993.5546836835803,44.954426857322076
339.2931536282714,285.91792453892367,829.0856038986826,23.97623131676557,33.60194954859927,985.665115840633,51.91975650096316
302.05928167702723,731.6945780629106,412.761984877946,30.997843623127846,41.15720932071544,1001.669329772405,47.523095187315974
296.6200072810761,610.372111586458,594.0983272060552,26.3150258139845,38.51270366506606,1012.8464687006924,50.97369665426824
734.5573634089535,463.99742546534276,224.526490177467,40.24424806639605,42.496505437435495,1008.4904968148988,44.937703273327564
887.049616752599,289.39363226578035,736.8777410933194,34.214750988486415,35.68721612856714,1026.8203057158748,64.76840711428414
734.41591319892,251.88763472704528,706.73621768646,42.17411194990272,35.48881438883602,1020.0960490456674,57.85855514523736
483.99503954712253,135.5290214876785,648.3776653304806,38.047388973766836,43.470129459102495,981.9620426170487,44.520828444263245
132.124468760147,738.3450267807926,532.7098450716665,25.954159383314003,53.5905200397604,1011.5054161312092,47.42247866909484
803.0057491008182,546.803697526406,335.07900885015647,36.43052902084517,81.3208612330152,1004.9389700656168,53.89744375282298
715.2783693117406,799.1570919848435,646.5378643515166,27.439797669535473,36.54360156164428,989.4268111828244,71.29457841295819
816.4827101344442,98.75292603853376,387.7375918216294,31.055434844281635,42.11778756624288,1009.6556023688969,42.96657275805452
357.5289586729162,388.89523092822867,820.6579952337896,41.9175658572923,67.85838705220674,983.5437103714587,55.219045497385935
298.94650431938715,76.4707953561718,525.0336513760362,35.297607110493715,68.29213010693275,996.923540064292,32.263865045308215
209.9215272955181,276.8970862764005,161.34080615489583,24.2251386773587,36.65913387262658,996.0794486448119,21.058190653353392
799.1155325468524,699.7501080050067,563.3788039143924,22.961919404785448,66.35752121783734,1006.4422610194601,67.50112137313147
211.6325364248099,84.32042731742905,504.67610909772134,37.26663737087466,78.0521015729661,1020.5654965872866,29.065633276176023
485.41352812095255,198.60596446541436,627.3322520104997,31.360133955113373,55.568799972817885,988.2684848753069,45.613874858010995
525.9492576642624,626.1178119025886,579.1192951005421,25.751102939969716,33.423627888525864,1014.5049761864722,57.72678389102722
344.96047624309637,662.3057838309113,654.0036334521483,41.45053901100629,42.63632425046101,1002.5100287254079,56.37813314030616
319.27328091597786,740.3245389249441,559.1654550821596,31.608500876619203,61.397299618503496,1000.3079022903411,54.15455279851405
781.2859273947228,506.76236925135714,476.07382931405084,31.31175185767408,42.456196181052256,1009.8466268764869,57.68440207194443
228.16899519199038,709.3902989918311,400.7402930520255,34.35846576880553,72.14704145199559,1001.5931667447767,44.15639054759566
102.42433068371595,703.0437392892367,517.1178343743577,27.20366932722355,68.50658853294253,1027.699272590963,44.848755474162886
100.74437997663743,776.995676396969,506.20505783920123,33.44631555468565,81.0399308192543,996.5283323366046,46.58040400477624
123.45634027085728,740.1804986929545,761.6248829700518,23.52906417935798,31.02302034592855,1025.8503354690574,56.37410048771642
201.19662833957167,642.3383725168696,196.67720562190956,33.42404956326692,34.89698581829197,1008.8238959883292,33.17313825056962
240.4426814793048,714.8103937989852,249.83463602775993,28.500878551221163,36.33393290220708,988.9103705229139,38.6509776994591
258.25074300111294,629.017581293438,766.7987680237171,28.759120545430086,37.11500253343223,1004.2342728044539,57.29000044978521
337.4075503508515,657.0238444395509,825.6050775246699,35.51704858415571,57.84055382628734,1022.3272897272951,62.857144944698874
700.085084641467,91.17935130235573,340.6176774730415,34.39774753129271,45.063496217701385,981.6231606812574,37.362640177236344
714.3372577503335,654.2244217099526,760.9446031680751,33.8739430305216,80.14624220807269,1006.5983948851373,71.49463451053158
830.3057054308756,751.5620026225032,759.7203025670243,33.17939665840521,51.344184385829585,1000.2757781745172,77.84484334428234
668.5584046399684,366.7668125943085,260.6933658027143,21.873821073274396,70.97654955135145,985.5168580595484,41.487491149136886
264.4336876197257,794.0376917891804,411.9610056679385,43.55992070181047,30.94194303475874,1027.2082223616537,48.23258160898472
311.7142872004306,127.32681266857556,655.8407834332592,43.30309108610825,81.04404665888453,1017.8780577251775,39.40486433340055
256.69148687661595,259.6154067230321,531.9934522532542,37.83579191218192,50.4237126897764,999.2659565605526,36.768944898119614
403.6383885888221,782.5777383458968,784.3571068103868,30.695702039082242,50.43465579083369,996.0390042537473,66.96076808045703
504.1545782299502,778.3569909662199,737.4483725483503,43.928365574715556,49.408919895680675,991.9375198361953,67.97328197781911
129.77309273557643,737.4338047813009,314.4341932268717,38.86280681995686,52.42012321982817,1001.1200742546379,38.59357465458119
518.9151217929414,492.4157947476433,540.9574122726515,34.17874016445832,36.7505714075148,985.2097119876194,51.9782239871236
717.3600838089385,449.91333545603595,291.2633502157606,44.938569925702076,81.49776549233853,1008.9596307498996,46.66873658657966
863.9029645479571,197.86356739702123,683.1832158734305,38.93545846602211,44.10277077648192,1029.3574398699686,59.18032459328656
177.76855313114206,339.51061332982385,843.906904638868,32.001773536360304,37.02124493813399,980.495007678564,49.274651179383696
568.1023202886036,568.278095444428,473.722775619218,39.13244214556656,77.19290536217969,998.3859942984132,53.040323496759676
561.135277372004,476.71283229968657,280.93475911497495,41.44465303299701,40.37431835030241,1003.036924721316,42.37283365474971
387.8229141546333,769.8301522818286,391.44505243258357,20.81980026872944,52.5291983796585,1022.2714803268366,50.3873940903972
876.3409629343492,177.03773335990547,730.4832327563375,39.69764716555194,52.5739759139245,1007.801714372654,60.82069019908115
355.09025128677604,780.9080109170347,524.1134293414052,22.91944840247582,51.70044954737442,996.2397311589444,55.04448503977053
208.18855267620665,102.57585413203996,640.3775272784966,42.2381978540014,50.58538674820255,997.4912453798596,34.93803329538726
200.6433011901019,520.6205900705122,430.7064755401395,24.541665013828382,46.00755464231296,980.8055848115084,38.866175759424
717.9204291015974,494.9492350829118,697.0878192761661,32.29978923078978,57.26462677008626,1028.4215004514886,64.26960269658193
600.3265063909431,516.0298813440492,706.7022423788061,23.053804361096844,75.66862396755695,991.097032146736,61.758781327202016
767.4845239973887,180.61503170187174,610.7390801508914,31.951707247726155,82.02457930916802,998.8155191868705,52.87254987701347
122.58207142316095,630.7490438297075,514.655717371053,34.07296840344421,42.174997681487724,983.3271273735896,43.186162152428174
665.1130852347018,506.30496547931244,475.76265281318257,30.178936503496846,79.17546132293579,1003.3120356164056,54.173047633947725
180.76235060477987,529.9082797613921,727.3410506972242,42.09536289212492,63.48956681099116,1003.8323794306448,50.41376093887412
438.4044209411777,162.34184950290188,188.52910505988717,37.919866646059894,74.39961489227568,1026.4649999089754,25.563552315717875
396.9044784127437,287.8679249125454,372.6660347016794,39.42213919879203,63.4823578123583,1007.3938467322473,35.44981348782585
194.41616041508567,693.1230990533614,812.2680688822601,29.69931484108386,30.059906518429614,1007.6037976657957,59.11690053934382
863.4183442154017,216.53774594379132,697.3439895329055,26.49675743948643,75.02940377992273,998.3833280691559,60.29244228609201
680.3528185029087,675.7577778953149,384.0806310348823,33.52921399468659,64.78507663402604,1029.6586926624639,56.046543133342006
202.14054775596884,665.5982341230015,515.59131748345,42.376296618921316,38.41449450340029,1002.6136501634145,46.655816155707114
763.7960903913083,691.8690775167466,406.9860569355596,28.724581265307087,48.14417926259127,1012.5636696764157,59.94939731466403
681.8252928496304,529.4513783343532,663.9412641734112,21.58368371452124,72.7003270039219,994.0906576965727,62.895950702455956
417.74908233813267,605.3207354656018,590.6443252027038,20.57078120931472,87.04623752832053,1025.4965477490355,54.317867542220185
257.716944683287,724.9637355599547,818.4283686152069,37.86415783076045,39.14134208232019,1006.8424859415741,62.21755515190553
682.6003701360935,675.116099087629,698.4404446993757,38.09878159379464,80.75252183493265,987.4454951018167,68.6691118646867
419.5502744439617,534.4585520598048,445.4212110100435,34.17063357852224,54.99309183789899,1026.1705269589477,46.43711323551474
770.7493659723084,251.12464201788495,770.3500447600013,43.87864906414656,72.01391864320445,986.3442764172911,61.47022203010586
113.40747066056895,629.4437435362503,706.2331410235996,38.968430509324804,35.34366968228473,1023.4314234508455,50.53486206684856
742.6717513052128,431.3597937639578,432.19607776086076,27.228954094048724,49.46732760114883,1015.3548463574175,52.50878946250955
722.6991421734541,492.24258540865617,691.5438640064981,39.66673545770876,55.58920989950782,1027.5032327531965,64.11000638772323
850.2517922845673,677.7010901728196,487.0988960929267,29.090359530601766,81.50675007214653,1025.3765661986872,65.32254231743867
332.0131157941794,713.6007102477208,391.27926322085733,43.83742530008003,61.13937403018923,997.4830164404974,47.0195853100913
466.93780899023204,287.8832799848766,590.103854367197,35.54611460641797,40.686584157927946,1003.6001546282189,46.24878684394114
883.4288461819506,146.7608687129861,159.9694566083012,36.74876881403176,88.91176015184064,1018.2897230317185,37.30446971118015
291.4148809837954,664.453384347847,206.73697893592902,27.383647218112543,43.10543045545737,997.9563963650243,36.945527117386426
286.5690761582821,224.88081492288185,344.7774357848806,33.385364469873394,34.318078441839866,1013.1916794267279,29.134594163830144
558.9869089926784,502.1711459302709,126.87612607599027,20.890426764538535,48.50105680347119,997.1189060793815,36.90978669072809
854.4047990729499,238.61769856175152,599.938985800335,32.645592095596825,60.887577774729614,1007.5388405227798,56.78823436105445
718.8174397750961,161.85287796626505,235.29907423678608,39.725526630151364,63.11079585502267,1020.5724081647332,35.832072501712275
592.2883961823053,273.699203788878,450.7717193751776,30.947334345993504,81.92976089016025,991.713661636659,44.0104967741426
804.6519546352589,493.3429800755165,366.9117218904922,39.873335485804986,56.281060859645535,1028.0787364285359,53.61631691694295
796.5901168696365,638.5143989150354,507.60487000664307,34.1170682378713,65.75004005719698,1013.3354463462151,63.357330273805886
219.86650017721246,388.3963870387766,338.16667644542537,41.1122601088003,44.21294538488549,1020.1817999360891,31.774553674296687
518.8029240031915,340.87971641882984,341.85910695608135,34.943161303591545,48.93005306729354,1002.2231116535709,39.46484349090389
549.8636786263867,654.5566928716236,634.0999334415342,42.333903716367296,79.91962197566599,1021.1290029410083,61.49660848260167
396.8682074963426,614.7016349156286,242.41338238085524,33.68091313903894,54.410724305428275,1002.2980197023277,40.04363056759335
485.76434893593535,779.1454888266487,235.60623242265083,23.253888658526364,60.71804487300027,997.4199485415647,47.371544429783555
848.6583838938326,427.3821922729984,521.8272886100658,33.350885050689946,39.71125923647643,980.0300544723408,59.154308829407555
835.190273032714,551.072230318734,435.9498955132888,33.34164264306664,82.66751118626702,1018.7948825303365,59.025870921075
145.5690813927351,659.8720269816212,446.26508028309553,43.44983195369205,78.03936390365996,995.5319457346232,42.01383646255451
124.99363708833525,70.61899405811931,326.21552526580194,31.245494372773567,50.320418099943495,1025.998974566849,18.916999945025715
727.1661628160308,288.5381941454176,703.3750701685543,41.73863429643205,62.66296795769565,1009.3470235338912,58.60613351558563
428.3535205403987,403.11739436823467,200.29545903734547,32.17351734772447,88.34418311670696,985.7783377141624,32.955945808752816
521.6319591349252,108.78914771222485,672.308355266102,23.98289562479391,31.436847451924063,1004.7374671001484,45.80496741605858
303.5187713086285,404.4390349522844,388.64173022611976,24.25383686438702,68.14481167206262,1006.0012918547704,36.78440339687218
254.8256159816269,196.87787261924638,223.98645045493456,36.277978351622295,66.8652907041936,1015.9792475487059,22.51056267622358
832.741750073813,351.9420180751641,320.2830108558727,27.832317117418782,71.83088654263997,1009.1741557931499,48.35183347870422
538.3287560208887,365.9127399221137,161.64799435212106,37.90800432309028,42.643845459054546,1015.1654180154941,33.59316465237491
478.1991615865529,793.679766985485,657.0310433863025,24.433358373030828,59.6263155633262,994.77545887419,64.43760959261324
852.6313079105248,478.204287227991,359.15585690745917,43.232158343802524,68.03893630415654,1024.3879654494062,54.29130213045384
439.43345039659897,379.1902284640908,705.1266335790453,21.440923225609453,44.0060846541654,1006.9616516612222,52.76377570898251
753.3795906620263,776.7574562491106,634.0003045646811,37.99502083000688,53.702953724436384,985.2769204690732,71.26412358992135
192.5522326554767,572.5996371361831,693.9222419838724,30.2167566737845,50.43279779375607,1008.1093837913375,50.711445773104685
363.9860021061998,491.9039794600427,839.1449436159362,24.295531760999094,38.90127788171111,986.3493298184272,59.24249719162473
412.62699180926495,413.91222935925134,582.611993292735,40.381741831503064,47.30233598874122,987.1377627026721,48.10065636676489
858.4491951362869,291.01711615064744,449.01939234602713,34.69032679592044,44.62363140775913,1000.1315456754235,52.44476503244912
442.2040063592865,684.6965545243186,706.9933185834336,36.01145262294108,81.65314214259968,1000.1823161598693,62.086749569845495
256.6054988564667,797.3179577533972,219.73512365039628,26.649941870177408,69.38078123878665,1013.8361216136157,40.40710864431177
246.92501745969358,499.84775875549343,425.14484942006027,27.293393948230896,63.70311597200401,1009.9999562206783,39.40897726325802
879.9046520759424,642.3636300660103,670.2494522225583,43.15871206163974,83.21205608589217,986.3892314917806,72.4780265531609
483.80460861230097,591.3753481996551,268.73690257629846,30.39150552063593,50.14740043454114,1012.8605264448538,43.004874807410616
407.53749992791154,202.73022753725957,92.52946711806263,27.444521745790322,55.24866058652131,1002.7198447391761,22.00921050867764
517.6738523703093,561.0422044235388,699.6533409276551,23.850685600951802,48.409593884797985,1008.993951891831,60.34761534092165
816.2800287814714,245.97432626710443,782.6224390487472,23.9590897627417,88.2728783259044,1012.5318764248212,63.172528213407155
743.0875814648148,473.3954386204769,705.8081369200097,33.623669270936055,40.47271540648204,1018.5950846188733,64.72681607935914
461.72068684424266,388.9749422730856,691.0320707721046,24.453042358492418,42.4408759895003,1021.5956609286073,53.162151704404025
819.4094147690923,315.6390214003447,99.17950660024728,39.64777782516214,63.11858909967366,983.5285753987566,38.018633349093
388.9606111132856,615.4025665726579,840.7120077332438,28.87354686648721,78.38862119956823,1016.2760278839038,63.75937563990806
896.6223407519407,314.90585394542865,393.63765897347673,25.795239050275917,34.70303393628913,996.7895408981302,52.09135219986015
375.32244991797097,674.2776052608143,84.00725524023342,39.01792714633633,39.9512288073707,1018.0094183399347,34.84829186497289
811.5662528058209,355.60542360387217,721.0826505752667,37.98616558963265,31.79561949144548,1024.858759853461,63.85845631530147
118.34255908393922,556.2307095476821,278.02531566111884,37.14671249905949,31.254537842478143,991.6876986729026,31.35821068539339
397.6881638854721,726.4033846903126,593.2594783990646,44.098307606650536,44.22059150497813,982.1772424807241,57.45312559323613
408.43329874564694,94.3023226727709,636.0731610266666,40.17955368666468,67.3789359558896,990.5298685691687,40.5249950836192
836.1572818109233,269.9624441242717,258.96920817378987,21.922566591954673,63.91179904271935,1018.7872459400428,43.54236010500745
874.2485069931694,606.2319186977307,530.2684652906325,40.585885498991814,76.50709168579918,1024.125446960958,65.6251513823523
173.0180165801828,627.1659905734604,710.7003494708446,43.209468820570955,74.49604825962966,1011.4913206642512,52.43353419344307
158.75945613230112,125.63132682187847,269.0403007733656,39.31436181720409,65.01976849450384,1001.9812048321247,19.29333551956001
621.4564769230467,767.894882338355,427.60187879785104,36.30429675500169,62.33780925538213,989.9057236698142,58.78461592975609
261.07812569493956,637.238713184644,196.37150432471196,24.206512155294845,89.76567453483975,980.2716255329017,34.804365339375984
139.62933865147198,263.77476794830227,696.9003476675439,21.283333462880083,89.0710479073743,991.2120087484776,39.97813710469499
490.29266325651724,276.7270345784675,507.9989645270491,31.099497305907022,71.09171369927247,1026.7526490463624,43.33054951613151
445.66314648166906,245.4359034758405,178.38187249296834,35.040081811293696,86.8860574269768,1012.6326778280903,27.86824639844402
417.76180120682176,410.87748617933204,256.0221671010229,30.861544750224,50.03676942568352,983.4452881386861,35.100065305625535
861.0803248244539,346.9337768620968,244.36798421716927,20.885597511238707,51.40351709301817,1004.5839308891873,46.01514241928329
595.2315925458286,166.28844495429814,748.431052842619,42.97621854617648,79.42003476145702,1026.2433092926685,52.782843238708566
801.4795460076111,623.2500521105048,481.7631996921277,29.312682108321365,78.17173156327584,987.4116534755034,62.01241593122859
703.9258115653258,664.0158763473538,657.0659218613932,39.45915566660129,43.42253928441265,1013.5353891023631,67.32088751183612
573.5142984376445,82.17275783891242,683.4818170224988,24.714137086192622,54.97054788085602,999.5013093412766,47.009884369196655
446.30625035813097,650.3654008720289,587.2035129670699,29.8579142417379,66.79020480003435,1016.5616941214915,56.388290055587596
130.5382158493617,581.2173852031954,437.0949084597302,35.43328358638598,35.58051412164141,1018.2724891596835,38.836464369965924
562.9666738253211,409.70054060024233,379.1357346621174,38.55374240862782,65.9284796806237,996.7314422487218,44.345445819251594
203.1450728737621,145.70123089780282,293.59445754892874,38.47273308254732,49.28866031296454,1016.4381832422869,22.209167415104098
784.3911321879978,745.3760004870106,173.72238918325732,35.17302353097223,78.27821262713611,1014.777127928439,52.84190954758054
175.34130084922373,302.9602477065571,281.0595099876924,22.91441935560947,54.085015638433404,1005.6373180106104,25.59142685618112
558.4783798343685,765.1999396003911,810.1864625499297,44.508468550714056,46.62785203690085,997.0725583367677,72.11780808503997
899.8840153919693,604.9663799571426,722.9325428532528,27.025743474344374,48.29925739110431,1013.9901315993822,74.06281357460348
101.77969905532889,386.5286928729752,675.5813191438306,37.95559750136127,65.34969139372842,1004.687623574619,41.67250452360234
536.1664858292762,197.21982877472394,488.4087898511048,39.72694952089973,36.191892165197224,981.3370731101143,41.5379410321642
862.2298446330044,720.1772357608958,765.4280697137195,28.74793740297265,31.9826847090162,1000.7514828289598,78.08933520036578
312.2482600102755,241.88621173033133,288.26469191007845,26.53152283465808,87.54687830059643,1026.2906793776215,28.154621828621337
333.50364542429645,470.36855466611615,756.5589102704884,32.92596680457013,30.340776759524804,983.0265598775925,54.37852241353191
200.94215089271916,144.79822207486836,503.56894141975386,40.2861290796331,80.16305415494654,1025.1597765921153,30.514968845817776
228.6644064860427,534.500293732526,649.3474705119771,41.91563616704572,84.33434036557964,987.5236294756771,48.86883982703614
897.2926489591233,100.9435566854832,208.20604907895517,36.266294861223436,48.69434152761248,995.1871211814748,38.2753281324964
840.905968649019,116.76668767216017,587.0862170791165,37.90365238786129,64.36047491994992,981.2819537205129,52.213628372800045
209.52732515889974,63.127989151948185,486.85216576003364,37.93654484721901,48.423682935399015,1009.1294433126105,27.653746059726785
364.769803285641,332.76642030681927,511.76840688638947,29.944865618968695,41.65866635833041,983.0612377141091,41.39682298322939
120.3136735413631,393.6386196584049,528.2394500151411,20.332311501962714,36.69771421970795,986.9026765219617,36.54814679659869
181.84457531839263,667.5294401705738,460.91916770306517,29.992173853310153,57.923346232307296,990.6309652280833,43.9179871727916
204.14705000345236,96.84404098824845,781.7671193379904,37.03878179271456,82.0000859197394,1012.6086118985314,40.300417503270644
819.4706021570947,149.6985190955819,697.1308553645753,22.32730163084223,80.30194367314509,1003.6040355084773,56.960307852163304
751.848229284126,793.6778423184728,377.6890924973092,34.746830783274135,46.49973285448802,1027.5618182040805,61.473345847970336
576.5861840723742,322.8701053370279,709.7910686178509,23.61148935729122,82.40581375796751,1015.819866088935,55.375331426996105
711.393692767091,370.3926384627028,584.9787508273366,34.58281105829673,45.184771231607165,1013.2774696412996,55.85273996998728
770.3637999108919,655.4744351153486,639.5437467911233,21.874732314500033,75.72334243876134,1005.008688456691,68.35689692243214
317.81391443069646,681.4433843744159,338.3480043798209,37.89919711430175,79.77327943023656,982.6700296519834,43.51163913934621
390.87390908956286,547.7812381026672,81.85915712504652,32.3182297504427,58.29105138082168,996.4849019829693,31.434020700768762
220.90404524876953,252.47258203200468,693.8593709048944,30.357599316222476,80.94795620514401,1000.1877152353935,41.955673654619
123.97616522554316,155.50459621176748,226.0552220703373,32.21278637434317,79.64208742081618,999.1894871439201,17.42663172593281
500.89573164240477,525.4078109418036,823.5843907914433,27.108513227315697,53.475820962445354,994.5806360613722,63.73248190918399
363.18710499791666,479.4232830451208,667.191844437041,23.141798645608525,53.39418815975105,1015.596773320472,51.96598541877277
719.2456066439966,546.1634249939344,636.701483990439,25.35465216061271,37.03974894880797,1007.3304798743003,63.430330308755494
454.55272051117595,255.0915658924412,512.591889134846,20.46380034943692,31.517359526165766,1011.1039567870494,41.79300415750235
627.6369867743157,760.6344840698983,180.04893521803123,40.51022359986834,74.33815046357938,985.0458281861912,48.85010153404767
742.6199773385533,153.87101936752242,405.89320652346737,32.86626702003044,72.21039235409506,1026.54263800954,43.13045816212097
234.84787204095045,657.4863296327522,143.19841611464443,23.347103964689417,68.96422130793286,1021.0688532999591,32.497962694796854
838.5625777084056,342.37492783084946,194.0734085821855,34.79730426870201,74.13288083460688,1000.2475084882121,43.191061509465065
629.4010827384432,207.4219678386756,681.2706947412781,36.536763789953056,45.81613559123817,985.6028865453895,52.355519306964695
282.04212257123055,742.3143209875276,287.848163737018,34.14217642147401,87.95909910176196,1014.143396795645,42.24461985624347
725.7659339927264,614.7945655561066,782.9622076985821,32.94536958696516,31.52596199678597,1004.1639585919559,71.53530329440828
381.68502168631824,623.1900653694802,787.2519345584881,38.42123201481012,78.09780148746577,1005.8875918124094,61.63632999401348
547.63060955685,440.1638295131982,104.57677626569098,37.7198367085486,59.05073078709989,1007.1314633106149,33.816904222729086
117.90578468137154,539.7789235238722,719.6094172862192,27.30776167870788,55.920885366083965,1013.5950696908423,48.514917937606086
712.2958853327285,170.0178459537751,366.7494100021566,32.00830067239367,81.16858571801349,995.1067935446675,41.13938833868137
686.9911451150234,790.521388177801,828.1529981425609,34.97357214282424,51.213662022926634,990.368129202863,77.45149592448716
286.9808811573598,534.882190725158,340.96844910261296,41.352202673614954,53.58575582493967,997.9728518771234,38.29463012058005
515.9553118050349,432.36321079872175,226.91339084285195,21.502678615120264,57.32063697845774,983.7561429606474,37.526091311826775
623.0081389840691,771.0309078436915,597.5362424562941,20.405410628044834,80.88395530968702,1021.5954571314684,65.72262110308458
211.90476215395176,169.8154550961961,472.8800028138221,44.683156724110646,56.98199356602165,993.3858099480625,30.36680663005732
134.8361014293646,620.3833593413035,425.1390860955442,37.58301824716824,37.281997757401584,1018.6472745064815,39.66214726694181
219.35948355135855,680.3889174750839,527.6885353844038,44.51899609354365,72.98335856157934,1016.1258204075068,48.09999344616943
363.68059513926426,579.3949410697544,504.1040730810097,31.13629176776542,55.767494509181645,1011.2978064724318,48.45642900951095
145.93178610771042,679.6318639154862,735.6796928745333,26.84464317553614,49.30368646021574,988.2559157168429,54.19409721567723
105.22668850909191,732.8836916499057,635.816802569677,23.053457149580954,38.173489068351216,1023.775359945004,50.57598350755701
477.46602174039936,488.0736461223185,677.065953040587,35.562625025128945,40.650447920985364,999.3694746107361,56.04882815750502
689.3643946774637,754.4759704840507,301.81852572194146,39.74749234842092,82.94947971704406,990.1117133610362,55.387951983723084
123.71754712931305,434.8799804725494,573.8568951235418,43.30577704998532,61.895761554728594,985.751230932814,39.71220163299754
688.9855686525024,498.6194956893656,822.3750199181828,21.931716641704025,49.58419647553477,988.510085964036,68.52315272698335
657.9154747509351,555.385443188625,208.74252843394788,21.76212659534402,45.12047986763494,991.1734416355622,44.74872867554472
131.89555336220522,87.55124596779271,781.0071786894441,36.99132047985272,70.67907155591433,991.7716495830284,37.82369112747771
593.0909442984787,341.66879732454856,507.19889078939536,37.92668919213081,88.51218914066217,1016.6229471107301,48.33074788026663
647.4829618927854,261.3908623798908,661.3553771377667,39.1709648701349,31.31900413585526,1027.5844252532936,53.720429813690956
646.346807355749,96.38113575331631,848.2388890619721,38.5432320647533,41.20049475181209,1001.4480642890029,56.21139385575084
607.4031698322319,472.4816930165015,400.29038966801113,30.068457145603773,68.16736593153482,1003.7997660008555,48.40816147218245
763.64205825852,380.7044417858955,149.2495495702073,38.852131357797674,52.79028539733797,1003.1719294029137,40.300376984140755
446.95513302995397,628.9563797661118,737.7198700265883,20.8955671313311,85.12582373667237,981.3719019707285,61.78614018494551
751.0559369749413,246.00038823128844,366.3358954799351,27.194397012289873,32.64179221824396,1001.2803589372637,44.5651255753843
343.2074436125288,456.50873875901686,306.84435228364464,38.526129210126626,59.09298033253422,1029.7970350949058,36.265259562492155
755.7967167837498,177.15320632433202,84.51474096056025,38.191660786071175,55.04057739027973,995.8351030470993,31.369087331664865
455.9426212346185,678.2211735670841,339.7074089236105,34.328923269709065,78.2534011817171,989.2250934437118,47.6132102009955
611.2800478274669,333.80846057891125,819.6144082536928,24.23315421460963,86.89375107571678,998.565619052035,61.13723158233906
498.5285079610061,749.0126858104866,543.5656568796389,21.168076217459536,46.38719169434964,995.33382634494,59.16886208833033
876.0551965324844,67.25278711397712,572.0086117300318,21.897682965523835,76.87396172203044,1003.6427305280087,51.17958397859512
357.1824863559407,672.7384901974967,819.5032380192282,39.31467005183981,42.00450344389912,984.390864858086,63.67775881737225
306.9340895853156,716.1584191501845,373.00865124044424,25.68037672853244,44.70953412503252,1000.5088762877784,45.613121311682775
869.1624234345228,407.6294305471449,183.48736098289606,37.72343871429026,61.01865244734559,999.2055091452312,45.64325005876587
605.0765209598196,507.7824808676601,242.45693946662675,39.76856813586224,56.154990880049795,986.7671035725865,43.08404763348947
859.412978257025,730.7115122387435,836.0401897570855,43.39171168147926,39.674929881721,985.1979255591008,81.14534230515648
544.6302997095336,297.31178116006026,372.2111475337781,24.537212997961092,30.85695049317478,1025.2428779895972,40.14670832743894
781.7303094851884,584.7490531944692,265.2666316182538,25.275333043905476,87.84058287111935,992.4648817578934,51.60504614511988
298.8828568629003,424.8552807791226,339.6965591638536,42.433839920993435,71.96121953811111,1021.302641755686,35.30000649581483
431.09294158840765,309.32117732146264,725.1889170555655,23.03156932630413,66.67091455993851,994.2518797236639,51.219980249518734
215.91128183165074,86.89038145318524,429.25396221593826,41.36966116811976,79.85442416058194,1007.7619445321832,26.254208387182608
640.7486503829073,77.75058452995846,792.4792768047303,31.219271034516453,86.54477766453257,1001.3761929807301,53.25414811957518
646.6714544636241,527.5479683465668,374.821428699261,23.04119176712665,51.34861223788316,1017.7781806111467,50.219439832276166
522.6998404967454,703.1085180807671,238.73982024852455,36.048904532562446,65.6940048800765,1008.2962640010144,46.32384356726635
595.7587101015488,676.7475515432584,551.6610657812917,35.943236716180756,75.69028922495077,992.5500089146246,60.24163048059588
271.12460668557617,91.51838816589695,395.199585944489,29.540678754500792,88.17699715785064,998.2299774803794,26.687273283323755
197.27290040855115,660.4623355782259,247.26537253545834,38.4884467967422,77.92247616429549,991.4829907740062,35.62267198102164
580.2245570458135,274.3195968014993,797.4517792469971,22.966799167180913,84.53507675166111,1018.6499790444984,57.534395785299274
242.11680383581395,279.75089560289575,244.8643955287662,26.159075550277375,72.41068979928939,1014.3397186367289,25.45060680431194
772.310875619275,302.04706598160567,484.83828766562334,32.3809552239695,59.868001388886285,988.1286008521288,51.62426975465136
524.4434026629109,785.4774458790073,588.9258440103984,41.74525432990229,35.12842225752598,992.3377278306615,62.854659216673475
150.9561589050813,455.12323995107175,754.391884871909,35.40233071027931,80.37434749196655,1016.9515838499042,48.35805736056095
453.1122363949464,621.5697180467935,458.19988348579705,37.55317307103701,62.781203889281365,1005.1235801494954,50.568453972684075
409.3218711580909,799.740001868963,437.7029150740221,42.8688796687363,46.469734188440206,1023.0608850893784,53.7799727937725
654.4606226919916,69.58600965344101,775.9423516931741,25.23737427247518,48.29963060239447,989.1276394358789,52.759093038089944
538.710647438066,678.2342729044271,323.21124661567364,34.38040947128415,77.57715833016351,986.8933682210837,49.43679747490173
783.195418498814,175.97993515295576,543.5243768560795,20.955563576686714,37.06053505448529,992.4885547424892,50.51623568379627
126.3453320077418,472.8904380689414,317.41875018714137,20.122800249403184,61.33932397647042,1015.1817849646086,30.673823109786156
600.9256184895621,676.6587071482584,677.2703806983998,35.052449856973666,30.829797459351987,1001.4070738456296,65.4183449970706
446.04410722354356,67.81667973829067,90.1941418774094,34.019193271232105,73.34553627858153,1007.8795637233424,19.023589283951402
530.0765106923762,795.8030532596995,121.41268533967451,33.82425162206724,86.45743124135345,982.0741986194647,44.63289433214925
556.1930060712824,524.4571525672578,353.76654679190835,32.17865086998633,63.75750033882124,1015.3356149139531,46.570166630832546
131.1099592728807,137.89587354401283,494.5203100239981,31.056303891183205,66.52217226273268,990.0254591135214,27.85098738546673
856.802445811444,503.77218624083963,786.5644697596933,29.284479712217117,46.958760625743,1005.0132952693342,72.27981775195624
887.1963719144998,292.68171239642993,516.1713596388877,44.81667193552221,56.237039151921394,987.6545331256042,56.0431969148834
508.6313347765415,234.15815008949008,845.1428820917553,43.57211128345998,30.468913311001362,989.0174847847358,56.08939982965116
651.9193519836431,394.25055603704203,656.9760867277064,38.5684003239263,51.27094606708788,1006.7392469815143,57.66414070972881
677.2844158558736,215.04092732678362,284.2788558413939,39.25938268290408,31.497638677077706,985.9746106444464,38.14091452913547
842.2520093823688,268.0958054064023,416.46812696687465,21.633476469080154,64.24000636549626,980.6253837296682,49.96915952233812
882.7823902897788,530.2266728747471,379.21220031177444,32.962819273193226,46.426517544008306,1002.8683302812339,57.55875990740676
828.0871310658671,423.8536384755349,714.7809333952438,21.21697554691221,81.91762280581473,997.4986109306436,66.14946042205182
672.1109801651392,341.15446347686867,309.32856029582524,36.41282077171626,78.73592340946132,1007.3665209726571,42.77110572109324
279.772963108009,442.13466269954085,164.07859385381613,33.573976348786644,43.762692179666814,996.4019017037085,28.22037252837914
308.9882580548304,701.3976502244549,659.2051268383199,33.79843142616633,47.63175729590848,1027.3229210141012,56.679782321911354
605.4482171083664,570.5442886950777,190.72867989809205,32.58437519023538,36.6536457868279,1020.1511107104254,42.90892237002701
752.6872170634573,479.39457241421036,229.593395734145,37.66811161560203,87.04074541140999,1019.1936315883776,46.14618951369583
333.29937396049945,78.4097357753507,747.8766333835162,44.327288613785726,37.556492101225565,982.4371174658444,42.26633862741615
157.81282109635094,783.4964588378291,98.30232204723845,22.56369075732525,45.229059666144735,981.4494762491765,32.171371279914936
799.0649642414221,618.5329252598334,455.7565450621926,38.354984919371965,55.35355826294801,1002.0419427575484,60.75819848752536
714.6970883793272,608.6087737404212,764.9079471794732,43.46955899681279,64.99276222340285,1003.3156544383114,70.29549375077139
641.0041614800538,338.5863727191382,343.8749061023114,35.637171899266754,33.80209020287086,1025.9021665915313,43.14271227006821
801.3708247225247,129.71702808310584,517.5266907916978,29.14776253457354,61.4762246117495,1011.6533235860065,48.63370321583683
306.67904904312934,772.9118812456273,382.02314352769076,42.378654920879995,47.59215205068128,1011.8347072315182,47.66865364977033
161.92352109277533,581.2887871283166,337.3405461824989,29.529206202585563,36.542245881043996,1027.3363551266857,35.78999109393271
675.0104090280621,124.06511122212036,130.59027382819642,34.112360640551245,43.001756662873966,992.668436648889,29.19587656063333
466.2428530007689,349.79078274671735,353.57847868690084,25.210703607645865,49.07749333072397,1019.3756230548013,38.62414821990062
530.9360053398401,357.1896217980295,146.3890645239094,34.06323660963879,59.32029652281776,1025.896691106842,32.49933139509246
797.5180388479305,251.61832805515735,730.4154303951353,33.475351981404515,39.55539196982585,993.050162812524,60.690708222898046
626.8667274300468,74.67936332687759,492.8599667652468,43.975489716909614,51.29828863026117,983.816017892634,40.7607813933176
311.2294517345903,433.04535507712893,329.9414494433113,27.77262941795,31.89737523795362,1014.9032007194116,35.52590218208403
334.3450631722377,784.7298175044164,435.0664236882293,40.2889988102278,74.34934512959097,1003.9783111075076,50.97490336782879
108.41357308216458,444.75965501858565,310.67917929475857,24.56014652838574,64.0255030928099,1024.933199963983,29.022364014812847
321.81704248006383,363.75814629178745,729.9199053981786,24.872293457764556,76.65311258033736,1011.4429096888562,49.764051879082686
471.3672445040917,387.98733596805755,777.5189618708636,40.58982783626482,59.676249097586336,1000.4786948779856,56.88139588899901
879.795902472146,304.73141047459535,209.39121164933474,27.65526524196611,40.842179702948144,1006.8545923863909,43.91146785437563
823.9437775598996,406.9355890258639,167.11271996609327,32.26520440257441,59.97488184137155,1000.1018064955748,43.61088979621663
264.83329457379307,142.99365424700076,674.8628085192712,38.21019905122084,67.35209475532301,1004.6476374833782,39.229320805394664
168.9132632869015,647.1805197128173,738.6867333524119,30.57941852292132,63.443397031757044,999.7067774064426,54.03028282408805
734.5737091188836,527.6689022335838,464.3056218880322,20.029930062484347,46.83362120493538,1001.0401778706644,56.43950321609532
701.7263190722749,133.016875872769,756.0023660999963,34.9461525854891,39.83161077356101,990.991986411634,55.282390492351155
560.1134317808064,647.1925807500633,207.9671449657972,25.388585591176344,61.592654185264976,993.2620314632698,44.537866174557976
641.0752037296068,106.23342325115988,138.38159973206825,24.5805996937927,52.02821303153634,1022.2664043378534,27.954522798705728
192.46152654581704,421.74225333897436,814.6819406082803,36.3186396003498,69.41076677080918,1009.9202193354271,51.01339102087495
675.0760521345992,709.4121589929026,366.85708358389894,40.74782898465973,51.82717043309806,991.7920616776952,56.20892967718102
421.2220191644155,371.3853392835501,649.8657313123051,42.4229998810882,53.95213191195067,1010.9041071080685,49.77285000593117
784.7215199860112,574.3265439332268,260.22172357181375,44.97221112730756,87.81558515523236,1011.3300967341657,51.18031086044969
461.0329139832358,448.7379910214134,356.6554879651938,35.403329062707456,42.09317894432808,1014.7186817771534,41.55934666874723
201.3069697771927,231.93118073327523,485.3429237122938,39.16427319479169,78.30116535291424,988.0118594739446,32.410861463805794
783.9284616816636,73.82739203823994,602.8732053002889,22.63434933398877,44.82144857509853,1025.366639231939,49.847603823608665
431.013398880506,631.4695649794025,735.6783254783747,44.16056336249675,68.49821432784344,1010.367239092654,61.30162193493224
114.68504366978563,210.2744141513131,81.48447841721944,34.58443847820098,62.1642298073652,981.0942184495734,13.008162871321739
153.88227489644262,149.6293492317422,186.54456742263585,40.58511423831375,32.648878787433944,1021.310758237275,16.56713142075098
390.0682837016789,471.6242590118782,310.9830563218859,25.987762077417816,48.825398448597134,981.0148053285969,38.29009853428215
631.8068021360586,206.60313421080363,209.50109762075286,41.48300516358633,52.45799336636127,981.4074886535365,33.53234199523598
776.5031289846984,191.26545164384893,178.96856538769856,33.13654319315207,46.78879597610271,994.7423924065718,36.19180003436436
356.0723479456799,585.8391266469465,471.74745280766,30.113754416181344,47.245163448623536,1020.4778755327096,47.12724235008519
294.8207511995712,635.7410963227716,123.05394905565862,37.055213079761614,80.81680652642663,1025.5801810574392,32.83901338789663
284.67873058974186,357.39233431251733,275.8820163359761,30.01749528747508,45.82952067416981,1022.8705921481093,30.297412600506824
376.6792182830478,702.3613892763835,153.03601335439566,23.132809153860407,67.88274284551774,1026.294566825904,38.49265876095877
458.2327783552347,430.6445127491103,609.8218430836777,36.380930047080895,59.55050714233606,981.3346441935723,51.059192456477454
429.92358996938015,131.34391972335794,664.8040770551218,32.27397518652242,75.92555795379224,1026.281100880472,43.43018837298702
783.3061848267118,402.34431107283524,121.79324689415937,22.346986790709572,75.26217641814529,987.1041566775377,40.44124475275279
765.679062938743,179.98561340958494,98.98559149946958,41.417191135965815,45.635208601427024,993.8149079793477,32.32936395042862
731.4301365206932,208.29653495593254,345.4406282478205,44.4019144971527,31.125841210341694,1005.7104988876989,42.009425274211594
655.3778849501902,466.2481463514292,547.3819462965384,30.348501763349418,56.08009822899411,990.4608336796117,55.544058790910114
133.9992485413476,784.0756912970672,465.94102679112416,23.449734371637064,49.420898021330416,1029.243163504194,46.17988926679741
607.6725663418,604.726228348749,843.4227161163861,35.04439445164424,38.3398164513319,996.324208619812,70.10887248537192
620.1262391733903,727.173075276552,198.0365059630773,41.67506853424811,45.97540091766563,1029.718207585516,48.34043967202136
254.09804614477096,654.4509386250511,193.68527551874888,42.664169608856824,80.50960810298443,1009.0337595939382,35.00388056384462
730.3600450015663,722.9934711144388,743.0308440817925,32.776990411278106,35.539928211221024,1002.4929386400785,73.32183924675185
153.68916493028485,79.20548260405653,543.2037786738281,30.352605136544334,52.361205714161585,1007.3950838950419,28.71499057298336
789.6862968494626,468.30752785609604,546.7795938824834,26.88788294400615,54.796135696448125,1027.3595528204787,59.610998496466095
765.7888885912027,605.7290882767896,399.37867400573845,36.02802397593133,88.03836352985165,992.6920643639717,57.12068626626931
551.9567965543752,355.3703374721069,792.6555300041524,23.797358622968915,51.01325981127769,990.9890456926366,58.92603522096056
491.7511261874923,480.81481648136565,528.5814607767288,25.042830790079186,50.32209037260702,991.8701098455291,50.32023671113489
867.0010275413167,694.3398346987876,640.9002560925068,43.01066076787549,87.27414819568455,980.5883205748024,72.47623611090339
602.0649512639162,439.37895799421943,594.232908038728,40.27746720350158,82.9348014369442,1012.0495924802425,55.01263359929319
579.5010441806412,463.9909531561554,447.29414084181184,27.208219132357446,59.55345285918911,1021.6656690074927,49.19652555377637
702.3843300584492,346.4813594051038,416.96564051821804,33.94540928018959,81.23280492079152,996.197877350578,48.144596304635314
438.72281306855854,345.09055177473203,849.2519933534555,39.7470109757877,72.47151198600776,1002.1377724876668,57.48448067943694
155.79099209591573,542.6197014152528,430.76499816574056,35.352067150476756,74.10894449502655,1008.2834540545476,38.18292073196468
549.4407114095197,195.17668073649673,732.538657382361,35.62668882190669,31.153810510599342,1016.458617984836,51.64006805967493
894.8770595812417,634.7744935903631,245.74675843828126,27.173107099568636,76.32786382092296,993.6560280672142,55.71941693267941
636.9064533994942,173.36910594980208,596.5787897582713,38.829676416905514,81.23762459803066,1002.5960658436227,48.17141837080975
590.6082179331809,79.8059196138101,175.5671080950924,33.44711841883526,75.98634898967562,1011.0637529862222,27.135108450213426
582.4803247002192,558.5902603091213,508.4416395300785,42.423133422132565,34.79887742398388,995.8962597098841,54.56978313148336
389.5566212761909,349.7744650981157,183.25200089152196,34.779381642416425,38.57588457431245,1005.959817526403,29.51001262689008
736.7234697414369,192.60132638012777,344.0949295754499,25.92455359813629,32.40929446913872,1011.5776338173932,41.64354106666493
458.8785075390491,226.47755625512104,360.38148257974586,26.952563650119444,48.33215701323175,999.7008204350489,34.97594121701494
174.6270296133613,405.97413562863755,847.4185388529544,28.177533216377057,71.62720092195761,1000.7016660569759,51.314776511378135
860.348284209464,622.2701210475865,226.32231470489646,37.97268895167062,89.17015202902128,1010.7926738369974,53.531444745907365
153.47242561066457,757.292792574839,599.4250734311516,38.063696386388024,62.533580692435606,991.424289227852,51.299959482811175
339.35494927398463,744.7163641451917,517.4008042586286,42.882690481019395,46.51077473207619,1008.5159716231917,53.21817157292044
769.2014761950018,793.71696941128,520.6718694678405,32.52441251810575,48.23727273418386,997.9860865000504,67.71442814690207
343.7431440225402,771.5573074716735,605.9971334715096,31.80699193729106,62.73000235350902,1015.7517155670558,57.698898883686795
688.3718436131096,392.6957438973063,486.4515196312435,24.487000387373573,54.937691865417506,1010.2891834234543,51.89008841056223
401.5537100761053,325.85068347619256,730.6992525840827,33.93189557907452,46.146121014511685,1021.3766340587296,51.050101909932245
680.214290562533,291.4957392206434,282.55181966450857,44.21869835247393,79.8307708202139,1023.9163660792597,40.453373680075636
757.6618743673478,574.0802262694178,373.24459291070497,20.720540936232368,77.51335607109468,984.743124729217,54.88204673553116
889.952239701611,496.95212200910083,733.1471664018753,30.901934776357223,83.41214051803227,1021.4841837440609,70.93301750739637
416.339477336543,617.6068831407642,136.3032358691992,23.948003318401298,78.08608860350634,989.9028548558919,36.47052024908718
502.5206906754699,543.3968627911803,523.8037995663439,42.54701281283603,49.38735045285589,1000.729397762887,52.32967858665326
475.5488394612841,116.97067227220774,377.3173921785376,43.89772037519287,54.06763687842723,1025.3534521256477,32.86828103914626
796.0215762449469,187.5609022701638,512.3223198289711,44.905630733371666,43.22384806013007,993.6991724938051,50.00036714861217
723.0305762626219,234.03504430501062,174.80365765753942,22.26107218914301,39.89144223233517,1008.2916808297056,35.70411492333055
716.069717219087,674.2390110543756,175.05131420101372,40.79854413918443,32.97100459390861,980.521716263873,48.711314416244434
216.082604054398,334.12733095135013,676.2347614041088,31.007618848237705,67.27156912807985,998.5397238486256,43.5556885063368
369.07868891717925,644.4962187878837,718.2775257027438,41.92826767847009,53.81658463421577,1025.9612115391321,59.13834825926163
622.0419161548967,196.62693950492718,431.28659407064083,21.223125785415153,80.92523986822113,1025.6234843434945,41.811529432620354
169.4583424212223,466.57946403315054,261.51181120587944,26.83517227433758,80.32612101042025,1011.8032450880955,29.54160664186636
389.44201124017707,53.53307639291364,140.81194156045518,23.793938635350447,30.20890879985043,993.4408763815544,18.92173029141093
760.6563788278122,506.57769393204717,750.4480050756694,22.9467033505776,51.17602636670263,1019.5314487533194,68.03494238582256
728.4664221903633,201.67727045731252,553.5309608030293,41.14725415203781,85.38812737757624,980.4849971664639,50.045549211551446
271.81927269916207,794.1976739137395,701.9342737630343,28.45168696073508,59.13742946127848,1011.780559196641,60.05787934890842
245.0824770651824,777.9171944036234,665.9798392991974,20.493468644660382,48.547330072858955,998.1432753319541,57.32918371603207
164.08925080598138,606.0412830080966,136.04780956991192,22.136531397636844,56.71822265546709,1015.714447075456,28.545828397218816
201.98626430427078,782.1382977658396,203.346218581206,34.223028197618696,55.541248751212606,1023.8445323373185,37.65758560535155
896.0086835728355,199.98638149179033,797.3519197794002,35.50932356350419,35.79491371405699,1000.5925702732223,64.77392874311478
569.5438922583819,681.7965853407578,709.8702709724851,37.10766742445669,79.116962863928,981.1464952444857,65.9350251668736
492.79585114021984,114.69355628165088,544.2060656510967,24.048416247092533,41.816869836449726,1016.8062019397528,39.992924848699985
784.9660312606313,155.74011355290003,700.5605089443195,20.613334359039452,40.894523276674136,1010.8290301158261,56.24360470217872
244.83345486542962,790.4367159680481,774.0439376492652,42.97922731436221,70.58552158945096,1001.7994951163012,62.01986263097494
894.817721245679,692.6977884817035,520.136849362802,41.20253796670054,39.017143192217034,987.1864190859749,68.43093926633355
240.41229400576123,670.6724685726633,763.899434022537,30.408604096830736,70.27211621146381,999.1822414817123,57.888520238254216
328.3129437666221,608.8597227756045,740.2093706478754,43.83145045082197,52.62159978147345,1028.2970179479053,57.72355482218181
110.41124517202422,491.37527371925745,713.3776600752301,26.18406914672439,51.39165472418573,980.1892728782544,46.58870196974765
127.57095126227283,182.24082673031273,160.32493968981976,32.15910616560514,41.615097620334225,1024.831540018481,15.707350927370356
614.6079200515711,120.65251596490879,168.34395397459207,37.64849724407139,30.348250513318032,998.7386171727295,28.791571239478078
293.39588391028167,675.4156295028629,302.86878292991474,42.470849234312205,63.882525825252515,989.6655934040333,41.17909671959093
777.2361093823328,392.9445390007488,226.85616405277557,43.32630908019469,55.78782808915784,999.3578822662056,44.179666013603466
813.4148489400277,55.337388412751224,596.1112719532362,36.518951129745815,84.09722788801292,1027.6650767600088,49.90701799871282
565.9285884918718,76.5216662869468,674.4760518781701,34.59731109251177,56.765055530883004,1028.4660883218567,46.25254971849136
804.8033670190307,501.5928991449311,769.3528263313736,31.322810036815078,69.39615629145001,1001.0011829622483,69.9660010381738
382.9734690149399,659.8141348825202,397.1394205327926,32.054875246070466,51.12575974347946,1008.6849508736225,47.16920493823551
130.9349422462841,250.03330539298756,451.1635888140334,40.73234199824653,49.500629322452475,1021.7401804125618,29.475590981739487
269.12058896296963,480.09041745835833,368.5702069058461,40.65908696489823,69.29024961957828,994.8002166939962,37.21913846887368
702.4396088203699,794.7896265144246,527.8886613367653,42.22655044753898,41.598852811700674,1008.7640603712839,66.03242351351444
857.6739745938578,628.6628862959049,623.5172531489242,28.257499763089914,54.12195328091725,981.7700732912268,69.53079595264985
852.3411303768478,363.48955031205526,247.65151765600595,35.606313617273415,55.94791225081478,988.9358089140501,46.38098112690733
711.0043274323587,150.14233412464637,122.5356110568097,39.34451236595268,39.97034724592573,1013.7125802435197,30.735824288982535
640.7444928033973,260.96335689104745,191.2699153472584,35.617437779579575,74.54990147598764,985.9287299974482,34.70203210472368
892.9701751231107,513.9487588381267,589.9262832705435,27.93475217871464,55.44867375460071,1011.2480470207269,65.80461934965885
193.8965704666199,159.1447144032224,387.83647832276944,44.306696257722095,36.52056365478639,988.5173825372708,26.104697679006044
183.3542995599724,580.0110356718889,365.8585738087242,35.190226690484465,34.20361835232799,1028.1714166940596,37.5353030093048
279.68568747614296,744.8758129417452,701.9687842597824,40.4246493969169,39.60118113371027,1006.7384516931722,58.815596382927936
367.9852639143312,228.58955972866835,86.34690201472105,33.39705348054286,59.107403000784245,1016.4052660295205,21.351120789878827
112.53286209194577,695.9852828734035,255.28219397591363,23.643463892230855,89.67195592710229,1001.0984680337989,34.46683210799703
367.91489274965465,795.1690076366722,176.96859054662738,20.76185498650275,61.710692412704574,1016.3399723932014,41.9712606334549
413.1165300365775,545.7983308964995,835.2912763666884,30.570098633912853,35.67621286917659,1016.6844394550961,62.179096882659834
714.0669274529828,269.7081117978334,395.1191224634502,32.815655716736615,33.609374649220186,1021.8808142134252,45.318016076062484
415.658759691231,610.2467221227199,81.31539891073054,33.32213255265778,56.46362155408393,980.256811563106,34.02978041084775
699.6071765146253,195.7230266444647,813.7546845418731,35.56336550228723,71.23041171031267,985.2354945861384,59.41009347644763
127.91497511732857,355.83246384614625,662.6152312579982,34.05889764039622,82.12838084409995,989.1197805895297,41.01703241922418
153.73434459445104,313.76915313282615,199.5044007864297,44.18279615525847,77.64642805159804,1026.098905348439,22.005280963275503
558.4321861365572,363.74463080677117,754.9207938933292,37.29467171065133,61.58596320469859,1028.5982718243347,57.862136264033026
527.9613215941226,584.2804844969282,339.88256067700223,32.42735842130779,33.75511360265737,1019.1396360818743,46.962556609811614
830.3081582073072,106.15746715147554,504.87868492425656,24.35413712351076,50.04801719048438,1027.3481179742973,48.289116157733744
519.6048531577094,711.2307022708844,438.45804191543203,27.158698837815393,82.66595157228994,993.0231468939189,54.46338833947509
856.255631281916,731.991676176633,274.24161573826706,39.67233452826652,36.15357685965898,1015.0383004264712,58.61708385328715
399.56652259906997,154.683233136439,814.3574466671475,41.704971819099725,52.818864919441396,980.8339303591946,49.20179053875116
266.31807147198424,214.71612136998806,427.2952417340989,24.876343541195652,48.7514550768784,983.9038433062722,31.522835454623127
376.1005316069083,340.47015649494426,604.4855892830174,30.445888578205192,32.056261293207115,1025.198666335231,45.67654421437627
117.3191924934148,386.38651588628557,788.8202170602884,44.36947677683317,40.89007767975589,992.8260041016401,46.66397993380255
579.4564882550471,192.22953556065187,382.8581430900454,31.922478116692655,42.49275648120896,1027.675999482637,38.46490643807279
747.5327123745835,71.88417559322781,847.4205575716389,36.00845204968387,51.68909436231032,1015.8143424320423,58.47932894189991
721.645079875102,479.7611548770147,172.89618052117254,41.154910814935775,37.17711680900947,1027.184738528271,42.9580342634104
672.0844122579375,754.6554219281295,767.2378747763915,40.643517031873685,49.58306925109139,998.2254705371591,73.49171001663767
264.0582200094158,632.018787755392,671.6467148755227,44.483447431679025,82.16374569847038,986.5111437802699,53.748178827965134
178.9396839379653,394.1658225544798,227.78165266281448,39.743856129068824,88.04513023124477,987.0519846878717,26.304431301285934
873.5360705525349,65.0753868933094,538.2300777255823,20.76734246932109,44.33816340310237,1015.1642006345362,49.687546832398624
603.4528873525499,729.0596429904866,400.51544591004813,33.36753420105341,55.52023802939646,1029.9551116558118,55.99599374669301
462.5947431483521,269.0578621012959,92.16015820325546,41.5038888253887,40.9691958459392,991.263340712665,25.635984485619655
181.0030601785404,725.3304104883375,674.0705741488424,23.802765237034848,85.19086521578237,1001.6900341177869,54.15282708596003
490.2971742247797,417.3033989761221,821.7944640491326,32.68492249947851,78.70573587651641,987.5847595196753,60.09979575799237
499.8636161319673,447.65865549159673,482.9968153514754,31.69852595040683,47.71567505802635,1004.6624678762435,47.74554076276594
505.34977935389634,573.5531857899798,797.0501945910321,38.32337538819701,79.02945495299133,984.6302630722672,64.24909673795757
306.0930447254888,387.09270697918,168.56558413078886,38.052958141732134,87.09099736753883,981.6308121073187,27.538195916371613
762.805555056875,589.1252955607106,635.8272871961975,30.526728045670087,52.74078578778765,1003.0883253567529,65.99101700637547
751.4421976518188,289.34280839117224,97.3227013007018,37.893690951969276,63.20083593201012,1027.9941216867026,35.1164582333178
116.83522420461676,506.32986204359474,209.98790614485705,24.617472636139592,89.4038251859784,990.3425324582719,27.094468833240626
430.6626819071045,522.4372135217617,197.10186609582286,28.83210564330454,42.02709947244125,992.7933847029515,36.4770715066989
673.163911347468,472.6043367417961,524.3683360412542,23.8352189122786,36.581980144590894,1010.5983388869979,55.347780884328095
312.2570578577953,671.2127086435414,440.03441449057595,32.7668783219416,82.58202169941737,985.2002250440995,47.10546957466314
322.0352440277618,435.1094900714963,704.3400306017106,40.62103619065397,85.93036322099803,999.25571931255,50.88794324704617
328.8832875077274,773.6179784691542,756.7844888819078,26.278921745509564,86.96576842479932,1019.9653252657579,63.346417534582756
725.6180024998212,122.61309999670407,445.85359461102377,43.17047997491943,37.26790664742046,983.8388536189648,43.28107685933671
852.2790862822951,755.0547061174252,81.12229804155177,24.499592630642272,85.79419351560225,1002.1000843415737,51.46490569365368
193.092048252523,217.43838191102026,755.6312553349754,31.333251001265356,34.57410311746886,1021.8876268882756,42.54116311830531
685.8697344983714,676.2970259065057,611.4472371241848,38.62719140772947,35.77273118314422,1028.507499418081,65.3228922971137
254.13418000495093,328.63334735779,549.7764766360893,40.84976673666458,39.32657917758168,1024.8546851002602,39.4740848863258
444.2682895311966,495.5926210419633,297.3702721779125,27.955213028677925,50.479614099618075,995.1018221729521,40.0906382043113
453.59336684418867,603.035415734278,111.86278484768147,43.02365216145375,37.006290535340504,1007.3806191756646,36.17337487126126
680.1357348640278,431.3689153746706,666.5675988320953,21.255510083551783,59.05615018680639,1028.8338336867719,60.00784346044477
611.2518523238788,457.45508801364565,308.08214557636205,32.13647266120948,80.85498440934738,1028.7273658962624,44.38449403318022
557.3623149948291,253.04392731649605,433.2878230780107,23.517596441815837,82.6898177916859,991.2369682633165,41.64370019246019
878.2344271460705,610.9632465956768,283.1035101239076,32.28964955350548,57.89086215656428,1022.2517945967545,56.00007061720871
178.57465439012515,59.99021501649985,144.11583693768478,20.62266462590864,60.01793652794485,1019.0537654507497,12.92157955970614
133.14813815350996,585.6057735882904,355.6667923164265,40.73979747363626,80.01042949702094,980.9595344904078,35.78928904491107
139.03611722554973,114.11355698318849,336.3164039822297,24.002876593917623,67.15552806874783,1015.4607144426541,21.047146385551336
835.8841163436912,166.43865121987352,183.99911734534604,23.355582851525455,62.70002796336821,1020.1613608357825,37.42964772072078
751.4781546751697,189.79677729439587,242.905370913344,23.7765454229613,58.66767471970287,990.4332389866344,37.95446279562073
650.8380348603199,379.5537572896399,210.12378491451005,35.81874121761465,44.26090763829565,1011.7059836627284,39.31670516107919
255.7069441525341,621.1250108958201,95.11244238404277,40.554952215414346,35.08629403509547,986.5090570893115,30.109456346812333
797.6778664688139,782.9109926951354,96.13020704535037,44.114895576146026,56.714411912847225,1017.7620613895579,51.26287405673249
859.3239800052306,586.9245418835735,592.4249369520458,20.399771719127266,68.57118895951953,1000.4030352927875,67.08445313474594
654.5003325641098,303.7886043647845,493.381695013556,32.059210778012314,76.88831220759135,1021.32462154048,48.483935908409066
199.81825745568696,370.9793610281652,637.9037588592176,33.688033287335834,47.64094729482761,993.8597589958041,42.64007890888427
611.112177697092,565.4350495055347,668.5288833260483,32.356995359527595,49.384280707666406,1029.4286855079085,62.03757214912074
527.6111764365482,738.6525043496606,176.00509562247197,21.810631308837348,78.17972225967266,1026.118239857537,45.028114248485146
883.8135908384046,554.9656347113216,621.6638227006925,30.010103201296616,83.76488893341798,990.6523857104125,68.02992967451948
562.225337529441,210.14646247868413,403.22364719371126,21.916134886166258,63.78958285330521,981.7978686380657,39.300099887992204
880.4564701926143,171.17224801643368,142.89434069657915,24.620481663593416,63.93620029319272,981.5493528311652,37.264635174134604
557.9803339282377,182.23258471547902,573.1861411595753,27.16475947419015,89.05591900586853,989.7740303920809,45.13383320569451
771.6507798774802,790.8949379455955,258.97131987022533,20.5291915219117,66.80335465555609,995.8996821886872,57.235224329501285
283.31676248201586,560.3366223741352,138.02336456317354,37.05104471612856,52.762202846361326,993.0919275009278,30.830536128211474
872.4798191020428,795.7650410657382,262.032168893043,22.258999372092255,50.13308171396791,992.7960599154839,60.52863256075515
853.9001888804946,549.2331244687128,598.4645303935715,32.40992644856813,76.26150719239726,984.5416820024604,66.03258061621908
445.0037336946126,750.4008020419607,692.1293231734838,24.092334241746954,30.204203901324874,997.3440158966217,63.54730899903656
267.55423174043295,735.1879996913567,778.66494599851,35.26434718815823,89.29520799711969,1022.4542331079035,61.22886478289409
745.3156716698717,238.74572116618785,301.53840328919534,30.428747614732615,53.95002233266046,1015.6454889441609,41.583377916649596
481.74920879257985,89.87009830877494,671.2571458672911,44.22172473849092,88.70853960839557,993.8493940563651,43.99886504773229
846.8634503255327,126.47306046886571,241.51673332875995,31.96376328849712,81.69747474634286,995.5070288963609,38.86076465698235
620.7556425759961,96.44502585060934,608.4780253318822,30.635547267112138,74.18638774763207,1005.7611057704784,45.85514106607346
139.4920275670124,717.7957666902587,667.2334963716492,44.25406440049245,36.5811550542963,1004.8163234103873,52.4079736825841
678.7942152951603,90.23580415997566,325.9621846316678,38.86542488547818,56.08181876101206,982.1459097002669,36.10938796892079
322.50034048321066,375.52757084848054,711.0043666417143,31.934189165037907,30.27184243175188,998.8317879989136,49.38101200561931
772.4291901202255,237.15808107767091,489.15058979424253,28.419094401517526,79.08935947372086,1027.4827246239415,49.853641727706595
722.2565850344953,134.0015178013082,109.83725464562406,29.91783263321812,69.35443339726746,1019.9710962783101,30.081233270899066
751.7304321565816,622.5016385121719,806.1601438529337,37.609163137307576,42.38963710915672,989.376116580959,73.47336787417996
456.87612343041025,545.3830031880273,764.3336131595859,24.3097825432668,32.374051955489435,981.2276446906923,60.64111832493656
596.1088361034617,704.8742644602402,128.46425605328068,32.5649814357144,77.93539092019142,990.0803742366146,44.168063259042285
295.89776618211806,487.9956497096294,619.3084175051998,33.80716701012862,46.610033852286136,1023.7419628627938,48.28913917696042
458.55648499093496,587.1719237685857,532.9202157787361,22.383049656688115,71.83366514474407,1001.6590971592411,52.68866089393506
561.5768940650534,544.0412796116696,842.7148211143274,23.212455799125898,88.83934926560255,1000.6430691763718,66.87713805487479
777.0793105344842,282.8693634944374,354.34211482138056,44.37136389898561,60.71141190271723,1001.1220070246565,45.97214481372287
569.7779767047814,491.61846238241463,653.9940652001434,36.32696722123093,74.50479196207917,1018.5547548985742,58.00165578062162
101.20917771040769,238.6290935792577,490.9836151026299,25.54138747836548,66.42179751814399,982.9088912431765,29.834492742795156
652.8703888255066,795.1653378297207,711.3855715781307,28.151936790345133,49.495894455349614,990.2475730961957,71.89649466278203
400.7793077004463,72.20278168457406,339.6898476713011,31.86155904821224,71.73591577994712,1022.5507134534661,27.777056588402655
807.7503076789409,50.252261788228346,371.6414271748969,34.686746714028544,89.87726351013768,981.8354205663675,40.60573417101095
578.4616591593424,346.42531686320774,520.5821195914887,21.827130763403133,75.51298459260772,1020.3203833994376,48.569894064336054
310.3115940560032,791.9398647853593,224.27233971076475,35.95731064661021,69.23401446012286,1020.7303428678057,42.03843735367146
869.5997482511023,128.98573247208378,663.245521015066,28.75996775967773,36.64510699721177,994.3632614406438,56.48738526229821
795.303964399465,571.3189520965533,191.34386458986228,29.736534968846435,38.81585919433341,1017.3037389485354,48.65244207847504
676.9343765545754,250.84462160535554,768.9927897075312,30.495524267879823,39.31804126577222,987.2305731410341,58.59308153309918
510.17859776283973,771.7236423110945,249.49670412891135,22.153492646636735,83.73077155317267,1001.0828082695479,48.43693536737449
737.694254786295,481.8999465645913,547.8463627184367,30.37173690536667,55.874054583301856,1027.5346427582824,58.501680549264066
384.6491444587116,516.157431197805,199.99760884224298,24.438383892515652,72.91376909172718,997.5442192082704,35.02410162338522
614.881778015765,382.1836266000578,695.6284694409617,28.091794053816905,40.61931543898641,1026.6019724531618,57.73710091611315
441.9507350031039,511.52632423450666,518.5938240641972,20.850413443727714,67.80460952325458,1015.8059659853013,49.3480647396962
138.7144352820381,170.98827119924155,250.385551857798,30.612813428079377,84.29826121772032,1004.41716423295,19.30650326875031
424.5838806024657,479.0068493924336,812.4254041335524,32.220691161801085,59.730448068030384,1007.239395387427,59.604738065189075
413.8248927791739,433.2786700673152,746.5510119701914,35.35293161548695,89.81283346294346,1027.2836493430282,55.275147364202326
567.4611282877581,620.7722392742911,646.5572898470823,39.54352773046583,70.54334022786443,1000.6607954482381,61.50929262074477
613.4236029879283,567.3340113733725,571.7389400167477,20.76024398147313,42.99531790245925,1017.8751160524265,58.29228603150894
412.8585733837498,190.38444024447816,801.3430779329218,29.714732934370982,36.03310228938515,988.5541189226166,50.15101352616371
707.3188809434149,609.6997609035396,803.91065817569,40.37911486962858,60.04229353368221,1008.9966482962594,71.66698558243624
872.2750617028756,80.08252942460956,401.81769468778595,34.03169998723916,61.78332781120538,991.086768834836,44.643435521335995
266.86430339761523,626.2204779993916,843.015624833352,21.70594620113943,66.69132664510708,1003.17948990476,60.51316843524428
619.552510828871,691.1229801520568,473.0429626187014,33.76245906090472,66.63376636998291,1006.7699403756022,58.24198323417589
664.5194165889206,596.0995349718745,443.26665803036747,40.50554073159503,47.08405210355135,988.2615449827439,55.54923486803856
154.79048753021667,507.1068986076375,202.17726701537106,32.01969913264855,52.436086808287016,1020.1916165489922,27.944012264750466
598.3905669803988,296.84678507713727,101.83107797216002,42.15957398434569,87.92619341718802,1017.78543936196,30.93036368061248
195.4539987475032,372.0065110747843,518.6210290923805,39.79005157887592,72.61843877222564,988.5680164662454,37.76865645836384
576.7580875893802,608.1527831897469,293.4245885418037,28.51895077314732,87.01007796322077,1022.8200267380311,47.28430966504596
402.9750589046366,755.765211977776,180.3802681613749,35.97544996964546,38.80276447237863,1005.0318607587194,41.97741885292737
593.8688109405489,313.6931903706658,172.35758630295862,42.27242124392336,81.60650355402512,998.2465231652626,34.12116349145479
668.9641997539452,293.2130063634063,93.93341726369262,21.69204866666086,59.22703443819988,1008.6395667603708,32.62265287406825
392.210613230961,194.81573814645859,259.5511514516327,40.74716995834385,33.19710525608643,1028.518460636582,27.992836599387893
231.75447293757853,592.3941531207604,534.9132739472977,44.58859158365071,67.35355796633358,981.4298596982745,46.12098973964207
572.3835679628789,522.2891033409002,517.7991227310642,36.44802075436078,36.805632539918605,998.3378721765862,53.55214504835594
723.3117899641356,351.5447341691461,592.4077358219773,22.836496948576652,35.47876835096017,1027.7801614794025,55.94200515687754
775.7903178661683,653.9770853730377,226.8824247062527,39.01153854421521,57.09457241897995,982.095890412388,51.96831908542629
893.7855320188405,584.2999705483078,563.9107223205543,28.693957980624504,82.75312012268517,1013.1758990613993,66.89899396983662
461.9091243281351,799.8163070649986,725.4200551396677,25.815955538456166,48.64349153554666,1006.2753072871133,66.86856514738072
379.38055456027104,296.05175353633206,122.97669510362437,41.066112647991325,89.23946564737251,1028.0803076386387,25.182037047043064
388.84162459372334,704.7843139807934,246.36158333984721,43.57704489002171,63.1695595091192,992.0620337142229,42.66324149082939
730.8856209749993,51.321078308716054,608.097114244048,38.97086664197289,78.49305122819,996.5410162573886,47.79008554827338
518.2824087576397,410.0757742230986,654.198718312275,22.520983780394097,85.64008418176886,985.4441203628008,54.018694221913144
710.8806625443636,348.57450580986034,316.233491280556,31.04129447665599,33.95429057010997,984.4900450500838,44.432994701848955
542.5184966236513,411.9860050441322,151.83046898732437,22.75905754207831,40.012199171965776,989.8604102385768,34.70835380952648
503.2050013763967,565.03005391507,604.513500128887,33.055979615182096,88.9343301535678,987.8773390724332,56.227591663899474
167.7470925069012,509.39412272745744,692.1389767507497,33.10413441250846,62.570784145572034,1011.754987196375,47.99979552706075
817.5312811216861,757.802505422188,89.8671381106184,35.42821030485674,41.90620574325196,1013.3161536602593,50.85469912074095
193.38618232923653,227.84359325024775,802.2837815141975,24.826219311261205,86.55285631443647,1013.1949837430432,44.72824452795243
560.2367152657282,570.9479651633508,647.6616839314754,31.933014775257874,81.76242297898568,993.5153068805653,59.84200777013139
435.8650900659534,366.80991789070885,295.5867325637931,31.33028313526335,51.73148824590771,990.7405823494612,35.90371954125159
191.15488501155608,516.019211607518,813.4248630348147,39.447913670420036,53.977924431978536,1023.9792699547318,53.752217419964815
544.3623081239843,519.9507057996525,127.85961647568989,37.35525793192089,52.8844373490607,1004.4874672263594,37.0437750767367
604.0271131721895,247.46694134469857,176.5637540130444,30.68962098425198,68.0187698415624,1029.9811590826728,32.60737179602842
562.8657030092176,362.6103077237908,167.41683229273525,41.35863217046465,63.34216807800115,1023.9645622453329,34.46095361369966
633.1218672873964,294.63805756266913,821.098669754288,42.50940554841209,59.96868009312031,981.2650648603507,60.67674453567349
594.4440745508421,379.91055017760567,688.2764234805355,28.017810612359295,48.55079347164792,982.6780414231681,56.761695681074855
846.6261099393103,369.7449581083224,285.5850753582823,20.424559628308852,52.5180045725922,1003.6829936311227,47.91453505576027
755.2534963840983,561.4455094761299,588.1648948431068,27.996526167606053,46.29057357667817,1028.5733733550874,63.02756596953111
786.0424503460903,493.44231223603435,573.536211233872,38.240250832536674,67.77644468938388,1024.6535712386328,61.325991326818624
420.17227328936383,533.5388916771593,736.383807956801,28.222847134815296,52.2778878933964,1001.1145516375786,58.06668726726773
798.8501792325004,506.17441514950247,382.3171435689612,37.32137851908331,80.37895386882985,1004.1954325792113,54.443423574218535
295.2498973439443,350.990936976044,86.35818781530585,42.848973646101726,50.67729071817832,1006.8098307015649,22.841552542211883
537.33084959226,698.5314252230615,153.6682420687872,35.906248294159035,45.066550221944524,1000.821858252367,43.22259792721113
634.8420579215151,741.6091997837768,451.6992824113427,44.66779271993519,62.148509448892405,988.0823833538508,59.36150902761246
807.9059759444561,431.1840627852496,528.8485151069974,31.329692474452457,33.56330552705716,1028.8054077173636,58.326641766171065
449.8787476434371,194.1608894275919,121.60363836330453,44.544932078133314,55.820000709349074,1012.7420420682403,24.18533464666305
340.3669108843317,623.0102997964367,681.9668023932884,21.065796751544283,89.3806975580984,999.343529471767,56.179988416154586
464.3368107952401,749.6794862749158,106.6531160968226,23.60164852843386,83.65578706653044,988.4326399088478,40.68661355597758
893.2568813224973,539.1901557999192,610.5800069927179,39.993041379024675,38.86807685492874,1020.6154423100548,67.39661139338122
294.5248049074746,745.3478150336507,689.1546257737543,20.605367678542933,62.761940978043164,999.9898024661053,58.76236362918394
591.2111430661414,222.10804750804874,174.8111021196859,25.580582401429755,57.80814055349596,1020.0343664486727,31.39201980201314
105.85127433345764,142.96337795843647,209.3083153510393,43.03795889540149,55.76554368107024,998.7782041543961,15.836772182798398
538.3372884672378,375.59608512282,424.53805453171674,27.47195344066501,37.108788208347534,1029.9186396901948,44.3995233889704
220.32260473822643,203.59504047494386,591.3419991569616,23.801626881454027,62.828110121054166,984.2698448492234,36.37120932267357
670.0876780046099,402.7684825730176,813.5411069645719,27.940230721521097,38.834823880575556,1019.5981553380132,64.7273290959117
353.6747635030218,63.20722631971991,734.1182555730186,41.70700519848262,65.03989067922646,1010.5921262845103,41.871189917603
357.27209794502147,271.346849381658,651.8854056922526,40.356320951248776,88.39034686012377,982.3953301364776,44.93398464749048
894.9751418160715,361.5108385805927,141.5425455670348,43.18661480608524,47.439630907200424,983.0637443299797,43.35628123458132
311.88019252750905,421.6713143577105,662.9392405050828,33.31909212667703,35.02059765925,988.422581643031,48.5241148267599
636.974524353126,769.4723451976585,200.7012064722354,23.66165619172506,60.02231960227495,1012.1496486635112,50.221454345412944
655.2015252964214,408.44913608640667,505.4714556941482,22.265343752970793,44.777693588716325,1026.1086627894613,52.128378069250765
147.21623278696336,399.3611293000895,123.27917025204854,43.46033262227732,63.732821226088326,1015.1444669053872,21.328487672693523
264.9031265122364,123.48527313792249,260.5272046632763,38.555727500316365,52.54427997223915,987.4954494495784,22.072740176035815
563.9616429927264,308.00972028146094,489.6186772307081,25.20330618575139,75.48366159839291,1028.977755747777,45.743887987453945
442.5442860455222,523.700230792621,102.50660505845569,24.906081196514673,54.755920315387186,1000.461109531213,33.087599707482525
109.90272680917998,637.9446546820543,560.4405655898845,36.4255220018305,31.613665605489746,987.7997941026063,44.85304406833241
891.2160513571724,110.75877156587786,571.5459716330201,27.949522671402107,43.8666692681986,1006.0649284891003,52.92108355301231
448.65271358624705,122.39433330775898,713.3596252035918,27.53103679071237,46.25555175580672,1006.4477131432659,45.66579641496385
306.22134948687733,166.9395392475161,583.4327352846633,25.225152660912684,87.45939061296309,1018.5568868306082,37.532136073418336
797.0406708100421,577.1923900002299,355.25103352817655,42.2881124071575,85.94866750000732,1007.0008594387317,55.43703316543522
526.1966027993778,727.2472604021572,699.6177283223767,20.080076226295315,37.89890738576146,1016.3172099173507,65.58802502894112
215.73525947730337,183.74539980509525,289.8262325574784,42.801832511626216,33.43067525285529,1005.6756058145514,23.577469080771095
806.3974048581523,571.5893894602907,191.0773450167043,25.563347183401547,42.30072355902715,1016.7438439359222,48.98269763022146
814.456616053586,367.4706680089563,551.5984591986102,40.100055865890724,40.01394815345446,1017.1688910885259,57.52175688982068
307.3282477606631,565.281619661814,518.2672379763299,32.74285261875232,61.30934300552935,985.9501833080417,46.90898554172751
538.520711694086,320.01506486819034,499.33518664270474,40.0590061083698,36.71465528473059,1007.1930227324774,45.729480762576486
112.00464368400844,492.3561509228491,490.0675467197117,34.45807094701135,45.9608165949154,980.9925973225212,37.73352570699419
112.77488052343045,754.9843121930865,573.942969650355,37.82434704513342,80.38654164193738,1022.5996933365258,48.990494567509714
766.877590517815,416.3495054210229,737.2068304027903,27.626050895786015,62.33587859827383,984.686097761876,64.98508609427674
846.3273342835538,247.9440007129238,338.46256876423536,31.311322012720197,61.470149653524686,1005.6808597258814,46.366642800463744
350.6809926651463,754.781785492446,553.1868300196229,42.84658256670457,79.18741951680241,984.1660479193598,55.29135654551269
224.09356461996992,221.33061874778207,712.0978925461687,28.16909451117504,36.28640293949244,997.2857073116311,41.84664120287931
476.93696970383,737.4705781189784,376.77504503982556,36.13453291123947,36.84789809304265,982.2034780337609,51.50322823627728
709.7515253171559,644.2529162456535,769.381045532989,22.03357678192471,47.12632000097859,999.5349668115632,71.39537506820383
272.36601829028587,199.39009034871424,686.4321273467357,24.030407919139805,65.35112999697313,1023.0451339524443,41.609968353039434
281.98264531268615,593.9983728756642,630.9340558951003,42.00104508986353,45.04810794085601,1027.143168525308,51.51679278145453
324.98911680284994,66.76820923090635,131.20494370687277,23.187434280515454,30.181704649136375,1008.5251345243825,17.000917529287598
695.559533250966,394.8683105393132,767.6654463938678,34.852544662600806,79.46424678204619,988.0729065921718,63.419453169463075
183.59874482474154,361.61343566398097,375.0578498512364,24.606970632240753,46.39201110540495,1001.2171309038534,31.358679408711133
130.02952544175335,431.23888133370747,85.82191212227939,26.350807797544626,42.689861702789585,1010.5963814447131,20.270928688155
358.79115766149476,627.7914690353778,240.46149706013938,27.277152775582998,44.78370661818596,1028.1217083658328,39.215938683311755
129.61048498041512,580.3850770919538,370.3954759404532,28.40824092370365,35.46551643065443,1012.6392699612783,36.1156858997892
701.5258566617821,413.2525816280604,222.260982609671,24.132072491089325,33.516062734831976,1018.0184256670851,42.33379245308211
162.58489662542902,503.60252464287095,697.5221381447419,43.342722264270435,44.76954822234003,1000.5624566638721,47.88650816383868
251.64684149921123,462.75959662704037,108.9325529902944,29.495159358877856,83.95505040631019,1024.9097103624592,25.789495263399324
196.11492666884516,161.5166729286878,519.3328163889885,44.87027481585625,59.40268860010873,1004.4916601607404,31.502260643485535
875.225332243451,645.4346349824829,387.8870122260423,35.879727446550135,50.69369808231893,1015.7331410170656,61.13527950581971
248.72080099046272,619.0187006433687,528.9094270175374,26.192692844746716,65.31060251678642,984.0887173566787,47.18856212971643
403.5235188617602,566.0695135789907,483.5603899337133,31.286358160451435,45.032300801615875,1013.3451548499655,48.43020657057106
157.8317917956034,723.9308686857368,612.7681468434208,25.137504029760724,49.433621675415125,1029.5104443607506,50.96360568817704
541.3801919313645,181.78499705011512,660.5443298163536,36.17853278500789,63.24015810866199,1000.8180715342829,48.11672886209853
299.29861354167207,305.9045751313532,433.7877020832136,32.330300779087324,69.4648721085812,1004.650661501866,35.507603743519304
135.11594459668493,479.9178295093363,527.1270339007622,34.44662035788909,69.83062181036604,1013.7736797420247,39.536094579211124
809.6048725213284,792.7268205324955,391.9891775360265,34.95594767027505,68.05175177481429,997.7520825917039,63.74951789305577
441.22556993646276,52.29136360478119,327.5977407121999,41.04200297077787,31.390823330424684,980.5144030444211,27.90941763472531
683.1204590080425,316.09916211898326,542.3561537853063,26.211228185600625,57.224568566214856,1020.2933344539848,51.67083478522303
161.8804539409968,517.9093025237217,699.5659819805328,28.04244538972386,86.88501715644341,1017.0323740496516,48.37633197316287
168.43389753311902,350.9189007926619,745.978893985176,20.45723456516108,48.53027800715735,1001.0151018579546,45.41973970918047
169.98744772001393,269.2495004739344,402.2251279960886,44.48188508153625,56.576151701599315,1014.3101828608225,29.266113565661993
160.59861153843596,655.5996381555537,101.7207362998455,43.65211247273878,41.10925776900969,993.3340179307886,28.55477694281351
174.78713410507413,203.64322046519152,653.8007275144578,26.418574346979316,62.11885320984036,1027.8128173694254,37.504939737686286
232.26696873819589,241.1207830089211,616.4428658329772,40.192135986208996,84.79749641594933,987.1446498378984,38.8593471857326
712.2393440112244,262.12115771382065,520.7421103879578,29.12500830277651,78.97074568810552,1027.0454948274867,50.060499467269665
726.8467516448499,664.7201222898915,622.1087118309414,24.21708400365683,78.54622706152358,1000.8773173378266,66.6313546912799
224.12313522996072,152.26080590442731,741.4408526762373,33.420353218133414,31.836172666778154,1001.1377748540809,40.94915234108114
502.91536381535866,196.82924849415554,736.8922520482612,21.443731200491357,40.35674184045344,995.9182867990014,50.46802845121588
622.828724217867,456.8565830227664,735.5905937276318,30.3505278320635,70.32339398818088,990.8486198308533,61.81418296632428
811.9982826634827,613.9104930245273,195.2807305025401,27.153249332474225,50.17712791241313,999.5626897588406,50.5884924907419
580.9958365807453,79.16544205879961,409.3434665541911,41.55171710518955,78.87362694716839,1017.790602192698,36.17857702135399
791.0765189715329,450.1870891311901,389.5536244446654,21.812989258054895,57.95805701426458,1013.93371901041,52.8200532208683
486.91641591665837,62.16662485777559,247.93588159251726,26.061774702532574,78.04866879037593,1022.3873500327959,26.389926486933707
555.9227774792687,731.1808299103326,702.9425109319731,35.0766147884664,82.21534844385359,984.7928054030409,66.73080865896695
819.4559491710064,346.38008646435077,782.2447625522323,41.484393684718,33.2203853783158,1029.8054827879441,66.26487157115001
403.2274865977305,793.2647950707534,80.050739181492,43.24215970318175,65.72916055441422,1021.0224121716922,39.09679801731419
677.8194844685107,631.5591869446458,404.61365205251406,29.29502408224173,58.897715973626106,1029.283323455471,55.46590622449526
625.4710411081627,78.2833472469298,837.8338991959569,21.9273866665444,61.61870155579496,1023.3994669175645,54.62598761849106
725.2912588130408,555.6796824315762,561.8734722883029,22.319251662570814,39.15422309476476,990.4760657453645,60.904067128870636
115.89146668060212,257.1976581417497,340.7823351850506,35.38972233585909,89.5570435231749,1018.2665179638034,24.823967152072576
540.4724889921679,273.62973171796307,826.8175804263825,35.69685734521879,61.146924493881684,1019.1882331061935,57.49576983835923
129.3968568090599,213.45728346539653,748.485702109966,27.464794790315885,77.05484769188848,1008.6261589350921,40.22505229263234
547.6755500450283,210.26384019360017,426.4395382921921,32.5015497453488,58.611215818316396,1000.9468115385567,39.79576323884654
873.654553197571,735.141845955942,684.2268017182164,30.107144396551107,68.06325915851315,997.173543103841,75.63296404333404
710.3333260638251,372.98238346003035,535.0324597227711,37.3839359242678,72.90958220670794,1004.6291386907396,53.90076967462651
418.93629887575446,206.8884916400418,336.6881885653617,34.38255476051336,59.71472932748583,1020.2861799724071,32.24227125808836
677.5280925990111,620.1338223259759,424.3095046326495,34.14404440860213,52.88062883941612,1002.3381812564617,55.9022376330556
102.01281581796557,207.03581184976392,453.6978135855968,33.30818568753298,40.50753752886301,999.863930314832,27.41937137345576
773.1542062550714,268.9253057409239,213.5348935518999,28.692080968210355,63.479419651401756,1004.5977274358735,39.80378110195585
767.6009686215514,503.015249119214,534.7185753158797,26.067741510416795,47.759997794798,987.9314270162729,59.50722954485815
258.5001666248081,52.927153665768564,701.9581207255249,30.581942950753948,61.93007993029421,995.7565513522752,37.42114443773829
128.01072336370112,405.54518992329156,739.9347427412696,23.781907506402156,61.61927736917403,1009.4131460303998,45.604067108260566
398.52631225290224,543.7941331994746,673.154212737346,34.29484643461258,39.76706426277456,986.5307549284893,55.195781873065144
567.2518181008371,507.43845173593087,475.25119813717015,22.34120693181006,82.14084089385037,1013.2294980017718,51.25075602058985
531.9900215141392,201.80483550408965,773.1672736098838,34.623732848688164,42.05978220647813,1021.3931362659207,52.94053665494222
361.21859040464904,379.59102752833684,242.66131737290573,40.00499397877766,47.01852528172435,990.4514527237459,31.930741232905802
618.0268355822864,757.6173426987741,559.086954317685,37.03536918045752,34.16857798052098,1007.9828520661802,63.632803521139216
856.5820114072293,776.8453758499967,355.7814348965088,42.871769431875734,46.34472724206037,1026.6773067806803,63.23407901357714
364.1220535369205,527.9451660427185,559.1144335574973,39.27575788824976,39.96604738856326,999.0945356599229,49.12659392968906
188.9031017091299,349.9303962281373,723.0858571859682,38.13314292915079,62.658851377676626,1004.9642072667742,45.08843922555674
675.7387494677566,596.1546552201762,790.6516622380329,23.78293806241303,78.7678366790411,1007.8513006313468,69.7828686301593
631.4925516520043,519.797275928581,512.8921176284531,26.488304755551788,71.61648712940104,1003.1168153638239,55.054379532555686
372.1746344623723,614.1046333258782,510.8271477909325,33.135443722683824,59.268589911776004,1010.88132905224,50.021463945284815
267.66781819548254,278.58630562311856,318.99329423534243,39.660322903799084,44.763208480159435,993.4936818577673,29.14735548397173
226.29904647563893,152.41902308537897,416.93259848553333,23.134069213381558,74.85712527527978,996.1137852794869,28.03884602625187
791.8836692285122,311.0758110120138,792.1786673414656,27.022560385760695,52.511378674570935,1022.0165693743955,64.7759311008744
589.2211323016136,733.5749507454399,595.5747257153424,24.5294450705776,65.27615577690028,986.63436455131,63.5068715200253
262.1818579601545,481.66282353852296,305.4194018641462,27.750649900893727,50.74569987827359,1011.4575121211944,34.53211651952617
281.07963482502555,431.6868390190829,495.20274347997935,36.20943581665526,30.07920037661449,1021.5938399918836,41.19110395452243
443.2464719503634,303.55014976068037,240.732239433505,31.496047812518484,43.85604528067274,1020.8633160281408,32.033188228671506
759.9575394722846,731.6484684165845,618.7585651191013,36.34413155484396,83.2837949574739,987.6403912960001,69.49852284143012
273.0127387432983,565.9234548384243,702.750855047175,44.583933221511,67.64654261833229,1027.5258308403525,53.27812000933868
162.85155403805084,274.83803862140905,742.8650245979687,37.53664087492827,70.30205826031056,997.500341543177,42.84528876370255
437.46123257098503,249.1833926408286,583.858165430009,35.57071510218284,46.72093702849381,997.4496259429814,43.95366537355476
852.0516878221298,727.8444642273843,573.4421085077524,37.363674996587775,53.95247896906249,992.223189153504,70.33456890179552
117.46228771043832,342.5898877031277,639.8685888565816,33.00243890011206,57.54304812312137,1029.8280273222717,39.39630881667024
614.2933363315294,558.3692204547896,802.4549522784251,44.38686107746911,69.92366320561788,1022.6516323184935,67.27807479472658
504.2171654916171,701.049499684194,403.26700079099726,33.63415623711997,34.504332007731996,1019.7798369571334,52.288679986914225
789.2088583647994,484.1624766202088,461.583097081549,26.196030915627222,48.471690923008616,994.8993663082288,56.664463932812204
541.5495305319533,773.7338892852823,717.5051067404155,41.94851605675562,53.37636575244011,985.3630047111852,68.15870686413368
289.74575898402327,409.65516740116,522.3686529459659,33.91409283385871,40.063015304353485,1017.874028014805,41.87677390939413
574.589279679967,148.85520186646468,205.9192258951358,29.683184407999754,36.57709527439532,982.9317399698152,29.940103482198385
102.74359894445837,555.785999495138,792.5785552607931,44.03341705877121,33.50877854899351,999.9970067432272,51.4590301636196
146.04021462127372,465.06179843491924,255.96343315662745,39.083777605481615,81.3004508423715,982.2892699613323,28.571597717950887
813.3558963909827,415.5651100257748,137.18797818806877,40.50289714218902,37.757348033582986,989.2476837663792,42.355149320025475
689.848204163289,505.54539811728597,618.8830233286734,40.25736040811876,87.23534676627841,1020.8258757666802,60.61712900156418
477.52767529584,264.7848467897584,643.5226550453233,25.048644781708603,66.20943813799957,1007.3429856664524,48.01028186438088
458.2651368189984,251.44272444396523,252.7603903921313,34.25307089575417,86.20227928839579,1016.0072286634689,31.401651453574164
161.38140509156491,658.5820166409139,213.28729814981028,27.808056445963118,45.40047718836272,1024.2206307361114,33.130394577966776
145.0979064514638,303.4570704954337,183.6376596756329,34.878978472030234,84.12139360804508,1003.2841359256694,20.80215569543224
580.068968969315,482.7929173180279,763.2091347889526,23.17784291540653,38.529839354032234,1024.7705869901836,62.4142219801784
626.1716895152462,117.02859300671435,460.8343837939621,23.489661862920094,88.4334097666103,1018.1933459176333,40.7293838274173
611.2053058102941,713.4878242461522,508.87457682926754,24.627115091186667,50.91647669797618,982.2898293076877,60.09577697486409
678.1618535991914,255.44455462657095,826.1235226216827,31.28324630738026,58.14576385211928,1010.7634585250269,61.05313315164018
310.8065406791152,546.3060935322433,717.9298836483357,32.668139156110236,36.947103564880344,993.1306159140256,54.43057437227418
259.85441972164915,144.68562430484144,354.7579221246685,22.473642112967433,78.04721330294356,987.4355364118641,26.326518205781458
637.3339784900555,499.35708833815585,608.558573549425,42.51242220548883,82.16589499065398,992.8709768256933,58.443074946823344
798.044103105067,775.2209824367036,146.33502068887043,24.57545408832786,89.27434158934119,993.6389182877369,53.05135339380793
894.8983090364394,171.42516713058473,423.8563648920591,28.08995479802786,39.766582285398414,1014.0996060763179,48.943958880693096
687.4436456311479,707.0470069100618,681.0037392055618,40.75675678810728,68.72993356500288,998.2524378620025,69.07486914445876
415.3764486855421,362.6382738874813,816.9335303466745,33.63967973246942,41.0218993175783,995.7175437533065,56.01778289105768
885.2012993307043,694.5204792309928,677.9679072394259,27.50230867524312,82.9581752778134,997.311111980384,74.51036964642795
756.9683337240749,662.4693233642707,142.6339127434562,34.68295527244772,85.16539328849956,1007.6064065316241,48.28848622238861
108.27363315003123,123.57091675968877,247.49067509571842,21.22614005278495,66.23387106385385,1008.1288063691472,16.854963501120338
252.53692809970457,117.80922198829236,138.34587246236958,42.06691539004285,56.256853933248834,1012.9887559719921,16.64421940113469
206.66514678906367,333.7682579318531,838.8179895389204,41.591930253331775,47.54622273916627,990.2321085153677,49.76572172318432
671.2114108756624,519.1008749555872,646.0158727014248,23.558990998093236,64.91090030854092,980.8146211134217,61.55000348299448
464.60111708195734,318.0055330477978,596.359121981329,34.61292750977714,61.07611762095526,1019.0078539712011,47.332564383145815
735.9516187536562,376.5634952334466,204.20742080867473,22.114021546358693,64.55560305952426,981.3415383721252,41.54375025196008
654.3263778968933,115.81841587121723,266.7880388669666,42.392296518459986,59.09462538768144,1026.2986817581207,33.77586536772198
299.6613269511302,91.82902305268246,401.7977012804465,29.945525402464092,70.99844876122316,1009.611579842718,27.816618551332244
369.43696715308363,405.4715006893825,712.1243517232035,32.29699385975069,82.15527036670309,1017.9422736413003,51.73222810420212
237.3127910481859,776.4043314198935,536.5747510608014,33.60526407382154,63.83741816169975,1019.4375590288785,51.87450371647444
108.14866748567668,695.3696388378552,729.1804521367839,43.048004497931345,79.88075491511356,1013.9055469241367,53.27276727517731
573.4053900365022,599.0714406905839,142.1706246938149,37.200489590285684,67.15834372255276,1029.9938572995372,40.86112990956518
368.8391040590016,416.7107904703428,253.53278086333756,38.38142446021593,58.50567029152829,1014.2893852450734,33.70780807041383
224.47276262646253,441.16775380254114,159.18705867138755,39.54005393711415,43.50225361090594,1022.2587407595594,26.336697839725616
886.2475788024384,742.8081564418461,176.07247385178508,35.76921182985476,71.66735056549413,998.350055008185,55.914571011399936
500.1667796117543,388.25202125051254,510.96624815184185,36.819543249551856,73.43160151768649,1028.703580437726,47.091213951941675
733.4690984887883,284.87301659216973,536.0256348030188,28.497510078831624,83.99685932231972,1004.9079232445491,51.99128884454949
525.7956587980091,88.19860552650361,732.9837616583986,31.17466432779627,81.701555183681,994.7321481915369,47.73917839607133
590.2084273604231,682.1816167939609,721.8871836023956,20.74232204986734,49.570619643978716,1018.294025830218,67.04718866872734
658.197127602253,115.29814522766874,671.7230184727832,30.1430331748332,40.623069754710066,991.1492429255453,50.07377892380897
555.3551466925794,720.1200799523331,113.15666057621037,36.15398146948331,75.99143263165087,1008.697270357963,42.79052322239579
169.23095385170646,581.3843712762757,154.83371727485053,25.645074310866985,55.778732940827666,983.829877794305,28.711808444833487
252.82832550320862,776.1119224811379,389.16808535936815,40.385842963681455,87.06265252269752,1029.7423048907235,46.43493085390512
783.8922307911804,683.7968420653733,377.6002466203379,27.407135865837738,86.6345631007687,995.5448527502163,59.13468205051013
732.9702988707869,89.02579664444578,324.69359455904487,38.09567923983701,60.492420858008444,986.5440167385154,37.647626647818775
619.4020100717966,743.2199920322198,407.2800179460158,21.196388805627524,56.679007176294185,1012.8098272902454,57.169860780961116
429.11226665272613,291.5824785924682,775.1727644501294,36.30593225161434,86.45608528517718,1009.0059519675839,52.627752935361016
448.8857235018309,455.78242449830844,591.5632467815931,42.10900320936801,30.52043209019638,1015.5667636095188,50.8025743112679
265.65055595400156,585.5561081448873,285.5112667913232,28.982804218521178,41.86167305627827,990.6101405921629,36.95665059461959
707.3412478084392,646.8615855302997,173.61901280837282,23.087867452597635,80.11344673811176,1023.5750892297178,47.57084551249708
160.1926591409077,441.33935056236214,464.027835594846,35.55100291344728,66.21877598557626,1021.7584835173996,36.60707371489194
685.593437622721,670.3142447262924,134.1657875757505,44.66115729330248,89.9166081491118,988.0268083766636,46.04386197350042
109.51688273613271,781.6247258591051,812.0360602814206,20.095118621318548,69.16569252835558,997.1312813187864,59.21569066911396
770.032412661585,134.59129285224054,804.6452189796391,30.442841037475684,49.727483485735426,1013.7582476614331,59.324519924600324
411.6387699300626,317.23313893371693,592.403276265305,42.98576382239601,34.870157365184724,1000.0883716924237,45.56228831652559
505.01955664378386,94.79466736121951,125.22495630200972,36.132824122815194,49.764144800090335,982.8686560410582,23.00342497223049
465.4899566347868,769.0106510779076,269.67915689661066,31.23944192185447,51.82691872536169,993.1168864159595,47.822184507245254
361.64567334675326,770.78526442531,645.3449154705495,41.99233360972261,79.87750695482714,1006.2119605440971,59.786724751983876
780.187388801964,736.1882444930204,653.7063712358192,42.93153483678074,61.60288223658368,999.6116277283381,71.63952384828231
175.1806400829583,461.9227086993679,732.6167888608884,30.160134938562052,63.81037888435449,999.9582931494966,48.41777201790532
366.7200915050932,82.73159264693925,177.27883090881843,40.07974267384181,41.72274157661686,1003.999779889014,20.57470376091371
424.5847837955536,714.688313836353,536.4665415127477,26.20126922497196,88.34055839072816,1024.0491718166727,55.6368545894671
630.3635674701421,781.2459414787927,610.640673437688,37.66834595116637,45.31362778661994,997.1992340240272,66.77391220597556
469.7286529749739,151.61733444224325,569.1259581371864,43.34006537600844,59.07926391993985,984.1747375385509,41.40541794800397
258.1825757640752,107.01328594774027,475.1466520771128,24.64681600079777,46.76122479923286,996.9466745400979,29.961741934438976
358.60879908022173,552.851993911177,224.5716993688591,21.495484045484318,38.86238909471725,993.4283992662198,36.32669176449633
524.9446333301357,188.3647906933162,179.00069682871003,41.485149360300305,34.44972887941083,1013.5353487793477,28.559310593851954
279.6135258075477,685.8282803979852,486.61529333313695,26.59784794093783,71.77855770881054,998.6627645868907,48.42786591949147
800.1730642136284,592.0715697876398,293.91896972942584,39.83932841721641,71.85862565082573,1014.9976610905368,53.52409780921507
785.0928111086637,189.9357947955472,159.4511897571793,30.16189554803656,61.87654670986292,1006.0778446820808,35.6289057674135
874.6485441511421,308.73976682574624,203.32105845897456,34.10521420072634,57.017829555872325,997.6153332826041,43.634491667665635
229.71336295068764,203.27608045751631,578.7362017462129,29.404530423643187,41.603055701515615,995.3553860187889,36.13913137209464
348.7505258370966,128.68815301345631,606.5771758242695,27.128752696308858,33.72974052342169,996.7852000238146,38.58624739848737
222.02321301183218,479.60764680347376,144.9406046583223,32.264021152825016,42.448642456971996,1019.9910136324522,26.846549980792066
705.7564665747408,78.75627975820751,117.46671626257412,30.749013781508584,46.030750834047424,994.0457892307902,28.234051040491416
112.60441075283154,406.18910002883575,303.4067684123988,32.364255633658566,71.77572570975704,996.7786513478185,27.700076059945967
307.0956222201976,232.78545727192392,712.3863383346377,23.774890163921917,87.79922287746214,1020.6879933061865,44.69188591814915
221.26308593527176,202.4065101671933,191.96381457398445,34.176951612739025,39.27517609574005,990.1769563424481,20.38864046603333
560.808689378581,447.48004532911267,428.3660290054106,23.483524054763087,80.19738376368487,1006.0601711738905,47.383303201447234
678.8111374688979,583.9048392342839,416.67202468885705,36.43565075062493,56.92621648092948,1010.1720516001508,54.54836028864973
858.8157272884065,625.0340277419651,93.58437894574325,38.293295193301674,51.32035125063085,986.6330049663519,48.258867808740874
482.8610150795811,306.993073196453,533.2225892486304,39.75122190270671,39.97198570247909,1007.83388831088,45.024526218226235
130.5911149826482,316.28831732478153,483.92188014309903,42.51289653166123,81.74527471697061,999.873043673014,32.763258174946856
783.1136940846882,709.2425523963886,768.471688541792,35.646253390602396,71.07751582992013,1013.0378809162047,75.50955493610398
454.56619929372505,562.0933125609045,124.86268513716382,32.460331434062695,53.162874892012326,1027.248202866451,35.494292761125436
466.63960955598395,311.04426196910623,595.1318253508516,37.343293231954014,76.38838382025827,1023.9155096618747,47.13578915978677
888.5399276834481,132.1857539185213,125.00056321440948,21.797684025278258,43.23334893769149,1011.0161562730192,35.62179297663546
344.85492761568395,778.4756575176568,656.7639042747317,22.140090914202823,53.238640363346065,996.8037037643136,59.970473724989496
459.59515001464456,633.1315433038764,832.4847295535894,43.817896657375165,77.47159088443635,988.6857766420959,66.08118998169921
119.10051301345233,187.5769355292752,219.67383585042583,26.22021531842419,59.522166056903515,996.7527354217656,17.98727689029886
132.34130006775393,631.1897038586789,193.9486599481121,21.5571608145247,79.64943892040384,1011.4224085617435,30.66387651571747
410.537407595179,197.7853418595038,117.73169199017511,40.815339214674026,60.99304399919923,1023.7107656155589,22.958950163247486
327.0825082810613,497.13040942532353,393.01881988435673,21.05504988487224,42.87913382860935,995.7180482172585,40.447140326565815
726.5352494375063,86.38343331487043,238.10169681000457,38.009841706888096,82.80331725452922,1014.8670986062803,33.911628354971484
844.8320569241332,344.90123849317536,546.0163307530095,37.36035876340992,33.29797540641524,980.1162947105892,57.53265209263964
506.9267121219678,305.44359088165527,375.2323810642376,22.180546700475354,46.021332016895784,983.2633149751495,39.3804043326782
774.092879437666,466.3584444021712,240.71272051368862,21.68265112195228,77.40100866893958,1029.9064028012474,46.842048535742656
177.2478772108018,751.9035138004471,480.43301710144675,30.63271439318642,47.4756063295602,1007.2075199648142,47.09186241439534
167.41353842781973,593.2039309335395,489.7256631172345,36.5742828764317,80.3331358014712,1002.1359950871246,42.407550605530155
383.76477541453175,303.03207576934864,392.2176114213703,38.87018010335272,87.47905448392707,996.4320587793887,36.292609992371226
554.3836096117313,483.3167036041194,89.97462853724358,31.292287076545165,66.20860061199218,1005.3168632955649,34.72999453796526
174.58111585526206,163.56835558976132,554.2589308878452,21.701426189191466,45.07522929818402,1001.1977884849949,32.31484137886451
400.6201025919343,798.6657471034853,285.25276115220106,31.32728288106236,30.04725032631765,987.1473688876523,47.38868593695063
160.10228249725654,646.4858634091494,343.4915956043666,29.247775086846538,32.451416610931986,1012.6069358270668,37.93730820136684
508.55230050040296,549.7880701834906,771.5498351394582,21.206061855073276,82.54823794419741,1007.9416016450156,62.61220452609514
564.4105916075816,225.91995297849763,256.2659907578157,35.269344764728594,50.45456098023714,1003.1026474696396,33.960555967895004
843.5526611511351,528.0495452195053,402.2087674156598,29.17946560708088,69.77600585999511,1026.1334459560342,57.2364168877456
726.7721013254339,403.68671077706153,240.12601607257858,40.0512738248513,55.757871868743266,1020.8509160497191,43.51880500597801
643.7175767184439,657.3542143168928,514.0414216361653,24.369226815697132,39.31880647000279,995.6198514839792,59.593810596506714
255.49846855889467,82.72335553837243,790.2736298792156,23.636105893079623,44.10138714700817,1007.5932125322645,41.75759991808664
672.7758299675806,655.6086121590365,627.1943223700054,43.3498529425613,51.97383654335984,986.9335230980814,64.93930615859873
108.70852830757896,679.2461789473492,577.2748369316394,29.400771276010026,35.62908134669783,981.3956369256232,46.72963469491342
391.28182153059186,347.5791086073714,552.5006801097265,35.143149984164836,34.55752427856653,1011.4003850783031,44.26585510852796
506.26224831116684,426.82230163226046,759.6581667940712,44.75728180120578,52.01444070800295,1015.5099483487204,58.378863170065664
283.98316462287937,509.2986302943676,654.2880054770498,39.64533449191843,71.84298361188243,1028.3871781824087,49.9699740665994
613.3029237528831,750.6027561473492,215.77151811807587,27.074764251712715,67.30808423496586,1006.1233149606984,49.548031121730006
625.3267504950303,519.7074256556011,434.06204572214386,40.191848846641605,76.3679580942841,986.2935909053945,51.7135071134047
654.7373535152614,298.1641668230423,691.2531571139267,28.769310177845284,59.92105616780415,1004.3913513670395,56.23717189470617
835.0583805399949,382.94294974994693,626.9738233904524,34.15263067540609,59.10434305258276,1003.9870919079178,61.618992844316345
147.39129354913035,337.35604179098226,642.1619312717713,35.95016542965885,30.36131750094284,1000.115262495014,40.228897311074235
756.4981109266724,94.43094709714384,401.99426940944454,23.55416779892246,34.47848560969047,1009.6687722563379,41.607642517092266
789.3833660203514,481.189910509729,192.34810736276754,29.049864418672385,37.89004116098721,981.9817735136775,45.81112259041312
720.8463427399489,625.7108041828833,737.6298333059189,30.395814890768655,62.021316026862486,1001.4661891615873,69.90190773992173
164.5378827153584,184.2451891057155,80.66745527647701,33.49022224891766,56.00177342536018,984.2457171076583,13.690190365691297
684.0014703676135,225.48953177818711,665.3776048865899,30.767270224493842,42.31872164495246,1006.7330016965832,53.89983425983761
228.0345391828603,355.8024024467904,592.8412622071494,23.80266344533953,60.50654195971826,1021.9496434190811,41.22875873717549
114.87077265915121,157.57074468729635,85.31387940172287,29.16134105544605,47.60593959042981,1012.474195651097,11.585800696462343
867.7630093283407,115.9787177731051,275.79247290374724,38.35618509491971,81.46052060813432,1019.5424636586291,40.54395072919326
491.40749114666403,680.982768900857,138.08361378521846,35.151430052994186,31.17432360442399,1025.2123649641621,40.69505235283437
324.4808951855968,522.2427657611127,459.24403422924394,36.808715082839385,42.26557559123117,1017.2491236621283,43.771471197571046
596.4267324562429,773.3331492684358,456.79666118252675,42.14712688996154,70.43836416553651,993.6514596691528,59.364662899041434
360.52035029515724,80.32442487109523,367.34774842164666,41.931839820374904,42.75561826383685,1007.0601051832049,27.919253191853443
850.2458158376463,590.2069326697934,791.1397496608498,35.67870389566189,45.31184547599641,981.9760988165561,74.85917244165718
204.61340862438294,673.4653210016068,219.67993316736286,35.520540834246574,88.4545337847746,991.4942283914975,35.1295592154742
308.73439395063065,310.460107017946,488.31144939446506,37.95448479103964,85.14051232476331,1014.1815545888867,38.1082930048359
596.7421190617156,668.5883201192725,620.4223498084814,38.632104459218795,79.97676407953841,991.4911441426381,62.776807167768894
514.4333687209953,724.7419674581872,322.64156363237396,44.84174460455814,34.68690477813679,1011.3418315757147,50.08092263067043
841.0098955907607,106.34101516816483,678.0761204301723,44.87687901053546,30.687435011938888,1012.1796396808021,55.54357213997465
835.6354948830432,409.929446574973,360.79706076413544,28.11232985684407,51.302956028768605,1028.3364397234861,51.7988306743059
502.62278678324765,371.0146448965402,412.3487460341114,27.304468010245337,70.16623343700083,982.9181140184056,42.703072791758096
514.2938069550073,428.0118211051005,626.1897117882437,31.608057154593332,35.71913295622595,1018.9043165891978,53.316757313332985
267.00272733415903,521.0094165159617,249.46180188740004,39.683639184661374,39.259146845816915,980.8440900115556,33.61883639099962
618.1828639505266,70.4335743648423,768.3113860156208,34.48836725725525,31.895145959683852,983.8407507412487,51.3909485900859
194.6305300532414,73.61524424360658,603.305528443802,21.741848749766305,55.93830097745049,983.0383701574185,32.17959436665752
736.0922720940137,688.6871308302628,281.34743305002314,28.46200077963543,31.653262709431182,1025.0505637073757,53.99727940972922
504.48659796225945,652.3911972338642,456.7234018010196,20.074457831064027,80.39284926363018,996.607645767395,52.97526992792449
898.5630201844151,330.1058874300276,419.68978433792694,25.580566133735452,51.307620629404056,1005.3645177817874,53.64765860195037
347.02644206091867,742.6949086894025,699.864476527189,43.48026480714472,33.046717956139936,983.5666602760474,60.6862195835972
257.13120790805374,232.3922440098317,740.3928072371838,44.59018039631863,61.5062185212084,984.4319508384041,44.30141584702392
386.56442296459323,304.2890627692004,650.350450799792,43.82188053327708,37.927672116823516,994.0062885582911,46.73962260400549
208.9064289475891,328.74641328979726,112.13839934756281,40.711580907518,56.61749966376111,1011.4522314818937,20.615121241024106
674.0034248391337,710.2963147296894,410.7140977543293,36.3271552493289,75.01283563327775,1023.1307245509396,57.95755609723786
403.987539298886,302.6991798273573,316.3850097177507,25.389119297414393,46.70863543654521,1012.1372436159758,33.85600196249733
739.3496024298918,98.08202851015042,284.8708702485359,23.48184210086696,87.38884651478776,1024.6506788725874,36.517783738142704
177.37438627315365,658.524231060948,789.313943070385,42.614496864524384,69.95684067544845,997.1983494950605,56.649516242838445
111.17809732976048,575.5556605676921,278.8816315588556,22.526515190692752,51.721384344062386,1003.4080454819815,31.7572779992778
599.0184418864485,707.3874271735875,510.9193928203759,38.545039774989235,56.801227672826926,980.9228377296098,59.62895178461612
827.8904003089409,58.57163688298743,681.4674108047508,40.2657361051444,87.3174614458533,983.0151282892508,53.85255754794788
465.04591339214716,539.987020142059,596.5751041581899,36.963123054776716,61.31645590755224,1015.0969785608177,54.01399217235378
814.0031795637598,680.1320420306075,384.0577327714423,21.40956406870621,88.57371570273838,990.9767656634464,60.186365958688704
791.6764548689307,237.42225365642346,785.7649086534019,40.66698334300353,30.776511194810524,1026.7361197030518,62.30355760189669
706.2658024892696,656.2292997504509,307.84001429544094,26.614521979693656,82.90944824731818,995.334101560891,53.18845363900925
198.86582676782308,651.5320798556936,731.5565249818296,36.785113704841,55.235458246080775,992.5719735807257,54.774198197978684
298.16406965170125,397.66425124986023,816.924566709048,38.87179840005932,40.28690190286841,1010.3461355447083,53.55183229540877
631.0022338220812,346.51835775983284,388.2417177873785,26.473408367778806,53.827681225589174,1014.6577559515916,44.85528645895256
740.7476843692547,478.4829949935319,527.5644589274361,42.7918460506989,86.16989566438957,983.8294747648036,57.67949873798104
896.0259722376502,374.4907041476175,106.6070178627681,44.44050371990109,47.576715864690826,1023.7409929253213,42.37978100606875
431.8766274041854,378.646472140265,681.1991394063505,31.75514162018451,42.28633584587321,1019.0859922593811,51.56365856258752
508.09373787889103,765.3450039853425,491.39037624689104,28.89123982274164,50.92604632025869,1019.1286077516831,57.85877730580264
824.4414068616995,369.0792679767155,207.7481795849208,26.419607312793012,58.59148386289517,1023.3966343138969,44.11554742854928
538.898069397258,344.3235601851154,568.5666746272823,27.075382249836483,56.13257049770673,983.30365712161,49.2393158725625
509.78226481831695,384.9424484898907,221.59525692507577,24.985502019292955,53.94017431587841,1011.7798472088996,35.705551676249264
534.6342628819191,119.10245730662906,674.6321649564544,28.187742725926462,83.6521528243654,995.9898108187901,46.597388203914626
292.38998873339165,96.4797738343791,83.3513351635262,40.92213314057753,78.01674892300471,1017.4733743703863,15.000146283574171
476.93177915299225,358.5488015063375,689.3851778667597,38.69918800459426,44.722766002302414,1011.7301801868495,52.639824534450284
397.6086137701016,424.1925194487962,284.4033823857569,38.21320188004742,48.99735163384028,993.6580898261657,36.03016929199721
350.6394276326877,499.2881818126895,740.7832212253178,27.182004702397478,40.01674039090195,984.8734908397896,55.12915713237403
633.2382413891388,555.9300137091108,231.88451923481998,40.24058625400136,49.068823607418985,1002.5278662251006,44.95042842234029
688.429271970597,584.8103456179247,812.7699249995001,43.21503254709056,77.0493948286959,984.1448221383085,70.70798552763566
223.5628900534885,471.044052801284,532.0744348726912,27.619223873723147,36.08460120926752,1012.0396973127451,42.12118568055082
732.2395644154852,502.4769061395266,568.556343555522,26.352074743024687,68.23863128439808,1017.7785965621779,59.78374785887123
351.5167724106828,59.41999045366937,226.82047766310941,24.295563597205316,42.042999201860724,982.8873928365103,21.400921992454943
407.89802813935256,230.90541761604968,283.1949849917619,21.489550751561115,33.77170362240328,992.2270392782818,30.491902772332544
502.8763772324867,404.9414634225553,469.9349179396347,29.919627967046324,41.76721690577982,997.3650553906028,46.03193193723664
692.058455798728,111.57847362611504,620.6246910148179,40.75601895788422,64.62847978485067,1021.1715059569749,48.93409552333801
796.9371763942702,305.22579846818894,83.73310117334631,28.50875483479448,43.24510974112849,991.5438920507413,36.414213292807624
577.5033118852981,533.9954842029039,276.1216628898382,39.73537013213992,72.62986769924017,1020.0997218064939,44.38983039823959
402.7752985341872,68.44858193246915,177.5242146310246,30.81456991363964,77.36871533328451,1028.873454455306,21.237684999240674
616.2165766628393,74.68369943591651,505.0318979555998,25.268997218351597,43.567716899839425,1026.4051574782384,40.92828420118666
220.26688063173142,427.9792010347952,825.3554619383717,41.41669725569052,48.773307974786164,1009.9784083201431,52.46160092753066
242.6320777351716,325.4175099331442,417.5105941882488,29.811100389171486,54.40689628288558,1008.693158808259,33.74191139757942
527.2443287445687,540.1226722030933,339.1395878477404,44.89209944556187,49.426487221297975,1017.5006487195792,45.58659354233947
603.5554565757834,133.11945925263493,353.3748389744925,44.685509342894534,75.58731381430684,1018.5139577203621,36.235241033832246
888.8355568399369,222.62538315149666,315.97957706397506,30.769067023003643,39.706408574941506,986.0068840443369,45.983011282302
694.02203820047,191.94619076097996,93.8223207668031,24.426061876358908,35.563384605350834,1026.2333773465195,30.33193969951562
126.11106330887507,280.13236460740484,481.53785702646155,38.878995774728565,33.580388673461556,1018.154309166625,31.448817118546863
827.0010344175329,527.1875046200358,621.0118036929149,38.59517769070838,51.659316765953164,1019.2616534381918,65.46612831884366
342.9295772900172,90.02250432107516,410.3821514217393,21.605146068766988,60.90915461486674,982.4090722286847,29.40384850520234
680.2502965664723,525.2830992308778,589.6922277514703,35.5168927801939,37.35460047738813,992.4995824121097,59.753690983979325
121.91467399860426,349.22248019471385,326.17026106370963,39.14909082922493,83.95186798532858,1003.443281771926,27.180925068347925
849.4266893518072,732.7164766563734,565.7982226885003,25.111859325747552,52.945992629376235,1005.3514669981929,70.09622388778544
533.1744025123314,356.1528297160058,576.6210345778379,41.96848299602696,85.20676102257809,986.6276161725048,49.74465834996363
567.795649801687,771.0056143095833,553.8342430340558,28.34086563652839,49.177478663619226,991.6114301910279,62.31740764470034
335.5881686072104,390.6407289354655,739.9723289217287,44.213843454148616,45.9190459393617,981.1792692782387,51.38576008314942
124.48199974867381,345.34800353684705,274.39452221664794,23.958092754638475,49.71268297886046,1008.4337987916575,25.070680987231544
688.4731621782273,513.1588809424813,659.3294815326325,20.50759544605052,33.49004080281552,1005.8273618940569,62.42214055492656
540.9713839459146,359.5696695043978,275.91570881191456,40.9297521121844,38.80476466076806,1027.4190719526669,38.05285995598596
245.4532445123215,589.9446377158406,848.3513673870347,39.68559843196863,84.22126147786174,989.3561079760758,58.995991162326256
189.2447685063204,708.6310226228466,492.0681265739309,38.12995184693311,30.987086343726954,1012.0679197609048,46.61899879683225
226.45765684400664,231.05709918067487,785.6863886469803,31.696582946784233,77.54209890261058,997.4334602449921,45.152898226619655
880.9561724708028,300.89771960838596,546.5151567405161,33.472455768873886,36.80821595400562,1022.0795544938017,57.3162230319963
457.2061486273649,368.68591154320745,169.79475644310756,40.03441995114372,68.35466538787519,983.9089737512626,31.568552062841473
858.6386777981423,653.9952960035894,475.4790358768295,25.185321031192732,42.12099668989205,996.8124218523484,64.39818064912512
623.9891899791508,394.67413587976966,249.78764118754157,22.140997345908513,48.088131905681536,1027.2506828552641,40.55140542326927
245.54910562751084,494.65667967487053,840.9245893061047,40.28320145942949,36.89062761672753,1010.4567596868563,55.843157131315635
656.7640431068767,545.7933179731062,150.55325877082794,23.306783427687705,76.5531073928452,999.7864702342415,42.098851183232604
177.26278487903863,272.94577163150404,431.8384948780933,36.351515334648596,52.74438675074424,1028.4630852878793,30.779796490440013
155.4846587110913,750.8282773663374,732.3792336282917,39.503298605271596,43.40305684929875,1008.535800501045,56.484557427454526
840.5017964462443,388.8039910458442,451.37543806553373,38.82108235250987,80.46743618889377,987.1287433388546,54.934191147384
799.8543213591918,618.5564988355062,745.9214179845384,37.9444804783147,54.373283338972655,1006.3480723436943,72.38918132522247
333.1108802203995,166.13010858930437,571.5917456313925,23.768979115260677,73.97199984218213,1013.091251897489,37.840899489546814
252.5769255599621,558.8411232095107,591.9617816567746,38.245974811927454,53.596448816354396,981.8512656186479,48.021012729355164
387.6889117042568,154.64413860579253,502.4327591425721,33.48793374799891,58.09159060753373,1021.5901572970886,36.367301875004365
603.5525477259,558.1546872861169,602.4132251234997,30.927875849565773,35.322997142538796,1003.7993444312867,58.94774605530049
366.812629921656,634.3190574760952,730.146417399457,23.785083269042246,60.485749781300434,1016.651537067671,59.23980731791081
608.1750571017647,528.3242660098449,317.6190864197449,29.697902816315224,39.124548748010824,990.3357716913681,46.799743150138085
663.7351336651914,481.967926705102,719.8304717346898,32.030067672880854,61.35210141042742,1008.8464751445388,63.1643106804964
667.1954588223077,344.9771028660898,293.90328039981284,29.270620105666872,58.95060707324392,1013.2571419194832,42.12130806664444
378.53059557273303,703.2865935890318,627.3005817529867,28.841931250394516,51.695334194166996,993.8137503112815,57.546538944972404
442.47782690137177,209.43881663508463,288.2754714556413,41.289093526847516,42.28936681941941,1002.83505827928,31.088518164319346
777.1753305716887,249.40547316943486,818.9472199792392,35.59908520664149,87.38227500939672,996.5910454232277,63.55531291140327
450.6868593181891,664.9086992472046,658.1218988981043,30.760722099843605,77.25716084023156,1015.4711110000993,59.79274271288598
725.2033851636487,100.6745132180117,112.58819184423481,33.73651254952656,78.28725024592418,1005.5983567691685,29.279864625219204
819.0344761747186,295.9845365253441,107.6806887797766,24.072921711136367,58.55386509166892,1003.5584360705044,37.75779793219295
404.01076830458084,647.4446058957609,670.9164589609508,24.48800114784619,61.48734254382012,1001.9549412654443,58.38031958444829
324.28375993102793,392.2021147312642,429.91609859197274,24.787657439628852,86.72514828674144,981.422735135485,38.69122018354767
607.4225473051711,246.11059566712834,302.2010464499483,40.706260758239985,81.82506446947289,1013.7060643379028,37.69403614716692
133.7112428702361,731.6501541913777,825.3447871546504,25.961544712630868,50.9588413746971,1004.9286487731744,58.97463339803444
800.5726967236462,760.5946593070745,462.85945904699787,28.23783391937811,71.59053100565654,1003.9193544747804,65.34939904280154
278.271007221724,526.4800160492478,127.77025033871746,34.815839003163475,70.39221721947374,1006.7825569199317,29.25334071167785
288.279408518895,320.59342142539833,487.091261059983,29.618583463488797,58.920325073710735,1020.890094326561,37.749835340728126
109.34268338213,765.6856238843717,179.00228111065292,37.70147850294419,53.15449185824725,982.0231420200375,33.410940462421166
552.5738432225661,252.11779879398838,303.7554511536654,20.120894722589625,35.92173619565642,981.2419926136803,36.29096730664325
666.8576893324866,794.7518097841739,777.6225981091319,34.79577151524251,86.07153660579431,998.5066132284235,74.95318889786509
543.1479773010458,424.1459486635871,627.1140300289643,23.604292519827553,42.10372955628836,1027.5494568035137,54.10337898009756
547.2719309488357,455.93561538669985,258.84629945908705,42.29193644878286,83.25146595726568,981.7124745561757,40.450078368429544
204.65073264665648,77.83349208385056,445.0053037519621,42.19077052230085,48.03374488377093,1025.9424514809184,26.274738891993696
873.556461413935,272.20687976774013,140.28733385396475,25.8661217719998,56.844125113131994,993.2353582918815,39.98439358960884
767.5480575228656,647.7904969383145,580.2812756888471,37.55098056411798,45.127201384151114,1009.0963678628332,65.67140766138928
869.6404669989951,453.10700560806123,110.43271043625556,36.87967341659055,30.072391165145895,1029.8249213229244,44.099732595661905
390.12759893728406,667.5545245494071,292.78713558430195,29.212618883801817,88.62544103543165,985.7289019338884,43.44194912797282
127.01970481251604,669.0359328702081,520.5386081477229,34.194822617940616,48.49660972653865,1020.3486203982793,44.70321345639064
707.4502727151266,575.4268141595547,548.1939366603855,30.254418898562108,62.126979573131166,988.3823507097903,60.41407007265586
501.95685549062745,603.7555644490327,150.7578017398126,26.84508252089154,78.21227719852897,1014.1059003923307,39.20168466778231
276.94485307287823,279.7232111115924,638.4407352938691,43.1034601130012,46.585093297989914,1019.4643359154655,42.23767133728889
846.7790224743505,399.48172990548295,220.1589871467019,34.68790709843705,53.78830184992903,1001.5453401164727,46.194182057263085
668.479855522776,448.68906747919317,388.0771280634912,40.00472319580752,52.67467229501585,1024.8325278462962,49.038152812598724
181.2787494963257,423.3710159283821,248.55019442849115,33.34832415235358,74.65933774928442,1025.9635859095263,28.08150073988088
201.0900745452479,776.2706779394005,489.64528561309334,21.13559748533941,35.74225091649973,1017.2213164431162,48.90663399906318
120.5869944877123,674.9991259493496,841.5517854687683,37.735082862539684,48.227538836552085,1025.578776630301,57.52965503186259
474.52520951744754,693.0685134589042,821.572865873546,38.63331023898561,52.02320185134769,1000.0124075473755,67.8907263242324
455.81001976487505,196.0270456715818,336.2767371514098,23.06893969005653,52.039413953373604,1000.0451780271637,33.0061814491501
870.6246874948066,621.0041154944205,217.05784365436284,41.45701932921045,59.53927039983277,999.7916745818551,53.43117783585133
801.1532178051363,370.3366537411083,86.94528481379105,33.35932153488735,55.12728949625392,994.4633213445495,38.62250753893898
471.72964544915493,418.66109486581433,206.64347200306213,27.81418280676207,57.306826595791435,1006.9262280422187,34.977461089571555
226.50447902114888,573.0724328949398,845.3954791911485,20.773833655504884,85.83842288901994,1021.9663540606948,57.8031265251286
286.0219863992328,341.9373419020573,331.06313012643557,26.046231402188184,66.24432406500381,996.747517634362,32.08130505409613
675.5514405598492,322.2987619500702,708.0435839163541,41.852998253885055,45.62129356040235,1015.897813120799,58.25724943195174
353.69730918886654,395.5697218558742,488.4899194309296,28.947502912254727,82.74781936307079,1006.3949766505979,42.017607708579405
891.8738443439539,613.120542301792,690.5746172834114,25.799262698043563,56.79300526309106,1022.9627540785673,72.77281629070883
278.70114339097887,690.4242445878517,744.241610318188,32.27087192492683,49.062489919302685,1012.3338363486484,58.84342605209243
809.8345036844436,499.9335440419493,90.70457858727616,38.882624783229616,46.23584008477462,1006.9084541672667,42.92122457528283
778.1253811765093,249.33373614535182,774.939139141374,30.536156395949718,47.743696857244885,1011.0569127528009,61.8213390853108
866.4401208250542,470.2707720462073,664.357711295794,38.408420960402424,43.66935122910373,1005.5680861457762,66.6756352379696
158.64186436751487,201.7820284305022,106.7818499806451,31.729510136043842,36.49054109538594,1022.2501032462166,15.083990783166318
760.6956406420137,682.714463427703,87.25448952410494,41.201764615169694,65.42662057872059,1024.9130630177033,46.7924827030557
463.6122063996723,396.2763960772557,142.7690329344202,38.42318627745557,34.09357228170842,1025.394241013064,31.507419391684653
894.7236428228903,248.38512518801642,211.93251992634444,20.014254697632282,32.32742521389097,1018.4357294411082,42.770563837380976
518.4729276571816,556.6944426386062,846.2691027270904,26.371742719060776,61.97721831358078,1006.8560412213036,66.10578521795725
204.3820155722246,70.23187519732089,245.43026296338215,26.273718831263096,55.813857822225,991.5327263975431,18.05562724162165
579.2284606993696,265.08484357882264,673.0220559718473,23.53016952872899,86.03362922103912,999.1908761169982,52.25028136721966
844.5925780139847,488.91464101938084,632.8991408667013,39.55322707114928,70.79236734251548,1023.4675390138831,65.32118220566902
146.89473551399283,420.8089453131803,441.3284321513073,43.166576772818445,83.52119688304731,982.2474877143345,34.68424771086749
712.1800996352231,257.16159048476305,427.3738194533715,24.96765835337652,40.38158713382134,1020.9393075685872,46.17520348173444
539.8923901302869,550.6439180765601,674.2947068996651,20.776510747161087,43.71800829579804,1018.6795803302008,59.68787752219201
614.2344968171802,267.77882849618766,761.5796654384757,28.360409586557758,72.27650336361623,985.1249819941664,56.923586376940065
881.8260955857512,317.10784537984557,276.53202243887404,20.258940231496055,78.648806882365,1016.577650460815,47.029299126522865
215.13449238401103,602.6099869562767,461.6599106240343,35.29720029594611,59.84466328310696,984.4093432677304,42.99873080517001
595.0676137050089,758.8152185678599,397.16031016983766,38.28970209934672,30.75389609923535,1011.1032172685162,56.50289737497957
149.42345998818888,228.16059818692418,834.7565560946089,28.064343094002965,65.32272968644297,980.7421254403156,44.71778398903775
381.08139172175964,476.8879847420569,817.6450743285739,36.28450825910111,79.41240371385348,985.6200551736953,58.44488426705745
107.99401400795512,89.93028012257702,711.9610482453189,33.08741316062061,36.906538081024685,1016.9577401542007,34.41617075372872
455.74545797603366,798.6141248309921,92.29679790155281,27.703863866033902,53.24875503893426,1009.3654661496316,41.32265940027288
750.2059739005936,444.6316400842551,797.9159970973778,33.56723686590236,47.795198519647315,986.9694461664096,67.76176830344056
553.4299839054738,745.1440663750955,459.998393822736,42.78013763904118,79.61455883043672,987.9704167315754,57.35715726132652
506.4918685857487,91.06157521665199,293.4027781328851,27.59162464434035,57.14931983675781,1009.7529425508716,29.662714439387422
768.0883860976005,578.1746640328043,795.5243361927379,20.542416139708845,83.92454640312619,1014.5871843523083,72.20886495162168
696.8784774690421,313.2222100521146,504.47424316499314,25.629189698647323,62.49189816404865,1004.4748309607255,50.481990352234426
745.8970740828796,746.1159772425704,687.742004827026,40.43023373952453,75.45495368242428,1021.5109666810214,72.27007173284454
819.9400117742908,492.647096819058,227.51221636742892,43.70755770023608,69.66040250578733,987.49281193962,48.47810191249762
521.1549313955763,718.7994313456828,794.7750547117441,28.245143759174802,39.25659469500859,987.9592048713017,68.98963307070754
444.40211995362165,541.8093819151659,533.1344177717111,24.031413595553047,68.82314181589669,985.976888166168,50.911721766932075
868.4022155229428,520.3609685585867,323.8581004242629,43.81056707606838,80.01662497614973,1003.4734141150797,54.617219539416396
878.3187498552481,82.95328814311108,521.0679776840481,41.103119732425704,32.90244167969127,1016.1570157803554,49.68088024731269
727.1544900754469,785.1812468950641,213.361434365351,32.42241372895596,35.83219369537696,996.6551094817647,53.90452948372937
633.3482897868691,182.19731167909038,169.2588138183943,43.82263718170833,88.76007640207905,1017.0312596552152,31.23672059671456
590.4669376675575,154.19453967420873,810.4799994037481,30.612218241018645,79.3487578788451,1015.8437758520042,54.75904429640292
659.2718847734504,697.2524658108591,789.6940859534666,32.19432465111525,58.27668137434736,984.3916515250024,72.28349395566795
295.6348222583546,595.8972280449981,690.9324442996035,33.78616303849659,36.610771315963284,1018.1177047627971,54.383259281084726
539.0580296132141,483.9779202016923,151.50530875291966,37.88769702995562,84.726873833711,980.6739188631468,36.75129084456398
666.1521813463122,142.7186525976642,319.7972747559903,36.11094185847101,89.84483781952977,995.4197312808664,37.05801600855891
267.7333080950002,461.2082774613763,452.48756755347995,39.95644202853619,85.91927250752201,981.9561586607182,39.96775026883049
685.8515255558212,78.99930045877286,838.6227124180507,44.14350553184984,33.87170536293792,1027.7353248795782,56.49043327715985
322.8253182890535,703.0358701891809,106.6487425468143,29.328936249956563,72.27750599922187,1018.2500030412245,35.0417853562196
511.967366927142,788.4030204344587,617.5821962824783,32.6159960752729,32.412513374527975,1015.0472743781438,63.71439947214716
689.518914758121,290.48977366314205,504.6041336387542,27.41708144399658,37.10941545796896,1029.4550378101944,49.58442599818806
573.9956803234925,314.46982648163566,156.5660828735912,27.719752579632893,84.04856543737648,1013.8683061407081,32.916608519097494
281.69837722001205,793.4039103797166,329.00665580787444,29.500611153775175,49.83904905451783,1010.9154288948102,45.41333486030684
216.91040980492204,189.68078112467208,193.33453371751034,20.20205432394417,87.20056225811783,1029.4069224734244,19.931117076588237
635.6322981498411,632.9304125043062,269.0395119220552,37.25186748321028,85.57271287305281,1019.907219860859,48.81846179650663
310.60812313256974,197.55505304210982,410.6620578499844,27.49113325830188,62.83792289412199,1010.0287860450225,31.671377599239765
731.458433669493,365.7140798861789,165.1223260610567,24.119417024276906,86.42406170337449,992.1746286237043,39.52006844911242
299.4595430103211,417.8554685067507,469.1747635530432,20.589912463455565,79.46865770013468,990.8320662088338,40.28644088763389
509.09519888475677,512.0700657506089,245.97749963029696,35.20870029648357,46.377906358487905,985.9946944247763,40.47405792427285
746.4154886270662,497.92068880535976,282.2272741007455,36.70887456221185,74.39205146824061,1018.9721646926024,48.619176287002595
691.2906045100049,182.25988739637214,580.3188033357491,33.194991598396996,47.316492256232486,1019.8167502402654,49.41926689062127
451.94306690948184,760.7226585670988,164.41476594996115,31.3036318131319,48.515518686963716,991.7525755526289,42.956562402295866
100.67387722320893,107.8883843337023,187.25386154168245,31.15697762449914,48.28932524888701,989.372945546098,13.747022308374635
394.2369979830109,448.18508871066877,688.5936593690478,39.90102995921912,65.89157382473103,988.4579326562119,52.8164089755723
173.7807381069034,152.46544135901513,267.9107885596758,41.42926940734209,89.59215647238055,986.8046809140975,20.503816926364586
778.7315434774343,554.5848308564387,836.6524453425782,36.796669352646006,33.461649068118305,1017.0700282351943,73.46558904371932
113.1479650403131,215.22033726039928,300.3003362365805,39.09142250643741,69.15287808429684,1014.2067124691248,21.863062518484593
739.6907843630628,485.3185560174822,346.73669331412447,33.138052481682145,48.80765041990526,1021.0947292060154,50.619747943981324
221.8885167731557,228.13804026440042,642.112800792927,26.57983960839508,50.92885103128557,996.1353959308476,39.185308742843766
555.1107659897605,277.89965376092096,754.3893010062209,36.31112799591928,71.3100693090571,993.3035761135,55.16588463276928
201.8504861447201,507.1904445462649,768.6889099449683,33.051817186023015,89.07681057098941,1028.1058595398636,52.01878431852829
301.0921186907228,530.7149754170015,383.1675246150088,42.25082513826906,36.90659595259775,992.7869495921309,40.28091380783208
651.316230493599,724.1530949051805,689.2405714059004,35.63692351599749,64.79180664998216,1013.1006919432899,68.8337026181994
618.8245119921997,639.259318433319,764.6511564646462,22.154378725285977,61.941197569618524,1023.1966179971273,68.32856117135142
463.091432015666,634.2085601579762,284.984630286311,44.543250362035934,48.99085707251926,988.7828547789264,44.318384976661704
487.10277762168175,490.5540862856246,207.61644901372352,21.393104674499682,79.31422846786501,1003.907960020279,37.63436387776813
855.9718060857767,394.5682121260129,255.44098380842976,36.876717032042016,69.70322871570026,1003.3987103099447,47.73383989869088
263.788797065187,795.8571972856827,137.2967792235297,24.027216382472723,53.64132110201696,1005.6339430498873,37.281250999467275
545.1072735934856,475.58668883015395,647.2359143633719,28.63740139347462,57.38630810289254,994.304853760277,56.51025544724406
840.4724301152734,611.1496980937757,616.7363755358841,38.19059458209459,73.08606701502445,1007.6449792701042,68.21811886770683
351.51632804438105,280.16250766734856,834.0080173885223,33.18849447845113,63.53241009400267,985.0443460516522,52.31068576689279
434.2062751708961,578.0864217236673,713.9381174855029,43.37875007433112,61.87590796205796,1026.7860212541366,58.92630560625702
230.63797672973587,445.66254470405016,221.48753339162124,30.52979915037255,42.12294381576159,987.2748523638836,29.148516978678437
719.927457479199,602.5639649293262,497.216708230477,28.836880845224307,78.68645633951277,996.9759336682332,59.56341100147483
533.4749669737059,417.8421562441015,734.4615703235256,34.36304770555254,46.84998370401759,1011.7643781945732,57.91797650947525
830.788831105979,78.67048029052583,131.06335407846132,29.349377502812114,44.49017239627099,1009.9913855418984,32.5263135050336
611.8115569452297,404.6420784092682,282.92808296372937,38.764772139038314,34.31296189774524,984.1877787560084,41.81073237918411
184.71518715703638,790.7761630931163,288.44696904256455,43.12184036240002,58.484245933048506,993.9747240796513,40.80261926920716
251.0181966504101,794.8227075673384,332.4008071864969,31.461376483384335,36.120231882421685,1022.3618631860082,44.67125941399233
346.69025219809447,334.0208430563032,562.8631422464409,36.22427466352528,58.3080876667672,987.3752797824089,42.935858547489566
818.4857166334768,568.7641385462111,185.60824028355262,25.904839445646616,73.10093111215937,985.9816560815639,49.041825266732744
676.2312573245565,380.7589953256807,640.6345756617819,43.41804661320836,67.06951387031913,1005.1606657477155,57.335090605978394
870.0429993589862,690.5251240501227,570.7175440599301,29.0091264998398,37.20149702321686,1007.5336106020743,69.64574546467047
856.5964114806634,234.99412742974778,198.20465198632124,28.451041372406443,31.222292033767108,1004.410751880138,40.675902246765176
291.46100037078384,124.78632643768876,524.4348881742627,38.46010081563277,49.246268584138654,983.9245357636868,33.464815331224685
766.7338811039685,552.3548899697446,111.40109274533141,35.92613772837882,68.48254346786652,1001.987001742995,44.02870684202465
273.32220527472026,763.8168641442284,147.55620638829157,27.90817707259066,36.80206481069383,984.3848973722233,37.016420338100126
310.92022098398894,435.67933928304194,228.69833945978613,26.22382994975359,44.44765038972075,994.8542200176187,31.545920386402372
655.4117430767478,145.56516270893724,310.26631083086875,23.326903000733882,51.17127592773601,1009.2784374559377,36.4399596068053
272.48447562366357,552.156413326682,448.12023955361883,29.37756533748511,79.23543778912733,1005.3573642399818,42.66403625065512
146.8514138365089,585.3025001110384,305.6297060533518,39.68251277141532,81.47075108181785,1014.0296250472941,34.18980566056049
150.16227224973272,757.1720780453319,293.9915551666179,30.30444020629452,79.01819890583309,1027.0666323743867,38.979692715516656
394.6279650234902,492.74762377200585,238.64570597717986,26.14638869313412,37.777184531949864,984.6231891399492,36.16709590295208
644.9091491639064,226.63424596519002,644.1275789751272,25.245453873072517,64.45880002320172,993.1107829111504,51.91140501287798
231.5074543702391,521.5923298783487,240.39357454604647,32.993251610802105,58.59219584777435,999.383882548532,32.20873650929949
877.8180685160706,622.4565128218676,154.9813787461459,33.18720787377673,47.28570997598965,989.1429270388082,51.207492589983985
206.18608777128875,502.2389251087235,849.3137000338671,29.674387147108575,34.47781373294227,999.9287143041398,55.22529838775506
798.3372705629283,392.324780884313,785.8212970263354,22.21563304147225,50.74312672657472,1006.7360938706038,67.15271342447065
537.2439117409407,148.2000513204798,393.11504587613877,39.081174318748474,71.67501890368834,993.8739010398158,36.287920726888174
440.6547719245336,193.33172188382085,367.64943146752836,41.68696230279241,35.2079718632678,1027.7446056520264,33.72557207295176
434.50430761896024,695.9134770730348,123.43577276796735,38.37534006358476,56.05309036026932,1023.5575655873378,38.84996445147854
272.92736491529354,213.72739092573144,812.4465501881587,33.20375074267934,67.09883717717852,1005.6048548334654,47.0975046827571
472.6296295595561,753.8066445089252,206.2236700265018,40.84668173366298,37.46040920589111,991.7629871067304,45.04203502311451
657.2178206899664,648.6951218793241,737.0425179458318,20.157897835241524,85.46688594824818,1011.6045446745796,68.65908899491198
355.221513682829,136.12933778622173,197.28586782195927,30.504244508781877,65.35905251160365,1000.4790300185342,22.631960256949892
643.6662666402116,775.2207815542538,444.51679617184186,23.3894228154737,57.944223111791686,1008.1943504434482,60.34728329270763
805.970018601173,156.440681295952,189.53402047518642,26.024626885380346,45.48953804068066,1012.5279861468952,36.4536818159212
268.19937038665694,717.8044839202872,824.813618045211,43.430613934140084,89.15855420193718,1027.9734140095552,62.57266035101676
106.02049678677288,137.41829524998167,355.1283175356539,21.400034142976615,43.05942236093622,1028.5077484240135,21.50829646252879
687.4812555341205,96.10902793189081,141.54900631386676,42.57077472702626,63.85796647207518,1020.3987692562959,29.16966875653501
175.28808020167537,432.6902741971628,286.0998193647082,35.94793762352495,65.02614628990867,1002.3777173886637,29.683343406553472
309.55301292299544,463.80689574653803,183.33459890280307,21.56223910523892,56.306333537143814,1003.547463511712,30.534181216198125
340.3863973654668,496.33080836940366,773.1238873465416,31.163198236854377,56.10254951089307,1024.5336553068832,56.02647166590778
697.453332919501,294.5011383578611,572.5496565113883,43.16818214917363,47.177840514503075,1010.5613618642615,52.6606203987764
267.3990088325313,700.0172819649816,785.0398014711648,32.1335429513354,59.199173798730975,1016.2753801632114,60.42408078277198
293.5963736277377,361.30498269958093,663.2179826167612,42.30534863240935,86.39731382178739,1005.1522956684878,46.17575999449001
688.0285659047191,516.6670756236548,848.2238375039964,28.788102975920154,74.12075933572827,991.818138084291,70.06982274601107
177.87768548528442,78.34394892239231,116.04758921936778,35.80204995274092,47.66650233785944,1001.757249447034,12.328552601005011
302.79837532221825,440.01241072990234,840.9250781225327,20.09772907405874,54.08346108641773,1000.0607800878608,55.921326706464924
278.1883380167834,296.67637496614645,548.8978566198437,40.3038553216051,80.64972644735212,1015.8415952916733,39.201855654281644
341.06941868035017,732.2736339659853,302.84896101809534,39.38613936502688,36.755597249201706,1022.4347959184465,44.314250020113874
715.6403586266141,622.0423367470509,658.9745102296595,23.191363935604507,67.36750215087079,1015.713174605552,66.48946127039633
382.0443100014977,588.3266318258696,546.1069855653706,22.92940719326774,78.90077476924927,1015.1059937297953,50.95540767743584
802.0004951685254,513.0837837633231,396.8698883143924,35.139195706436105,55.3423439710304,988.8222757741108,55.327323900531155
836.7955593771425,247.78346149000535,703.5977964044779,33.55102331420936,72.270713243131,1004.3830183408325,60.681282482193545
518.9831809364274,52.96682491905481,144.59580745341873,32.67157520127706,41.00746840985698,1019.5977249091479,22.942332473801216
753.3197970401859,655.8269165103922,565.2459726080858,36.6485838945957,45.50319106797824,993.4644254503842,64.88424031084078
485.69379648062625,792.0034906390753,296.0882999602844,25.662216174456404,33.24655134481732,991.3820802132518,50.17445061200242
524.0685443302727,547.8436793585724,289.4841404463807,21.051501946874104,40.5351733410196,1016.792370117429,43.73673232852059
590.1210635141181,73.84427662468086,841.270271645591,29.051674614258673,72.84528231589965,1014.0995986587855,53.56977106998761
144.94701515535704,318.8414857243093,422.32360297882934,31.524365147943477,69.6371880099176,1007.3953870129154,30.806599145543164
604.6234840476345,501.9062926366729,304.6988634137052,31.97227042840114,33.603287965857874,1017.0776338060718,45.38384783707743
496.69320315028574,228.82573943360447,208.38454729080766,35.663750433081574,53.11008309449666,999.8191481803367,30.100950169149012
542.6736508682909,348.6302651393878,549.9342595315566,33.41043427702496,76.67503302131556,1028.2871651092544,48.73648786149262
486.866433916746,661.178242666275,245.09217670095106,40.152159842407514,81.55778756685635,995.9001337407783,44.24502736552868
646.5835005909341,353.65127913841997,379.56197086170795,25.776062409538795,82.01493530494744,1027.3032033617392,45.18952222634894
315.068612654488,105.48624374449717,389.8784359238079,40.99241237620487,69.16641266686844,1007.8271988834296,28.211783128921873
568.8554236324837,82.11807311815909,706.7218336467049,26.152366858710284,38.75081838602097,1001.5279385755472,47.798078248387476
697.6472233166091,306.8615806919559,659.8192018102458,29.585807534648637,69.16371931049783,984.4592470656339,56.528032192666785
161.84093523027255,270.7842484750852,315.3065178012555,23.24350032904197,65.69221744700098,1025.8360406041195,25.591016223210953
572.4409535531898,371.6861622846304,444.83461466025756,39.14598286208046,88.20000503454693,1026.5706367861678,46.11719806154491
391.65785998648124,152.24692158605473,493.7073735146211,38.673644052946045,84.07059056363889,990.3035944903793,36.06543838776092
718.9161712501678,121.88162763786393,479.2903800080259,44.860978422157146,66.28892557196765,980.8891745254358,44.39554916696199
328.4597978072163,442.86864494540873,743.1860997023828,40.46168440467815,65.91133182302191,1018.2021386314278,52.867297270674065
893.385809270133,472.70764414182787,319.5230856059733,38.1450586517397,75.93598948497369,1012.6375860289602,53.763727026597756
541.06346852712,797.6543999291267,276.7055162734253,34.949576746174614,32.639016988440105,987.330338668932,51.229756704624414
358.398300888829,768.8983326614948,725.1263923634218,21.081169136016044,75.1659207355462,984.7611441344574,62.82395470104659
179.23934137163755,167.6916594127088,486.0439436590656,40.29625893344968,75.80153295825423,1029.8061732109509,29.849687769893013
497.7250727178486,565.4497377104408,484.57840241475736,38.97304343663949,33.24949263831016,1002.395276609146,51.27838040943898
458.42031860700416,238.68401530468782,103.1439752422671,22.56610725835131,53.00366434132259,990.898101311726,25.038889027041442
305.0409872349318,414.0800132539326,446.4517396905973,31.509383942763783,59.92161608520508,984.9921853037906,39.431699602289825
725.0250573378497,220.5456124569898,491.2542993049525,29.638585396178463,52.848882370409356,1006.2143765998194,48.01729206604328
619.3782508127689,769.77347626918,380.46195013602676,38.471246313571086,78.17728312623115,982.838921814848,56.89302981789954
894.4444794291702,248.28526697988667,825.710668679152,42.144152087879945,32.362690538359544,1004.2011211497264,67.31031913943778
425.1511536203203,324.36167950027885,802.9646552500857,33.76177473493183,64.61436065187638,1017.8125556867415,54.603971203621406
223.75681110683416,497.4019723172435,518.0411356713538,41.42238459382107,60.70105929815149,1016.4456599299809,42.35640892957648
735.1772721418541,154.1279606835816,664.3225859219391,33.915829254693605,46.28822855040917,1029.7675512188398,53.252060421640635
826.8241189982447,781.3637373274182,284.84938530615375,20.279550686762704,84.3857969518634,1008.9404305724006,59.63961110201603
859.6929671039163,422.48536449652346,501.66234339976666,26.68228694113952,39.89045449711929,1011.3968194149347,58.53184368400387
411.34588379587774,754.8448924101098,101.67286547018317,27.261994903157387,81.37798382975595,1022.5414560219925,39.05263790498695
171.68370122053858,667.1319758649522,548.069314770639,41.330026989617025,72.12352295579055,1013.8984785280296,47.08724290339028
863.7319946044526,402.5570946036224,712.6300803085962,31.858248021761312,71.2684418023365,1003.3546901520987,66.4938758885861
738.2114865361684,137.47244889252858,192.57313485965125,24.268234855215756,56.89351137097949,981.4779419689488,33.97344345724696
203.2598809214595,761.2004432943211,226.63044033224537,26.705227675540296,60.0758719952041,1015.4719990792465,37.99902733976323
776.6570585234733,618.336325877039,657.9336349299449,39.05943946515414,37.20602363335648,1000.4249969535131,68.16714692921316
298.6898399203084,668.3487770350837,719.0849183272387,27.053364576020588,59.78949241317351,991.6513290466243,57.77455524175131
615.6546297874588,310.22408910873696,270.1000944504682,35.86907705206925,48.21460324266669,1028.6140939488073,38.5803653449046
701.5997167575999,428.0187958331306,230.53082164030468,21.524130264854755,40.69959957424,1009.426790361385,43.10978824333411
687.2978075158452,579.0548594814154,386.4105724863353,24.796775599064397,64.88924402447111,1018.094393435087,53.447002909371236
851.4557342778976,548.0182593033624,751.1191853843933,44.597224597711474,44.790908449106155,996.4849993281781,72.02898722281353
705.4710947890275,369.44643321767956,266.66447609653505,31.838003828687164,51.93267623053714,1009.8264833633139,42.91410488406261
204.1233401532483,204.79620944910727,201.289481385116,29.699701171655665,49.6659385894727,1016.1066291205942,20.31916574347531
750.3008211169125,696.9165891041135,633.4252014984011,35.51681967756231,77.3461023325054,984.3257520232376,68.75353036656682
569.3906081211566,465.8129416418695,396.25983052164815,29.989939152360883,60.72368132331418,1015.0078029869945,46.9064997137567
671.0959320617018,127.9739481940738,840.2787483124497,21.032280031976033,78.2465877287982,996.1806287705936,57.58324634017125
539.8808478920787,65.70286394629954,158.87436726631802,31.623164215570004,79.00288049393276,981.4816306395195,24.522486045804065
626.9078921604881,734.003233861268,816.1916385656872,40.01870517560071,54.27491970911291,1025.634454748025,73.47499932328017
250.93381771329194,134.86659700266625,518.41260194444,36.98897119147813,40.09995495421694,1000.5673174040049,32.31051651925635
631.268519700083,301.5010032121156,640.5484390006201,41.31328190953782,67.80224149608988,1002.2714826072693,53.60502324739076
697.0496604963514,55.22862262825363,581.5495252873122,44.15654153305011,49.3599255138776,1007.5224138674847,45.83032950523064
362.64850977663514,217.4026481447486,539.334348384557,38.591377062002834,65.99934080818318,985.7352968841302,38.97490867302379
117.26419627340663,173.72920810225577,652.2181176172819,23.739282909541917,59.64320202546906,1008.5402672191846,34.81852683596115
750.020319392228,682.6304339645366,354.0569519802574,34.869855577086895,36.647866573409765,1028.0685080542096,57.14180067991323
281.33736304924923,250.30249857493897,745.1087758280929,22.18642344499586,47.71882612245022,1017.0831519792029,45.75354688184937
197.09482524776104,451.8411454878926,445.3259049677737,41.266100051943724,32.278047599451334,1009.6049664459246,37.28111532078056
639.3240094441343,672.2121196898838,235.93466059535575,25.657295033517165,77.7559229192411,1022.6677883551531,48.783470297834775
671.9760658127607,90.06694765207081,381.9048782661499,39.18395133891708,50.92380716968101,1007.9224271668991,38.13748553459094
295.8790690717947,441.18733151065584,387.1681202596419,38.123066046094905,33.31576804485012,986.9149336176566,37.5987168278592
669.9520240402763,729.9374571212885,160.99686243500895,44.47028164308471,78.5017012177837,1023.3404581812234,48.4365589322473
637.0732022046657,428.43889176424887,612.0783505991675,26.050288403068695,85.72796852832501,981.3595361375205,56.448496843034135
393.25743195982784,602.6379139439275,695.1809374576121,36.796416896732396,36.1627779525284,986.6722750079523,57.68409787541715
473.38589976353836,696.7797686126464,842.8511561367294,44.76897455131183,62.50636161063946,1019.1763052908084,68.81901629675471
362.2453485766648,50.47816292571778,468.10145204035837,34.93075467337884,51.47292273224363,1019.1677678174432,31.105763426685815
698.3347408404393,51.4318790203402,368.94532738170403,31.598025659862873,76.39261262986062,980.165431129867,37.25081169109154
859.4386549045097,164.72849491608463,93.45709904340289,28.292819496764842,72.06376997173508,986.1785137860392,34.46329845635394
656.3576874426461,300.5640603820183,100.00414544662067,24.786166884189715,35.61254831148625,1002.1791074038593,32.70781825260476
746.9524812722894,703.9337496493454,767.9760862139592,20.87270984440987,66.26031610128854,1008.7685133424393,74.24563037620742
615.1585101476064,691.6096473082287,301.96304327145907,30.887336095202787,32.145015264871304,989.0142611788672,51.28156645453341
389.64018647703494,426.5097111132167,111.61295900139056,40.62460968742046,50.151323492062474,988.1442892030335,28.94901528776317
702.3675832717014,418.8153562090758,655.873178532003,23.946775324794153,87.60041219535161,990.5007498996804,59.87041532570343
170.2817309072822,727.1251395831998,642.6012582574531,38.48277443961126,44.24381017697949,1009.3748748933206,52.62625644501259
313.46397744554037,461.2874336016304,88.23320628779547,24.096776670755144,87.70267378951667,1008.2859455785607,26.771870582926944
262.54182162633634,95.66800672691701,640.3490237229743,34.250112734285224,49.91894617731313,985.8166571725194,36.36025579951657
868.3686500252185,120.21426650918986,439.7264754671362,37.28217811048873,81.93624414236419,1004.9060028242986,47.2465465147177
460.9831858218447,728.018427984259,766.1948569537452,28.205757465491065,83.55196320861535,1005.792940235889,66.31784269233292
704.769210077843,431.96879586872535,454.65754703190686,36.71931345096742,36.00184423725815,1016.1569478775737,52.28844205967332
636.9137771822952,593.4194135799587,561.0522349957014,37.12966638558747,49.72636262362819,1016.4208977638042,59.35208512269567
477.68280974199104,62.19894988106235,529.2810221066107,24.996645644377463,84.89619969865346,1023.3478494521848,37.36769367295604
275.3466933236257,678.6933737875486,486.4307311093828,35.3610579262957,53.001594673805776,1007.9330674833706,48.078431257710534
309.8356789455371,747.2187676334221,580.9637543908784,35.27808989473206,37.08378159479848,1015.2662754793886,54.95018357300391
558.1000759964697,733.1192605978245,266.7394418374197,41.01461269223516,82.00953118044845,995.7225457024517,49.40615777132561
646.8601702692022,146.54846522247777,360.55026176483796,26.69167094095665,59.9628144385577,1007.3414902614684,38.224269535343915
277.44004039329974,375.5361402911913,840.1807431766075,29.701887423534828,48.50183127960224,1004.9765326181267,53.196515147599044
395.13659006605087,294.7678171499781,675.4429596946335,41.86691880529469,32.4196200226446,993.2785450901583,47.71485060426621
436.51685338621934,396.6311450497342,239.25687627328924,27.62735757408853,57.82395697461118,996.7841239410534,34.56471500401018
343.5202702755283,256.9359632971822,584.1418296469129,24.027538190290215,50.0635769694138,1013.6854463227495,41.37936019305783
780.2930774283479,695.4000758135752,206.18639768777507,41.03305015734389,39.56958780148786,993.8666609173315,52.518250504768694
163.75736509961163,728.637966853184,759.6203665365427,34.05594158959277,72.24767541599107,1016.6347611909957,57.15667462004558
378.4706607324473,100.42989571115933,288.6227789011088,31.053282075764436,69.71047933472305,999.9154531693407,25.911927849352548
384.86763961634847,599.5116347890709,309.6264951210488,30.751210227613782,36.675755558853865,991.7253343945715,41.91643803700453
186.8280140286891,675.1823834121125,587.7226817983612,28.410291088114125,88.90485383265417,994.8957506349601,49.36921919515849
629.2255363809361,599.4363157832252,812.9609087220813,30.909648094821478,47.73222292767074,1003.3862719531612,69.37829191380808
248.671148036905,465.79160480015156,534.5832985693958,43.44118611880384,58.2017889242689,1019.7983010354862,42.81721452788753
407.8263899109509,431.9867918354121,564.3453428526884,41.25276742251979,63.73402727271062,987.5299874660723,47.76820916649842
467.97346255815523,218.46271891009624,98.10654332496198,21.497565533100357,77.62112220536946,1013.9573433656883,24.517347177046023
877.834193499839,746.9312177735387,838.0951084419123,39.75287159089558,74.16066171226444,997.6416305857936,82.26676667587782
132.5798613176924,311.5655932220456,675.0391306228896,28.724241907691173,55.951581464656726,992.5684591513839,40.32592886110773
790.129932441192,144.1977027058038,362.3292592077919,22.90824594351281,47.491467737600956,1013.0189522238517,42.522999422721554
245.028988538109,247.379972978485,186.12895161381783,21.082918649267306,63.160645224323424,1029.5018208428403,22.217426910050534
101.91742596657943,187.67208214904772,755.8623560751737,23.369941278299294,80.63774327767052,1014.7049660903104,38.92217948647576
829.3515729802264,569.9817342289184,471.7752294144462,34.528173533436316,34.150352958423916,1002.336274633101,60.851008392852194
589.1170948451354,421.02849224447834,112.45643446460268,32.53183492486771,85.35760352283026,1025.4106244389507,34.80262499127252
390.47288323752963,426.80282362076383,835.173295941232,42.29431403890726,74.37493032363304,983.9378364406341,57.925203043398085
582.0554829396618,146.1611423455736,541.6462647403295,25.707554589795976,89.7887626762444,987.2220783580954,43.51234934817025
547.4782872295956,412.2261372977234,539.4443078468043,37.86910147101817,30.51990548712333,1027.7035555566165,50.36890504969175
283.5070552764611,493.4920241401234,656.0376717183345,36.43191705387724,62.14526229011592,995.629153024253,49.551479251230916
522.427709787533,85.72622067026842,277.9090566759901,23.724478326150678,73.08633924605435,989.6812368662322,29.360980180773645
682.861757579116,88.26601104741725,208.70599656783878,30.915767345744975,86.52990614330727,1023.7972772687663,31.48207292150955
160.40262150635158,450.11683555150455,456.47046595962314,41.683240181596545,50.363662005365384,1008.4510993045805,36.574402350120614
297.55815782683885,344.60761435461575,790.8040627554218,22.463677356277387,81.98658061060814,1006.1306827315923,50.897135675660515
308.5322574471995,495.3348418997619,701.0356113618353,30.66767551682105,53.547284137086244,995.1964155787732,52.157437434882254
729.4027195027368,609.1265795878377,298.1112886879742,21.167411795586688,69.42201842759621,1012.0703036669155,52.0803305202362
395.51933491728926,714.6699906180127,659.3055395001412,34.46255342492574,75.30984870898597,987.7443074978092,59.67790134606471
795.756877110846,623.3180420170498,681.7629687079199,28.931211703538878,45.700614213992495,986.1032584423252,69.84276632215366
815.6938308697255,725.5962407048412,634.6211036353491,26.37166434015906,39.90696483529817,1026.970948874628,71.62354629265096
599.0006727115633,599.5900374146327,578.9428561071618,25.217185074207755,41.96636715739793,981.9761650473104,59.115435548072355
148.89139390045642,685.3748105046485,260.7639047335168,38.08611558238279,60.59186334399053,985.3976396336714,35.45854232149382
298.85523809896176,653.1466424346711,648.5212514118737,38.38080380470024,40.974550146786186,998.7299952866243,54.50090647248394
260.0858475974925,773.0851856897997,755.4896111044388,28.420009779349733,61.941318632102565,999.740357855944,61.21471544279632
312.59395279012256,290.51912794694033,242.3914879982287,31.540301630841373,85.29961596667124,1000.5782857738624,27.789051942041034
422.75486395900305,441.09380923055875,635.8258288921043,39.51642611308587,54.74135279233579,995.4656788731753,51.34849335137102
262.5092131498876,334.9352579987449,693.9114032604932,20.74642520218384,83.08705211095217,981.6468021679699,45.679790264878704
571.996315973086,372.61444944935005,459.067204008278,24.16075123321388,60.516136396738744,985.1077732760867,46.7010111230042
200.4483410617019,78.99536733217795,167.05087668139572,35.928404899426134,73.9646718647063,1028.3666908401822,15.065346319072225
798.2873590909667,356.2781430771854,230.4395617449311,41.87648716868931,42.12905799951102,995.9623137931488,43.8545475348418
830.8922920536112,778.8043637468056,337.9583963193494,21.995631721826538,36.92179452618448,1019.6867209834137,61.80923552678647
779.6935023770947,711.0723073295637,616.6670141407593,35.24744851376407,67.75690368642358,1023.3802489577162,69.38965485683012
321.4068251564021,738.4835462905205,777.3558236156864,22.805464541380452,49.73065740929545,1008.1991813009837,62.890944088035134
375.83044111983764,784.1138505637377,110.97340286621258,41.131527835725706,83.53761517703659,1001.3515362061784,39.237264865155765
716.4940911261781,742.0443315994937,706.5945803767069,43.25503857372116,62.23708500621497,991.9643212127964,72.01993589683843
334.57138783399193,788.9917242713934,738.0986876465657,37.88328418015157,81.06418879275026,988.9864262569862,63.23084086902419
726.7077330812798,166.0376150068962,716.6289276338857,44.79546145896281,67.18796363642613,984.6356688792933,55.447517548000704
423.6551436994069,728.6665803063515,639.515988425723,23.2963419750341,59.63935906958199,1006.4826047139237,60.15029125720167
705.4843654809716,476.42297474099564,839.345836682665,37.50436622184899,39.809767205372054,983.9529040312144,69.03105367396562
374.18561337234576,110.49527292539068,638.8701391055074,40.13341022380102,80.03929348071091,1013.1364858451667,40.095232153152395
324.6379093192484,548.2493855617975,740.3999531885037,32.662091555761,37.03047873114808,1002.0730299795753,55.802616973971524
305.80297897235215,243.35173750070408,144.90112468967644,29.994103759235085,73.35348035158792,995.29377020787,22.270686481778743
811.6848347211684,112.44009921844759,642.688340223937,39.13409629024916,73.30551124537193,1025.657640491135,53.431281627145964
390.51704905358406,258.85881019415524,473.9532315034105,35.00343375242269,34.12504183871254,1009.2974410224227,38.4394050375686
542.9827708766242,715.2513984752596,180.68805039816266,43.086357139523,78.56704290857985,996.7851729634351,44.97454709648302
497.1214519274053,490.7646869911812,320.663440495626,21.35072827853551,80.55864165865403,1009.7121322430033,42.46312178738263
467.99796058616107,101.21367286498182,299.02022837118636,35.37447120291023,87.97208410974963,1017.3330834097075,29.037158138381745
447.478446245919,529.1370567036707,93.7865888199312,30.13810914976006,58.98908434659628,992.6185298505628,33.049928641284936
735.727096297493,396.3856449261662,220.9855540893613,32.57372603824358,76.18730678977062,1016.3128575005816,42.802804400284224
853.0827126363628,501.97843916876644,729.4944574295637,40.430251653748286,64.18201012616036,1006.4602045539741,69.83161285133642
641.2077978127745,121.20017415516745,234.68238023969928,32.97324092099726,47.24283280341847,1022.8727834480126,32.259534368626234
355.95197756529126,492.83872120219087,250.65582361105194,29.983637456941295,54.558032332061494,998.2191207860781,35.48995390746654
187.3427465972015,337.26592361945944,126.04945353812045,21.288421287627607,30.74953194824711,986.8274027621563,20.780238248024645
788.927117410155,469.48180458349077,639.5955735965229,30.95448252581802,56.88146039967917,984.3749114286095,63.336090603670286
151.81302278262106,745.640593225721,274.4062093955797,32.64109468831007,37.166283561671484,1016.8229544859483,37.89985685607345
246.73263331468985,505.582962197919,82.06947742410802,39.32214280645451,34.02166879851433,1021.8179024286509,25.852246962342587
627.7305496846303,741.4946685572423,426.8234716381063,39.96281835077944,76.99246097720601,1021.5202608201986,58.14969541278043
474.1338193067408,780.5511138748707,732.7041416146614,38.05741883688707,32.249474581029304,997.5049723821573,66.9487136600348
416.24262853053955,508.20659795886775,541.6292458699636,35.3357104365462,80.5071353637935,1001.8168542905955,49.398646629480766
561.3950877714916,488.89887686199495,114.64664572387734,29.48612666045365,40.491000308093255,1011.8808212375886,36.09468476795969
592.0923326486956,779.1696156224627,224.84779005136397,22.544149786496234,75.12410843215699,1009.8811127231071,50.1317700501893
119.31844626601418,592.389891962646,127.17216305526915,39.466726110778154,69.4934442507357,994.4819993682429,26.43813666907057
126.98345265259094,184.22418937979157,431.9968457926578,42.773358912924536,59.91693562190114,1003.3556151575664,26.616103092677786
889.6950243441743,456.6491870721858,824.0494524331297,42.0674081029734,69.43992680200517,1027.5645087868959,73.35230443981598
621.5534118424711,137.9686298356582,697.4524002068907,34.716883168296256,56.93995318988637,1005.50600821755,50.68375725861951
625.7638697318729,445.0845528849565,223.09824360260083,21.02689016246857,62.378552997049844,980.4948295269957,41.049382422608915
103.21551026023626,265.1050573588645,148.22918698370927,21.326258509661898,85.56796586068694,982.8632408763378,16.978784507921393
365.34180689376836,788.3469600696266,214.68177939247076,42.46089497165015,83.16496216841347,1007.3537227771553,43.197934184600676
609.2341558958869,742.9802912318064,314.48050700106114,34.107358232585185,66.96411056617167,988.5537164694538,53.14565369387325
651.474668039119,233.7581170186707,610.7759750910097,22.259888772750305,59.30490207515756,997.8205880680482,50.98802255537408
569.7799976858682,159.14911741269555,686.25729171445,37.71515804915757,31.688674424073827,1017.2754213950755,49.31816512153491
567.7395267341954,163.09439412802317,745.3457541785693,30.454129752806857,53.53863609622357,1005.5686999888954,51.738847793009334
168.9072324003967,105.1657947696865,317.0774333828821,33.227172538409874,82.92219262468721,983.5957613423582,20.90528815041778
844.0464389285144,736.3810015098967,613.321620329363,26.286086357568195,30.485075027981495,1008.9444037605851,71.94568802632685
858.7349105977705,362.8802631359181,822.9833070906001,29.3338742467204,40.66780101399672,982.2640894179104,69.56778749563466
433.25317243273076,690.2483622719471,213.68857250531397,31.0952996845958,89.11876436045344,988.3473253580676,42.2525889413529
585.6717936757772,213.95497014335547,439.00153686051874,27.203664079879537,77.88051815966844,981.2866062571607,41.54886438899473
262.04076881723995,351.2754034038063,430.91979526232245,32.9316348411286,81.37392000169905,1000.5862992009303,35.63627697712428
781.1421950261447,673.6974753316247,255.54631663816568,27.810178479535544,69.64640048268487,1006.3679411590105,53.8670427762597
219.24942464953335,558.1499822391725,216.3139885449543,43.5057348267037,51.732934554568686,1017.2195957816841,31.97454174845934
551.7934160672114,746.018996839877,494.7650871126729,26.98758130380802,39.662775195348715,993.4658999141166,58.72497587171957
374.7131931494405,749.0705517165487,441.26984882124685,37.83811581858147,36.97301709303045,992.826186257665,51.36430629882955
666.1707883355947,325.21212870518326,315.2072518835507,20.69588744684976,52.88068648080459,995.1356561861525,42.34977758656537
109.40656281084556,313.0717982101991,605.6326741993121,25.52691678334861,44.69329124473151,996.39776109897,36.899657798603826
635.489849015225,554.8395194657884,140.16618652577054,33.50048454031845,72.46891661148872,1029.907437014508,41.31652851546122
503.92149186177784,545.7484886657617,616.2941347887365,38.368056837536415,42.80388063715919,986.9103588797881,56.14186480737565
857.1698112786031,376.33109844534283,714.1837679675451,21.051529095636088,49.13144929743787,981.8769501011775,65.57237801042018
126.59122134973285,482.33259791583686,147.62401517368642,31.736739578536323,60.097622556071755,1018.0492399892235,24.172675184914546
355.38825869233574,662.0343590360225,429.7501192314514,44.48733119931947,61.4578220506805,989.7474668189391,47.712683301108804
771.4364351855068,344.50633769246093,754.9031661004645,34.768907342607555,46.12822447854608,989.2224516984497,63.674409830357604
443.7179695512506,515.263626390968,147.6039515647306,33.92375611459747,71.25603727710781,1023.4735009577832,34.67360594085578
149.23187097426327,750.0646099352525,749.2701786687876,27.49854694537773,64.71187318289108,1026.586554043731,56.94970157403698
510.9490890057317,486.8944650497467,252.26764980478546,20.23152598681738,50.00028945680244,1024.3504170503138,40.02601261385577
480.41725903090946,159.6020393152192,503.1853079728664,29.848014895275035,35.669611891984964,982.5821304907481,39.327991269298515
439.59788249063376,476.3068118946841,451.8139750159601,39.85752283683513,55.72572454626011,1018.5856211379373,45.54969983219794
540.4922939372545,659.0028343909684,744.9597698700993,39.110923243836965,33.74691536487163,1025.0678618864981,65.78324464465067
604.9115323870205,511.3101088202164,245.4175461315459,34.09664978939375,62.19350412775616,1025.9770922125197,43.303351081478944
191.3809964302083,77.55299763020186,370.1172942997671,43.41416457606903,68.92601703847498,1013.7631515968473,22.87271159380299
469.9024003880849,618.3268380849079,101.66718081898608,24.804924514823227,89.19517001171627,1003.8291335173534,36.71356438694922
589.7088057892215,734.7961343142013,184.06762244303883,23.81213759157744,56.019625262618575,981.826630054137,47.09785310082424
781.4560600188748,88.11145888613576,208.21629089906867,20.641331766551943,78.05821334269613,990.1135584452821,34.41567720311307
233.96087520202053,181.50682241373295,255.3091010388227,39.22749921023147,38.243855741349506,1001.8687226420993,22.676394970025513
639.5916132259315,584.7459318014699,681.3542065602718,37.0837202728761,62.43026893522002,980.114654228781,63.984294613232905
332.4218704738361,572.3321717726648,99.19524242703719,25.233270687191617,50.60573170721945,992.6835890060986,31.110430964476514
821.4932761324854,746.7389407997597,242.68236835631586,37.59127262350551,68.86597506319953,989.3139837826814,56.75426124221999
178.77738014613317,102.8878257286523,596.3284585606204,40.28180054190587,84.75013536402399,1007.2057178959055,32.30309451866838
248.02303700839437,646.7952181714804,348.4021718958565,31.350370807914388,32.64480004866606,1012.2638123326585,40.780634531230504
683.6437078389117,356.36114952108335,486.18656373427416,29.155586600677193,68.60371445678072,1020.782172306763,50.64760827017082
615.1349843445582,690.6146908683514,307.76314487645766,38.29005411216758,88.39039366829464,987.1147983298979,51.4830160514456
866.4200589484385,779.52169064263,517.5227860193877,41.70227999932372,77.21752688722091,1017.3332957699329,70.07916392850755
713.7662624940439,759.6368253479542,466.77327336221464,20.131511883826192,66.52216513493889,1008.6310786703867,62.873023569748526
616.6094223175307,515.9115044825935,163.61094501325073,25.5981880021258,76.97815560396175,1022.4672686633697,40.520065604533755
231.13642524838775,628.6113905978551,746.4451286056532,30.843066358056713,83.02872571489155,981.7101239290647,55.65023961961341
474.12614836834746,287.4846803290511,91.04057529136509,43.61307828060298,71.05623511044551,993.7533973952509,26.48994787257656
850.5471201463915,702.2962385767828,476.4653796152159,25.865203961923683,61.17079849326869,1011.9707509977557,65.64391594630386
816.3156909839446,535.9625641660213,92.60755654941407,31.634769932420067,63.712232509649034,1019.6826081515051,44.27264991647554
279.15304041141616,750.6886405114234,419.62464183762336,37.206111843524596,89.5954687297587,981.2292458205794,47.68023610119012
859.9528963368628,337.0046227104166,268.1230258958914,27.466077431142516,59.319450051878206,1019.8378790465476,46.633646607254036
536.4648106656202,340.6989131499744,291.44793290422245,24.889216926044586,31.43923145799653,1017.3610296660356,37.97282903063673
200.23622751547646,396.9538832814073,272.99674570863317,36.53528339973487,79.07820940186852,994.3430153909771,28.83557315225184
432.1242352412663,107.90993241977493,376.4549420843934,41.14092698559663,57.031947288618724,1022.3213522813372,31.259222713206974
341.8302591413144,519.5867537836928,392.11162514872484,41.89176976602402,70.27769434460342,983.3968355066721,41.5269753936992
632.933768679107,372.14030742659196,722.8386772689848,22.109112146779363,69.90115513695187,1002.8090553491677,59.065769373930365
730.7237870686993,519.9421411910349,521.4561343901535,38.29619998704097,63.77813404449994,981.4050785446024,58.378223223398166
650.8630786205924,518.8936023387059,705.1520417428018,44.79034352533846,39.140245261036156,987.9016164826538,63.29878209849103
761.2022925747075,411.0496740552053,147.60936044680693,23.44956957412848,56.58192784794162,1008.0040330407309,41.07193341676965
689.2886670346849,695.9322068327172,521.3670924385095,40.59416700268591,83.19432279199307,1017.2696810821047,62.41130991356245
408.78453980177414,306.79026960550294,171.97305621219525,40.03038667389569,83.66435699580276,1005.2403760488384,28.34616653070612
591.2891648507936,212.06481855856885,454.0073394313054,22.452433978089577,39.05509710576149,997.2578132271038,42.26091307953309
665.8688744347012,85.19891781011842,323.69256829696485,20.188113722582617,72.7666107637784,995.5708824909086,35.479736499223186
532.4332297877903,173.4397392582841,738.408002362564,22.42914212350104,79.74036633697438,1004.4776739421881,50.7125091658848
370.6266939216949,182.3806338061869,475.8113848843598,20.437760806084597,79.12590952615298,1002.3913625575275,35.62267522721085
269.3070559629052,664.680173733427,327.78500726003205,39.445217087247016,40.212731762162726,1012.3714814688861,41.13101718129125
106.39195814099631,606.6832786285406,113.99484980648899,44.83329748206059,31.367235377078618,1010.5898448028624,25.952051095345666
365.77296855153463,439.0735232364291,686.9433156639152,27.012306233282274,79.61721201530537,1028.0646927746404,51.62312738019553
227.71814790250903,455.452700170047,232.65936134814174,23.26506781269106,32.12631167015564,994.5661630090813,29.80149989610235
211.75255243380093,354.1945714106788,308.6982429825836,26.51517894241604,41.96429092557484,1000.6980568188592,29.32634343463774
891.8851425125705,755.1560733020855,358.0259581554797,22.767882142719504,89.79095733479403,999.6768085459864,63.732274800658864
446.4568128194854,73.14820811023796,153.84785192110044,35.94133733056071,56.99477236885376,980.9975800157573,21.742064704735718
834.8169540464431,228.75638034489114,504.2286709670046,41.09597230661569,61.20282196620641,1006.99264284277,52.07634687042021
392.2558821096113,326.6409569705483,153.82310111214656,42.71692120785162,76.06274407879405,999.7186278368254,27.719829216890652
555.7476847046496,242.04247707001963,597.6600628926367,34.77802459628621,63.99529549152677,1006.3612645092953,47.840107368945546
148.82261363816127,477.33057739141054,224.98109792074783,21.800029419372464,68.2182014893773,1017.8256266610543,27.78383964771707
406.3563181139485,582.4952243264964,627.8459114997795,27.750208967127513,65.58384689802463,1025.8459531890476,54.779382733204535
225.87418615410408,679.1210693655845,416.72598940235883,39.45642367147029,44.332615394930734,984.1871474296942,43.81889724168501
825.4042182786095,521.3327556876512,841.792801928181,37.36416995500379,48.04242600685241,1009.0318223934801,74.07382129611507
407.5436800392416,323.2994359120507,401.3702657944984,38.332904667678946,88.21314165378234,1019.1203104179433,37.980104110318706
738.1699710135885,427.3685535084705,616.4720042027349,20.986649592602983,62.17064239375882,987.5535773484937,59.62503590377116
878.1227115335554,176.10021373966265,233.91685690318872,20.354981648322823,68.40136448881067,1005.6044182992755,40.98336203432409
562.7377319799298,284.0159406853837,155.06391200346474,42.81976856313567,45.169942342582196,991.2450843367662,31.605166660097996
229.25412956464814,303.95412171695,121.45273444028258,31.3728159531846,70.50266963912158,1021.3168101230355,20.85435691605925
244.96796643330921,451.51768741485074,760.8520636102744,25.082619124339534,63.91052446963323,996.1662841649425,51.32865215985578
348.3652111583385,787.1132395594007,831.0259577302444,27.77841087587135,76.8889715204204,1015.518499181782,67.30539183074195
700.3250891977543,281.7005432642583,507.6787008532574,26.312465762109703,66.89387787546862,1018.16651152438,49.767917007990675
319.41255702616274,467.5654832094054,249.09350116239102,29.223742128132734,32.34571489045135,1015.182964015462,33.573081253562684
200.80009636400894,596.8953120265924,590.2249540644384,36.04927685100749,88.45224373490049,1027.5186589648279,47.539860414295575
191.75422556512567,523.3710398671553,149.1502202575055,35.38320390867605,87.68808945055508,1018.9802632866678,27.419766773268652
433.1381856383577,463.6227296240459,488.11198339690617,21.71976977468295,38.77042611704151,1012.409413144189,46.42730679374836
190.3122783977837,392.69318182987575,533.5535739822494,22.181123086962845,49.87652316745563,997.5743682818172,38.83230676611976
156.3951136040937,248.84784741750434,840.2479430628523,22.54392583277953,63.67992924681502,1000.0103543593802,45.76720655316203
780.2278980958887,695.6911557537961,544.9451033544478,40.044036382656074,66.5852060854302,995.6575754519359,66.07537574966845
187.75144038835555,610.7142048821464,209.77388368718437,20.80092631326072,87.37690582900771,981.3601180070357,32.34492470560243
536.1735502446602,50.423723557839985,659.4865032811706,29.228178326962233,37.53957679642219,998.4308158718676,43.97737834532183
453.13908118708747,462.5070408857917,500.4735832672403,21.194317267665888,63.370625716315075,1025.064825637476,47.48832699287599
465.7031394026073,781.0954705351725,722.6756340839058,23.94397661910937,58.35797699439989,1014.238972897581,66.31098366148963
487.2585818974324,654.0422091892323,409.5880346865607,30.398902148439056,70.27419790898608,1018.4796423025789,50.62254512006236
183.20400561505926,543.748606599856,241.6591796738565,24.1743378176172,55.93274082707752,982.3344225496483,31.47494555340172
836.1967230861928,470.8221063898945,539.4617185527336,43.17055867896539,40.47841645632089,980.082555258399,60.78903362639196
654.6409213171277,369.79648111559464,81.1089640403828,33.87246906842026,79.06767821469441,1000.2665460040438,33.97748063459698
617.8337294286896,270.2821759712714,313.2840093344165,20.728005438826372,86.20856269565556,1006.4182748114633,39.17483753537549
898.0379047424608,548.4699522031399,716.9387143677152,42.31952859878395,47.46611665275799,984.41340016764,72.07278428307663
568.0637342476718,326.27048590531564,740.3190343198244,24.31475863004835,65.38572548940746,1005.0892281672635,56.4427879773826
422.00383780941075,463.9321635102553,353.8051488842144,21.819885765347358,48.18536286299103,990.9847176641633,40.73028599495856
437.6677930867279,647.674754577632,568.2621643118848,25.247017636145863,82.43997161102358,996.8706815864817,55.29076300240619
250.1304478254653,676.3930643892169,278.43727379977554,32.83293193108261,72.20066448750035,983.8017061691733,38.933196318431484
283.00397530560195,138.62277384608652,110.68054817175577,43.18933036127022,82.50630072702012,994.3425039766051,17.076024401420884
339.2827394181186,759.8957753523073,279.0663601336714,37.98485006745297,36.610684606720994,991.1036270484841,44.13800984845963
708.7616809974579,443.24890242949436,375.41540131193494,34.3752706859337,76.21885445097368,1009.5458902459135,49.57693355528596
890.2171718900572,322.7236098253142,705.555904277926,44.90416361882182,34.58892940382269,1000.7056349652486,64.61045962257819
863.9635278259442,411.9092230848929,704.6661679501761,27.472230709096802,78.33024776152476,1003.234245030576,66.46282924533216
147.66233887857288,442.28402723329253,82.48261433421821,29.95692439142489,49.98613658181995,1023.0875537017768,20.99769555672469
375.03072656443175,522.027301122833,442.66567875765503,23.714841993198696,43.74812711700092,990.6060905039526,44.61836798092414
589.7662380379242,585.390938688627,578.5498963989401,43.43443977072766,50.018460855268145,1027.0883103471292,58.39671115775413
809.1076615552013,581.0510809628421,172.16059426653257,44.036920913449634,67.47198500066,1007.1512885291388,48.591186046202594
101.38168347531114,498.451437892907,93.59431405928373,21.686218783148206,88.62538390454267,1015.3556461221932,21.738766203417892
123.83650033191662,141.1659379529657,665.1037929675772,32.86243848850001,76.95733016553523,998.9302565969573,34.55422486724955
741.844270941372,399.82327367267334,130.65489029274767,26.99596598214916,68.29014466025545,1021.2026773538004,39.47622195013126
854.6312244176526,251.12068405475705,145.30994069053656,30.35099325642235,38.226217016248945,1020.9239594740291,38.984954881793755
351.7575351014047,782.3246262414632,663.5302362101874,43.3089485345247,83.00449054113949,1015.7233927603037,60.56367428869353
155.0288649632992,398.6280367469453,111.87317628770595,32.80655841486087,80.92537390418295,982.2818064704253,21.084634102815574
132.49440474254294,397.7060577174867,384.04975857442116,43.41186497418131,85.64304770130158,986.3605826848237,31.268004216777733
893.463797533549,714.9280569155484,719.5422669673533,27.360401542618618,85.8910793956601,1024.024851716378,77.03344631216706
858.7889510405528,562.1463571185336,693.6475826990059,40.00880667278929,62.93242134611997,998.573585634315,70.37396255273282
614.503835863637,545.1826821935759,821.0004033776498,37.221783927945,71.71614731086996,1015.31406438369,67.63061167682238
229.06156409596923,205.20000680807416,288.27360242372094,21.045035516598652,55.17728166235332,984.4405963974223,24.558791224070138
406.0028586954456,690.5174920283794,416.4100091550466,25.552342664922616,60.5149707882553,1028.692011021199,49.552010887916616
775.0059047180963,549.7118677140925,252.69173142321827,26.6259236196953,88.81399844403816,1008.1626774453443,49.8492024298944
434.2785519392498,544.734617292286,641.9684309345052,33.87261579367697,59.18336315086961,1013.0455487626479,55.049132314326286
762.4133211091765,402.8150777144688,789.4727129164771,43.12658670749473,74.0457213541485,1005.2473778411463,66.53576048136844
571.3289428989383,300.64656987819365,683.1234930195974,42.1151216874531,59.637868280207165,1021.7853398982197,53.48420510409786
668.1124591715329,796.0432046763897,150.32133584257326,36.40248360785718,56.73125352918572,1014.7129936461052,49.93752334914061
447.24837794898855,178.19193437429246,749.614336241049,44.359760949632346,34.13872536832495,980.4204942208876,48.7477828193404
554.80704050843,691.3500261449857,769.2478924985058,40.65685782114173,84.24002623714544,986.4531579172991,68.1546276995427
284.9545467967581,382.4364557602759,156.42467499710355,38.130176326623975,36.71767768285774,981.896951574193,26.278717076595164
772.9091089616927,677.3274796213776,579.5986705065654,26.123491578469405,48.15157346255096,998.0679730307384,66.69104447775473
550.477040281877,478.44863949214124,633.0178524610152,43.502624820789705,70.94362145413425,1012.7751504570654,56.18848449166116
536.7175916765264,694.1951284272814,107.49594160668373,30.020383172687716,47.24815495974539,1012.224675703988,41.22721926738158
428.65696696600344,541.3377710740833,493.5978042935583,33.39138438831468,84.1613622963659,1003.6889595297075,48.84375431294493
144.36064295070432,602.133836071203,420.3228905394341,36.138334823246254,77.01952610609436,995.3145012357883,39.20774999223458
847.6588239345965,631.9996376617993,263.1023821045222,41.08341550719412,51.07123353506718,1007.9263719075261,54.913849132072755
828.1092381240508,93.12060968825784,610.1012528613859,39.40557338620909,34.14996435308194,999.3582049097391,52.040945548824695
408.0291676022827,383.98947459191714,572.497395541594,36.9826683206025,32.06711954257094,992.419813242725,46.66045508748975
750.7439386810422,211.98884830885655,131.8214424421587,23.53006615669825,41.31042331307559,985.5690972898343,34.15484130738331
635.4562145272653,243.98431187224082,701.7700560637962,44.16055475793931,48.01481622640905,1016.0221110887915,54.45401803453702
443.3094596348403,191.27679326360487,269.75283634536197,25.679659264506423,88.37514457985053,1009.5610218122213,29.827701040767835
190.94539207506838,752.5865738890961,89.83412286640554,35.18773399383943,48.10801541772338,1015.5181940882421,31.89932389358116
852.5692400120703,766.926341943968,785.5726487590714,22.80069279565108,59.79004205386617,1009.3389468062179,80.007773409044
752.0014979509505,784.6253602697656,599.7387138700954,29.88597012227491,88.90017721393635,1010.3431638724692,70.0883543014253
455.1295925391983,76.18214522875637,512.7869990559699,35.80160397341896,45.73740516094147,1018.7133881516711,36.45083209527744
604.7191974814077,352.1396545084032,293.5799638551,23.44880542862486,86.64310029568244,1000.8120841668216,40.44896411389833
709.9206368455617,683.8605748113041,167.74358529074982,22.984524827511287,52.0056943889736,983.0787292191012,48.523179761335975
241.17301125066462,745.9488570123643,471.897406110153,22.94768596576426,30.419267120507556,1004.6726358539976,48.48955229229699
149.68748564416154,653.8338923100323,428.9106297936741,34.99087328772402,51.8114618605434,1004.0757743016669,41.26206653037278
238.63310742378215,386.08621023160856,816.2879512227491,24.90433840374679,74.36935968764877,1025.0393346517164,51.39309757857169
643.1661115966978,143.64329364350186,464.62227237797833,32.37214446039777,75.12240838704952,1019.88799043335,42.189173052325124
159.21668020132262,148.11304485209928,414.9465044236596,28.278755328595455,81.71003423105711,998.2913926595633,25.81775192854904
763.4537338601979,398.16188368041566,706.5198834529826,26.15025820314184,66.0448015658086,997.0895413613209,63.109263864337706
201.45226750201113,141.5489972158741,524.8448813625773,23.375401868174595,39.42001604225855,988.0507712154296,31.283833196039655
409.6137397464388,475.5404451943167,310.79238779511843,40.00133558775216,69.35127702096129,995.134338808552,38.9863210600274
821.359574355188,411.21790295192596,493.2923113732066,37.043753410945826,54.32831777379329,997.2093711055082,56.70901677414169
757.713648515263,622.9232198829354,247.29187922765877,23.763969965559085,85.93814605374527,992.1980026154481,51.310781221052295
295.3105591261405,100.96592370818168,546.2395759719966,35.22431262334613,49.72062667388038,1029.122187855681,33.73787752390953
859.8961418494767,548.8760617250947,488.9373853625686,30.821220735238878,40.751122563149394,987.2423735452114,61.820661521739886
171.2393434530253,605.9843528347463,345.2696807355745,34.2216326925578,88.04584525902266,1002.5586688706644,37.12749811805613
487.88262595910885,227.99276379999876,817.6657118078616,27.449773701935683,42.493924830371384,1014.9870943828477,54.1828901650877
478.6773217469794,115.28960253059284,832.9455562298898,38.59087419067049,80.93907722853723,1005.5386069102735,51.136829977522765
245.29501703580357,197.93561204351505,760.1439713997552,43.41098423534453,87.52870893688271,1002.8121482825288,43.70267772836977
104.94840856671956,539.3228460419323,624.9415604664518,34.8185919239885,77.25321511486595,983.1429144505363,44.32580005691763
764.8405673253467,702.6283532103811,432.59484649383285,23.862948017313457,80.18028837646227,1018.5143405839499,61.327861475825145
207.52621943377125,286.34364050688407,764.30885558234,37.79643231339121,51.944047032004065,1005.5973099641069,45.388450021513265
760.215026492828,454.9790295506112,217.74123636820673,24.542701054856742,39.794530505419246,984.4888436241653,45.16547113603145
593.3621612626679,326.2328364271664,455.01814027311593,29.59974653901132,80.79100966584055,1006.8419791401423,45.788575541619664
825.8036209353962,696.2287280764773,692.4935590240145,37.6332498506907,76.48649139350357,988.6591360831203,73.36071283131679
818.9725263767518,190.6508953987011,731.7980406920561,35.9177771023401,44.07748857300935,1010.2299431814897,59.560624280945845
317.35102513317077,390.1643741392454,831.164706796352,32.8754096074423,63.1791622874158,984.011303400837,54.47205025002656
311.9961974524762,331.94677018365553,522.2119839624736,39.65373404559628,54.845293378714736,994.4864968999543,40.2067683875829
895.5728590106299,451.33819048958503,541.3357576283954,21.878584799838112,47.75000446971736,1029.565080539372,62.06076179014226
859.0879712766035,768.4297579128677,808.8042323955341,32.11047426144716,51.33190664107686,986.5490522972996,81.1777011715055
806.7310546444062,306.2189399118293,703.0637453849752,40.09464399036169,89.64743553891192,1023.0495638839122,61.51104965208608
513.953342036413,689.8382910809192,635.4734001213391,21.129397345814624,33.486037143023246,1026.0865232135552,61.53268499837353
205.09253856386076,763.1982264078514,821.262413818173,39.75995549836727,57.44247163122798,992.339413733388,61.89921950187828
606.5071777427022,185.98647876133106,547.7699276235414,29.373386201279448,60.599314554223454,1006.7834185140197,45.68560680006266
425.7212171851446,653.4504457717886,449.5335605544989,32.76120264059682,46.774654661825814,1013.8993864477694,50.35649231088795
102.4912939830668,534.3263624644239,342.29665536324234,44.9685448351156,84.64267732826792,1013.6228341632547,32.79639590795441
174.00724377113227,589.3904918069248,647.0410537110328,30.68455867279294,36.17191225879624,989.883321964771,48.78357421578303
256.0756423997194,541.1006434349138,386.7353168752438,25.18973224712475,50.106344368935055,1014.9953858853296,39.38470125004875
825.55985014171,787.669573272518,481.7724683432308,34.012202995606586,63.664522064602316,982.4584938742101,67.66778143615606
184.94749277394254,562.8352036588869,135.0727886992928,30.141666258769334,33.36200040445564,1004.3282981495373,27.836392440956597
242.27664125924528,633.4675684580648,279.5379999236893,39.250834339456475,87.7021665354942,983.6272278242244,37.45384628846687
711.286611156476,639.8168237255101,619.5069089273262,29.185443543777133,82.29385322417971,1014.5895543475089,65.31337940355263
808.6582435178628,786.350337243467,693.0012552216664,22.634035366410156,85.50950675056947,981.2898487488969,75.57030763170654
713.6033489412853,374.9197771105568,421.00116610392826,20.097144216760633,36.51297282758564,999.5851084501229,49.49574042571239
277.2879791275222,645.9156080107314,428.23354307248985,42.68540094234339,52.21441781369649,1019.3893773994587,44.8254493370472
130.87982367341792,105.87340028818207,723.6106157601085,38.490404850325504,85.78657420993926,1026.1195516184325,36.04702134925235
744.4888377897968,276.0682070842041,254.64296303326154,34.06660176924699,41.59451298924067,998.6381584608466,40.80242986755049
225.39675878101954,359.00448863354404,701.6505699037159,28.940925942358845,43.56238121152845,994.4159185554702,45.59806021858555
887.2820806111157,601.1441317144371,305.1629962989341,25.605280956857353,67.6427832139564,1023.4678295890283,56.85930622172394
404.0116262904232,156.65972206422276,216.98330720385314,32.92004016195036,54.74695231645856,1005.6504098360831,25.499472738793504
832.0854065468357,117.66841101045881,371.8799842357953,39.347017172106945,55.395324579247394,1027.1632752481912,43.36781389615064
467.19485305273076,423.9646707265686,690.5993985273883,28.81370235402139,88.19325679931436,1024.0079412486393,54.35876165447452
750.1049824050725,158.23507754654293,370.51317480907306,26.99497429180923,57.90827579792153,982.0211335220323,42.07072879091139
105.24381877534043,308.062274564588,427.62460042433275,26.127477494910078,32.747524938126645,1017.9864190629686,29.504166817171164
144.7314030146021,500.94363100412687,506.02544490707595,35.648967538713364,74.17951113027772,995.9557337223135,39.611268816844905
562.8474254717094,435.5223027165023,248.09077604067346,20.95470754829377,73.4041745469714,989.2274262983461,39.874722887273286
567.41038859537,473.9186015258681,686.7407759324061,35.52333048501897,60.377572764067786,986.0903554854201,58.70950074093339
622.8171082335701,161.18983030043995,768.5914219699932,36.31604789525272,40.9127558488612,1018.0878623700198,54.26386503482003
493.1613748792584,429.25671364062646,582.0243712721484,28.121308898007534,37.37438000332993,988.3888073539106,50.953517506482484
179.73820893209398,339.96749144513,319.18483463058976,41.336525212243046,64.92105544388588,1002.6017795873543,28.358564396540306
810.6574141537621,796.0656305325235,510.8686599987347,22.810783827210148,67.42415668468638,1026.0842953825927,68.63643774053796
362.9166529850641,549.2177923058168,689.9072953363919,22.38157913122514,38.17719332240191,1024.2755070161572,54.9603251721821
563.5903472435873,222.63762815435743,729.7071355782589,39.244366436803446,80.93895751040388,1029.1837264021676,52.77512468506869
167.6782806798346,278.6796376630485,566.7858041831025,34.34897143953899,77.65198425587494,983.5266111099365,36.062169717610594
732.5519279164273,672.5169825218088,639.4256791463898,42.7201762503766,78.25864655016068,994.7447029860085,67.72909447900267
572.3045402891521,483.3475482110151,296.16712049665165,22.39762811394749,85.08869857277392,1015.7441830425346,43.516247474871086
517.9198225124326,460.8155843978024,722.4283041728121,25.267769459921812,38.93147976762643,980.3308951966187,58.25919437421953
506.6087737248405,295.248886595238,437.70311452437966,28.0362505567006,31.50355600257381,1027.6837094808134,41.56385439057753
713.2792395047145,510.45411845276175,769.2920399236741,37.5808600662576,35.168777788496044,1027.3093775296725,67.48368233567126
720.2102364117676,500.34864627189677,82.46766661609958,30.622852413341484,72.59127040416513,1004.8373358179006,39.91547314515391
830.4228769052146,164.57973269520545,826.7450355900096,35.33140643062518,89.6775004456893,1024.25118470514,62.919879711612985
847.9169398251373,760.6679033220655,213.68182426429675,37.9430656361327,59.39234926526183,1029.9283214753475,56.80481826498796
719.389052143124,386.33976690161575,241.52452488147554,30.900228036471113,67.17297939687998,1022.9423956247684,42.832845566601215
818.5413234602072,285.96753166317677,252.75953114964,23.828522310573536,64.76444978032218,1026.0745588173968,43.24564689968712
878.1961306307618,609.5328416158106,370.9205712550025,26.6858385303377,31.378387878225414,1018.3812500925557,59.46869201759728
854.76361422892,792.6596417676592,241.24669786163147,20.792512479416892,79.73324090789065,981.2106918524773,59.07256559436264
849.8650741683799,178.1363241306982,693.8847847006349,35.31683289503036,67.50301434670652,983.3715921900521,58.595433336997736
482.0906791713287,535.882068524055,182.31665095308267,37.85714654925235,38.20093322126552,1004.0970851744704,37.83184846898482
170.77744254155496,577.1278151525071,461.2931416903451,38.76271866770247,82.7572153276457,995.8127488574378,40.88888339843567
287.3702662157325,389.45214171468433,449.7678358713618,27.880927797456078,40.72168084441954,990.9362527604297,38.295385672766976
449.8632058090304,143.80735753262366,165.96747050720205,38.814672516109965,37.02932235889357,1026.6488326103492,24.448815720537702
592.4379371260793,504.9697692312482,743.2040653723495,38.40090891214851,51.9783421573196,1003.923017895379,62.6503938056138
173.39264756633128,130.54038635962243,678.1781091507667,42.02956501235109,30.312672557610323,998.3067769774973,36.24511538380928
300.637637084499,447.45697317698585,275.81588003770116,35.20228515716285,35.43810730797973,984.1262826553061,33.4754735093526
556.3441543518534,482.7613702221193,430.8050768261813,39.99960373403793,53.18621543883091,1009.5129563443837,48.40536881026643
380.601117553471,432.513006762452,253.30576179715794,41.52572841259605,60.80056442438213,995.3388655956164,34.525654201364006
709.2238556006856,113.2149801875039,656.9185313192673,43.92138909053172,43.956919233337835,1005.0485067983293,50.94990632641638
218.3114693255729,738.5046599919148,80.04534630355404,32.36048185346309,54.81823563155679,987.2746715473866,31.90629773166679
154.30386264351918,543.7333310177432,305.4206361490245,33.18605178157167,78.39973792167795,986.8217952645207,33.15794125579886
807.5707411865433,415.03825662496354,602.5084072363314,27.86140053249531,64.83971307083317,1015.8859460503573,60.77860622379846
882.7842623053328,659.779504603478,480.5570986762495,25.348490916081776,87.8911164237781,1005.897252290782,65.49919695431431
745.277783914166,50.651137519100594,708.3691878802148,34.271659656915446,57.75180779042262,1027.0988015971852,52.212635158206595
789.64215024348,177.49687488143678,181.57872777309285,34.43564531885531,63.91023380521163,1029.4060035748655,36.27731986467122
133.34955328177855,247.860666619864,555.1810072302314,23.922765160021946,74.55013026049195,982.582940355772,33.643546886258534
449.2349897375454,300.551717856472,525.4284189197101,41.32518736010795,49.11195819216037,1009.7250283666566,43.51073798460892
841.043381102892,114.43238707089405,481.98634653989575,34.68559393747064,62.174082377145254,1021.1147892892825,47.94372690680941
512.8085313993738,482.62353213551904,377.9663574405673,20.89984997300426,31.98463027762979,993.4537994224092,44.981616203669475
426.93674872370264,54.031977623362074,837.1135411623479,43.99166939113741,70.73043095108754,994.5984432154686,47.91360343690586
420.3520307285709,710.5887761109483,453.60005823088176,21.093386484995328,44.93266228894491,983.1565419202313,52.07222653442085
428.59777932106533,383.41667354583035,645.9279898565251,28.162627884195537,83.50747426071632,1006.8346819068078,50.19755318026787
364.41706532113,357.9287507593968,251.5673258508965,43.52165408951697,66.71904470823895,983.4600373319397,31.733067516451666
666.6905498077554,366.0515860000055,771.1689578809762,25.249679944985974,50.59532455697137,1028.6422879953711,61.82902238947188
111.52298763589492,152.9564442002117,661.0898140826804,28.089949014364848,31.92119795832666,996.9716590859614,34.377975518390414
701.6194143805639,656.2501126155842,816.5054563290221,41.12899928453099,41.20019557893473,1013.4488897760356,73.39630406304532
867.9774364319449,170.6017651934297,396.0641649298935,21.01786303424736,51.37184658291316,1028.3233968621098,46.99994264595698
354.006255891288,536.921280534432,577.176503851912,33.65833784729499,59.60426596658145,988.4744065268948,49.81488624684808
374.2771786984674,459.6382131969686,797.9671743639715,32.744729160385624,66.17993805528525,1006.0726877607254,56.93614873142194
176.72129843971476,553.4272720409635,845.9721658986135,32.271216695658616,37.706381426398536,991.1043939646617,55.743343750364886
725.6675528737929,431.85921511391894,408.7718753960827,21.274019689106147,35.84188282929319,989.5959253807929,51.076678055474666
816.1901376136486,415.39848778991654,362.3784221311037,30.02264223444346,44.22150967833112,996.3398518730262,51.442795647351105
798.9138658947417,351.2766255972201,511.78082104540783,36.033213139365614,43.9718336746992,1021.4883848007009,54.97694758657517
508.1797262126562,652.1933205593475,398.0149629287327,32.46433665483123,85.76506911205104,1026.1804462121506,50.731789920309424
199.34225004634544,521.6256127938768,779.0192754374416,40.19127595532537,61.30628917095172,993.9762372918536,52.789806902704335
650.897962861249,150.18475492848236,671.7742282591935,25.454818104901605,89.27749033959012,1013.2069278639815,50.90345066405968
343.0864525152808,259.66086181342774,732.5279305488996,41.45633174151334,50.88495157542693,1010.0141014185828,47.383536651817245
103.77747429803898,793.9828112193157,201.31149335886317,36.79800856613923,79.6771503783284,1016.7944130344346,34.985268299875166
795.5263922920817,195.21367734209247,784.5539431464449,38.363350283319996,45.85195832241554,1015.5737021261024,61.104359814883026
793.6887529338538,723.3834767241111,794.6440555544908,32.52652807971365,78.63095971783133,981.5232787016739,77.29792911191859
525.4165756590103,621.4557555004352,260.68744906621635,42.39299425894186,77.5123224761777,993.3610596401854,44.83366789743202
492.3625194928116,253.15116756109833,484.29858696327636,41.587249145444645,64.0246075024283,1025.7111825752786,41.73735409014835
412.68441803183464,628.3441027169148,292.68219510206586,30.33216830823327,72.25250180469274,1026.0365718797475,42.93814342654512
222.73460476886208,255.07675629051974,306.1305033937069,23.703798888222835,67.242170115828,983.4712612979401,26.579560967529734
768.9797994180346,254.94797053572069,760.6179279639448,38.20866656051213,85.92173494161922,989.4805317903542,61.14255021717046
235.3244587198807,172.6062208002321,168.4365003967892,44.17915827996064,49.97348512935047,1020.7089471685442,18.97538040147495
320.2896451276897,433.94769527492025,640.3002582613146,44.08235533370945,69.58416229973376,998.635640257302,48.23913054253088
281.53652205166486,733.2373304487095,448.8801102647236,44.23862981911829,33.93336670622672,1024.958955141971,48.39841998560017
414.36070529474864,522.8237795885188,605.4876392149059,25.826152834632,67.64373434784108,1012.3059288689531,52.33504011509426
566.6342531064064,781.2939316842347,162.70101359083137,35.6576205376285,62.8239443172741,988.20514639239,46.945886087352484
125.66965228843765,143.0700462470171,542.2210193295248,22.192535433677968,73.29105691116382,999.6380235015617,29.751031729244637
477.92682470206717,233.37806581153268,481.65984009709405,34.63239887244909,69.19311148346418,988.3682974674491,40.60554031929176
304.76749187652865,301.9369565280014,476.3993633674746,25.6399351988438,87.33092114828236,1005.3309124791291,37.25710798683489
371.14347754017854,648.686223428316,425.81262166751674,38.05109008891371,76.05981004034493,1021.311081444813,47.627395895755505
807.650760663899,70.42579665267624,634.5615935853235,25.115919172024167,30.705330222725774,1015.6938653590549,51.7247604629102
599.492980607361,170.31895879213096,491.8158146181707,22.611408711053635,80.74918911834366,1025.4096340380759,42.76699076671159
372.0641236066055,559.880471901406,627.0403799125189,24.8777626689451,83.7805674223886,1005.8866689543647,53.03995306174111
505.1827828137317,202.0359087663543,521.8011045974697,37.77546503005215,70.80324566035543,983.1555110853266,42.08860493130137
191.05464198755993,603.9478977842859,265.350847399773,35.36960693524,52.392609600359506,992.0037775637003,34.464110089146295
370.0860565525618,342.80450243723067,706.8762319812815,25.47795314123522,81.20413696150769,1022.5492257392767,49.66176604894503
646.4657002974736,59.35136695980482,500.65656403971656,32.23359000953914,59.3718701218391,1011.8114007158518,41.20077457930701
173.14717044520407,692.4779207602451,827.1836636694102,37.77246244567701,73.44988625952226,1029.1712437760693,59.05609928293988
271.05939351524347,148.26590262212298,277.9132935066863,27.41718471032051,43.651467918893026,997.7634644327776,23.696290624388446
813.1596653674465,110.18346602537036,139.15837391907587,32.29715771710352,61.1738080783418,1021.122616158274,33.26662889854754
897.9325171715814,75.84210193253978,575.6314935332914,29.71926909755892,84.10671034192704,999.332518407334,52.238498314455285
875.9248204145266,333.4272738752372,287.91977139252765,24.774928862712848,57.63829818225392,998.3556454055051,47.797353684394025
833.7542441077682,594.4320373494076,311.86215293439795,30.862387163586213,71.02712038551702,1017.2028701870983,55.32007456109119
814.7409893209827,608.9746462607153,223.0500052464346,24.09921993963043,55.617455501992616,985.2149199048135,51.63346927730832
463.9263448589411,691.9173219031118,393.12813039537383,25.55877727710285,79.59857236743504,984.6523421512518,50.400435218676535
768.0777750259055,646.1695007490603,514.4698644629299,23.595010031239767,80.21646274644276,980.3335077284814,63.006212851766165
116.05740002244511,143.70065948330955,479.08040585039765,37.14357885852335,44.0104549087512,980.9369172298691,26.955958019188547
263.24079875749266,502.17585425069944,424.5131262420332,37.13117189662769,46.31225641713678,1010.0946754876131,39.94302463992709
202.68329028380182,232.25490700150047,460.65226862676735,21.92155791874137,50.950210717435105,993.8116736611482,31.47423666362976
148.51861369598993,376.0347029365121,156.5177393806287,34.206097871735814,36.59512626709283,1014.789962097395,21.99730907420021
434.83077042312794,353.2333438855928,390.9550176227661,22.67364108909427,70.5120214730212,1009.2555331799399,39.28012413417227
113.91252052108803,673.2456595302167,134.8383297053642,29.114015560466584,62.232390484038824,1013.7984581967975,29.008278589753708
345.6612225273723,524.0513649812569,726.893618605301,26.34281199099594,30.297972510930027,1007.0757004540546,55.16712236947092
626.4901430306704,330.3138219628503,386.0823779515317,28.713203345597197,56.426326882692386,990.0491095455802,44.14741406786689
695.933651231745,149.32730537304525,384.3743557244214,27.372521953025338,84.56492982289902,990.356272003114,40.73280292712057
544.5019167297298,640.1944786059402,133.39083084587475,23.512581047618482,87.24084132692602,1028.131784929626,40.876525093905094
495.87163247473046,408.09089610314913,772.689341904596,35.261299018722504,51.065963871078544,984.6124827569706,58.026449533520235
491.1485904353812,112.25786221314367,589.661114428696,27.62534879004737,45.816917357216134,1005.8086795717832,41.68863815660359
376.1601580918141,337.1124621540055,410.32810356952973,22.352813712465675,30.525195203538114,1001.4409199867704,37.811302750155775
358.98330185173853,139.94934924336525,588.361236073858,22.181319970116093,33.570889210861075,1028.5732655506702,38.50242897580743
579.824376311637,354.7960421428091,171.42265614197183,27.35669974948241,79.34536422677613,1018.3733897444693,34.895518799312256
359.0254916087278,124.98394163724146,440.2061001885488,33.237627838860554,30.435452607732838,983.2387167415252,32.128527004921025
124.29035883129993,546.0116948893599,577.5628463121661,26.83870681767016,70.46424325486402,998.820061647957,43.21157546410644
663.9861801079046,596.8824186834689,769.2294415136906,42.34282944150469,87.07406029837082,1017.7311816162996,68.59523562428883
752.7066514352383,337.22697784734277,305.0533353307312,43.58043359797628,47.85809516974582,1005.6977452305943,44.90014229170668
534.7651642277472,745.9046576928451,611.0716013542332,28.648000592053535,63.88205859258866,1018.2073533822662,62.86295871178709
659.6472501701854,146.8211150745972,751.6750205403488,20.213646006185233,36.511578990522125,983.7041729897776,54.26105177895744
712.6322440671145,226.0602447131515,357.1127295041266,34.756955928991175,89.68532272825978,1026.9320225112497,42.44528384357305
427.86949005306,629.1267228474942,834.9372506818638,21.48883442861743,60.806102064942706,984.5303094185977,65.10737641429118
365.174664084593,169.50195514126446,330.7783386902147,26.928721448475166,38.270603106204874,1019.1743005786084,29.27143212438431
441.0761157846093,425.93856224574216,220.2586904522014,44.040389283787846,72.11897952254694,984.2591918998119,34.8207879589986
555.4734731998376,90.26465243315903,594.5491619302356,44.78065910638601,89.98095460091214,988.7229347759768,43.15411024619932
587.8462571254818,682.0318856919839,457.3542441742986,30.8163194078415,68.77665422506466,993.5795240511796,56.39051405149591
708.2812705009369,686.6536282862356,834.2920522568836,34.91065131385925,75.66888256949596,1016.1843626746158,75.21972905389052
447.28671726271585,318.9011707587817,476.20021178735,34.12002710527611,49.54179492864324,990.7925140597632,42.03364511213893
513.9695030108567,641.1168209981166,184.21224530273338,36.35779630858649,65.71383166444764,999.8077849799138,42.02107953237853
649.9910191959456,765.5885089469799,611.4686402482356,29.00557864527004,78.28975339597459,986.9899809186891,66.9261314542172
836.1802331658654,281.3724164302937,754.1307475609516,31.629746236044497,73.86597462589492,990.2685259573205,63.69180939032284
421.9871556818772,221.15474007000364,607.4954221110022,20.872012919683655,59.62563885636333,981.3208514291205,43.59407375699651
430.24697001282817,554.1801240035404,183.66443360843692,24.420932573631045,75.2077985263382,1013.6429991272734,36.879390164828536
405.61020873155087,435.54296703777106,778.0259869389292,31.059528121941653,86.0315472704657,985.5142742670126,56.35563475063683
226.8578293932478,85.21934084738551,596.7973999332559,37.67721522645034,63.562591964113366,1007.0055307124127,33.23421110454924
826.018322323745,783.3503910121665,246.76994064218468,30.546216655904523,72.24175248831148,1010.5157993422758,58.151859025764736
531.9976220344272,347.73528943543306,555.8626748613116,40.00260478772323,87.68183166411066,1017.1441951835329,48.62649433854827
130.87027653327078,684.3848833098397,143.56980757002648,36.07097659222457,44.639931713537806,1012.2802089117373,30.200447098094372
266.47717496443244,222.29689908348294,105.60911163888166,35.92118152659775,43.855153462947584,1019.0022376940876,18.887586686992726
736.3934882286276,710.9105279798794,351.7688561076525,22.51026612436101,53.376523399022716,1017.3300579410837,57.48987473056131
265.43005020778276,405.3944548132987,676.210018687537,27.681306639595128,60.81702787320624,1023.5514085424893,47.17313589813392
885.8241690139625,788.3440359939858,509.1201834254394,31.13364756112066,83.85839933644266,1008.7173921608966,70.58985348725602
342.21645820318497,417.7512292242128,255.03212567036516,26.31445074258105,43.07225460485948,1012.8610365731406,33.00031564963654
515.0442989269628,276.02614874102335,513.8942948221603,27.381354472285224,44.85133628721325,986.4878905050634,44.287885222926
206.91597123922946,332.6772990327546,553.1448519022173,30.439506303047654,83.98339120250256,992.6488258633353,38.313592184248215
191.7731735989247,323.3031820995247,417.5615289748548,42.21645324386358,43.41763053521645,999.298094508095,32.15475182994767
382.20042319729856,572.9940874967103,91.69993049224702,44.05816543456263,70.43126152176394,1012.3371060135132,32.323832540510146
855.7779475438441,670.5361693708181,297.0147938790708,44.56992283148659,33.34098952131312,1020.6634308727629,57.67001526260269
534.9503699929951,141.6366258958147,455.53839066114034,38.86787461505098,56.058705429789924,981.0807065500309,38.519145503109904
854.5120929315896,631.1250368713485,225.44852486478797,40.692055820541896,83.65913040970533,1008.2262898189485,53.58705488867965
286.7628963055755,339.935985605712,587.8245913533704,33.94586108912619,74.24658506876986,1009.7736872008177,42.31395011147343
812.4503476889558,126.6913599155116,474.10351042233077,42.059487552797194,66.39739283948043,1013.4361308811071,47.138391645027255
529.5597233647256,693.918676440427,639.0689278974228,21.275229874371558,68.82687058908103,999.7966521678201,62.26710911005149
406.12504381894297,314.2170227579423,686.9521017049528,27.34857986629907,87.33222116579014,1015.461532856169,49.088346065504666
640.6827629696897,768.1719029946189,444.8022204498333,21.5582396605423,86.38743021309799,1027.2819271410963,60.057728796922596
339.1847579877369,57.61211403024043,266.8648401753508,44.078833737686494,88.62101497371066,1025.3320608882173,22.57849976755335
656.4788186803464,783.9822660282651,615.8524156485272,37.61161616457325,36.21831842454958,1011.4803379693342,67.84792916719944
826.6167888833826,663.5971204066841,457.09248977988625,27.899105590654536,88.64516588270777,990.0115727907832,62.99011686989745
861.3995630147326,133.82299913855223,240.11951357233067,31.82028950279087,47.884426051831525,994.9438886566604,39.46145740749178
340.1189140378439,597.7525379742998,127.13177100586893,42.057937313561055,75.67612891752296,1000.0971548241521,33.221414400599066
889.6487564103152,638.8149341415069,209.83832717602672,23.556510562021558,34.895765019490426,1019.365794098142,54.24744380359573
331.0480861145597,518.9115252454844,125.51984493309084,43.78913760406485,67.70143544791853,983.5789867935569,30.519582138124953
857.6150942904354,259.92491765057673,90.39789998064444,25.508805404524992,84.12370271109538,1007.8121398143503,37.142116357456146
370.3688015515385,545.6548775504103,274.1408678919129,27.900230279335272,40.688352696403854,980.6920100887702,38.44634508873499
532.3808394648856,626.6207545259991,443.3269927649549,31.601244297255448,64.16505413300374,980.825996986884,52.50312753032474
276.87095638843715,193.88622465337698,445.54945720217336,33.494054308177404,56.223132007778375,1016.7348525138522,31.94469371934136
167.090512508672,284.13086319591497,510.612525779178,43.53537915384963,79.53487805994403,982.0365563511193,33.96114230230473
837.0401843778284,709.7899472108941,841.5622688808432,34.30112866319753,52.229174001401674,992.8377276025927,80.06739470289541
617.5425499504714,688.2056037300682,447.87388930759187,40.52681225140532,66.73087966189638,1007.2619831548343,57.08740018271986
522.8732688877587,407.9752260830857,724.3925330436925,20.772764924874327,85.03955165698329,1006.3252225118679,56.90115617087304
508.2970455575113,201.5921774422823,346.1894619322873,25.583718748252128,48.675666636187515,982.1161168614424,35.1442551672853
136.2687574038916,633.127998226452,579.1725886343379,36.257610913720654,55.24803087311486,984.605360944535,46.24880621428382
633.9888740688401,73.63393549790649,747.0942803529572,35.1973840278643,39.193187844122605,997.2256384477932,51.11245550112069
230.49042556376165,490.5920183100249,803.0690622447187,35.42146772273851,64.3495732167641,1015.9702297214509,53.75523580600235
463.1213623972405,386.683856583002,222.26560515828697,35.06908645360364,77.47275152093775,1013.8997120140917,34.384780775738754
640.037994326763,567.8794757784876,187.77243689630694,34.28376347531882,39.75109286636785,996.429000716836,43.74842157900979
213.12297755542858,308.48183711281223,784.3350923666932,44.79519831153517,50.45480583291477,990.5116786546075,47.021548134714955
419.32715753273396,532.0592206615383,354.92753232134754,40.866743237144156,67.1058246672075,1000.066813318191,42.738692638682075
268.69244181138447,221.6803661346688,648.2315073363285,36.143771243481595,81.66731584011164,1026.2292249877464,40.640444531834746
850.0093445939011,444.2221402106423,186.24927012959026,28.541950926340558,30.147391172714222,980.8770532278086,46.27691534931991
423.6299496439689,385.99089003618224,613.4620689347374,44.373899993495215,86.21022532407213,982.9143846194979,48.82710794779403
271.2568967046896,477.4307993371424,138.48533612602589,31.792034865920378,47.72181547570656,1025.913692777192,28.000044326295995
762.5808576468255,184.88100359030162,282.66810016277554,29.692728471192233,31.6892176243608,999.4426492287554,39.73057984362483
468.0209644292156,369.14343455941594,475.73034863539635,25.01869037048565,74.47776264437542,1025.2908658036606,44.144145915074795
809.012063417718,201.6260345220066,755.7326023394573,25.458860180362727,39.602076356565235,987.8054193867437,60.548447031770024
824.5628828175995,720.2432108433927,229.8280781814651,41.60291680216357,32.36799872823532,1000.1461148844685,55.53730593708838
132.4033117271549,676.9926174533023,173.0180105603468,25.850702743405368,78.76538203450389,1017.5341122875398,31.202598297827585
501.0388630614287,436.6250271839499,377.85968906586584,26.90399511960967,38.4374399389895,1005.3851986821296,43.24430426999599
527.8314539902194,680.2918273591498,97.82633584195995,36.52364040248219,67.74165917747403,1029.7473853366719,40.15675187415947
388.19860289225653,327.5714549943671,674.8255314652915,21.273023870538097,75.17720313164628,1006.3717579281029,48.46612299521037
304.25673736442525,657.3844781352128,831.1905857641046,24.248424706525334,65.46288765334913,988.7801949827322,62.09685989555332
740.787431253135,619.2233603118995,333.0449769455028,25.19419950770106,34.530575109292954,1000.7199515028497,54.12212282477115
606.4233303180879,352.129443562579,325.95787426862324,23.8944864548428,82.59411231612982,998.9197435592366,41.79489818716494
625.4143568810381,389.96491576972335,408.8456611570613,27.015082381590187,83.99749275336993,995.049094534141,46.81520462580529
286.7679841480955,731.8973897754955,319.7224142315406,43.47228942295564,51.12070183562713,1011.9688694417094,43.348857786969354
191.29237619478428,497.69630438335054,774.8256599298041,35.466846587420356,52.08890617199873,1022.5101056712729,51.66268681453621
415.1221016557465,537.6522507553768,592.9803100385523,38.24544765967937,46.60339265943968,1023.6289115254604,52.30244297387579
489.43602719388855,577.3218912130329,279.92009541121905,30.05991088957115,64.1765690335778,1021.1438480751165,43.199541368656405
532.8107777638318,288.19797889426656,683.09490498649,32.003881119437054,46.47227362023754,981.3176855739213,51.95405889920255
553.9640777915474,677.0466993787848,412.3821941207251,27.08110886126378,69.19940198453448,1015.9747463445905,53.425611079938975
374.9586276964288,401.1091193879661,426.78393065574187,29.888295980921924,68.58469910065138,980.7012870628365,40.35338963876152
105.06905333966196,765.4617553490172,562.5244680988046,22.502259269501476,77.47926284748783,1003.7133850326331,48.61690298461256
423.05247959509245,119.0711512840198,336.6862638009441,39.566775394927056,58.091526290075606,1024.401813201979,29.731159478411133
861.4046527764552,179.89578445084717,690.6935205719935,26.557864960676426,54.19332170424842,1001.6980839538496,58.86675393969881
467.2666285960297,523.5798633236856,523.6774568256208,37.80399182521911,83.20519607810022,983.0504478442508,50.672493030616295
458.01036020877854,77.77839419408615,407.3317216720759,40.57588099140922,53.21984614453989,988.8052404157698,32.36693149896898
840.3749662664083,755.3586269026035,432.4942997418505,33.891908825822846,55.672021372027274,980.3350074692227,65.17177978474437
482.494453709766,440.8450703575787,655.1086891023824,25.403468868749826,69.55207930753846,1014.4831992993702,53.90453328611564
314.9736243342634,164.31539951940923,772.8223491000799,42.88341586469973,32.73380230014681,1028.926007244455,45.29156467961338
429.1215613132225,295.47182087660474,185.50119171472812,37.11886930366249,81.28864312506691,1018.7084421914869,29.157849134283943
590.5263088877077,777.9636382742267,718.0365272670396,24.745029607219635,55.57233015153118,997.7219293780977,69.77615950553961
435.7602628617776,757.5854564774987,419.6073316168308,41.2528158965533,73.13130336354712,989.0926634053001,52.584664844851524
350.37478122420373,256.0929361655218,363.1432375891845,33.44278952187685,36.89556217257462,981.3275329048535,32.719761025259146
419.07261111794594,313.7959760390214,266.0285957683468,20.166255077919917,76.84410532538273,992.9814521954845,32.62720144544289
140.3014445944355,229.92423511864015,293.6548027807062,38.00676237231434,41.247496316301955,1009.8056303910953,22.852962502620517
211.0220438077194,685.7092996270773,300.3592605798857,34.27934555625478,75.79928239599361,1027.5130921015398,38.91631072623933
315.96503643221024,693.6677292686873,505.7664904540006,40.61575136832622,52.53367113008906,1020.4613370655416,50.519642589186944
264.9389774648711,405.4748812094828,250.61047469809785,41.47534082287568,43.317086099683706,1016.4015203870894,30.13683474815453
737.9151409392249,396.4481185622789,183.13079613791274,22.8866282590823,71.66393233759476,1001.6417240148579,41.356129630561625
792.4957671053094,487.8894584991577,779.8042009427867,24.259716902976223,43.177490792452105,1009.8393703912571,69.60372480584547
610.4178138311631,688.3143473082313,724.8971221577247,37.24839457098811,63.03563178307664,1022.8530021904694,67.95784972049083
651.1002344942326,680.0602703273042,828.3395636728615,35.11359796953736,77.32152373084321,1005.9679461953264,73.06839769156056
326.8215352649632,638.842422406265,824.9246078433738,24.15739152959186,51.8558631865938,1022.7695592507692,61.966903043871795
401.910627863822,101.97767633136671,154.440969428934,21.261251873164028,46.90418109299685,984.9367953076429,21.29428790301302
225.1589812087434,148.96064428183547,848.1547943382594,29.995492253847157,78.60387158943979,1010.3826354808494,45.14978053824775
291.7400535776836,634.0073091114003,667.7244330787457,40.563381717509145,42.67958515905903,983.6902357231713,54.48139820382236
779.1754231600194,339.03889238047987,727.9938747097061,40.217640317177555,85.38142448613488,1001.067362512318,62.66618445460322
305.372219375841,320.87058099029906,195.22286774503817,25.393697459338846,39.32482828462735,993.6092107294429,26.59619872078573
501.0664530070612,168.94801905999577,397.862385110225,43.76188590053941,89.11592562347816,997.708857002118,36.01492956642071
226.8010196010241,365.6105863358,829.6360978413443,23.58776082385233,69.7531528254606,1009.0263338185968,50.95779209175849
204.23825290377388,147.5792037187505,546.9892867681275,27.685061965771524,32.22872634397531,1000.412340981863,32.434095169400834
418.2768807830195,258.9003151973326,105.71919353222233,28.482696497043673,51.94606720001012,980.3855543181759,24.544083620699457
440.2668462589217,602.2425348075549,137.5557785118062,32.65484726045031,47.83150201428687,1013.6045623692047,36.77751257246654
605.6460319924405,492.1344342739297,487.92636605946376,28.553685754483233,85.80745656370723,1029.6873941833965,52.450468630369656
262.95705233563217,215.28731351694196,732.2763586670596,33.85251068575755,75.30058231291387,1002.4216059608121,43.638385322259616
289.8158184646227,770.9645642266328,587.2883584510523,36.95159343010163,82.54658630358006,986.8027029244284,55.314945818779755
402.83332498343907,422.6325986467046,407.2544595415243,43.98248800606996,75.65971421475824,995.5510150955765,41.054156090565286
876.0050786486819,161.41791022457332,320.49302797819087,26.817660368808113,47.111245955216226,997.9339310780913,43.942410785325286
664.2727523986896,550.4795822418314,658.4452446404591,32.33624849573322,82.40465504492832,1002.3303148486627,62.78037982483399
199.54457787469738,649.5095376314915,636.1075434705206,35.299820273338625,49.15167478576435,986.8118345572784,50.915925204006484
694.8029582104945,226.92982430787936,714.1322252317098,26.168034932726073,89.75995161366865,994.3531135687654,56.2172724848196
231.85478388331316,650.7604626997376,523.5770215125102,44.15581518440814,66.2688590079764,985.7156422771748,47.42153825799193
458.1531575657233,274.5680924782515,394.11882528374315,42.271731309996625,73.96904890320096,1018.3034198558516,37.74639051266897
138.53563720068252,797.3514933601899,267.2271883590009,27.11537477744991,71.55072126263762,1027.107785903095,38.76570145118621
584.2365630960435,171.52528977021734,573.713898369099,24.714806936492504,77.31980831099753,1002.3102309299106,45.62141152075178
747.5119341679746,577.985165753995,576.8808815139649,34.66797582539477,73.05808707422199,1023.510649164041,62.84014825821769
701.7096780531816,565.5290553029579,236.78544680576096,24.59014027044141,50.327972359700105,993.9834219206786,47.48857987291463
346.2941648630304,136.26022370257135,649.5695587647514,29.27845636132701,65.99804079204193,985.3389284717124,40.4594140075581
160.164480221166,365.48289468012445,328.746764978007,24.606688931904408,31.65247052334624,990.648150787576,28.91929184615899
877.5452688133041,273.4382769382428,533.6885717096179,23.218966834390525,77.03659169584662,985.9221123455573,55.87704924093113
769.6841287031555,568.9555051520417,146.81031069515973,34.046342320281475,55.09794054508573,1010.5778030614589,46.0316014434623
319.7182033071938,474.7491647633878,720.5423672846409,37.45040806133469,85.2896031610313,1022.2699520925643,52.65571573350307
492.9800674755751,523.5912186299411,458.64068108196756,43.20033746519083,51.141925120096786,1007.4436817442969,48.84276582644419
899.0405345994911,225.83936478276,518.2691123191239,20.66347693985988,50.755845343498414,1017.0241615628273,54.47716147423249
788.6996465309926,474.59487662622956,710.701549656017,37.48369832960343,80.4356854635787,1021.9070444106333,66.32689768095734
206.27560388928768,169.78375432036574,387.72895130324775,29.146423757287955,67.50095402201488,985.1708354357446,26.79093879841951
525.6041409639154,598.8091569249394,694.7727593552997,24.450534841046473,84.32087811182026,1008.2127937549061,61.52330931087763
764.942709448672,135.76161515778648,337.6712588013256,35.57020989042436,74.05119153077896,985.7167692996284,40.52798009024677
194.27629514465792,198.86774021138342,291.4360617161104,41.11916501436224,70.36705562532214,982.1021342391117,23.451763529325653
484.2255149111924,797.6920944072211,401.6882750543944,26.7364080622624,60.99614220366695,1012.3637828590593,54.52505928172818
443.53825944310887,499.23652141636785,167.9135543243082,27.70801075752067,39.242300370980544,1020.7672881296972,34.999785598756624
722.9342548772306,566.0107474285027,466.6769592386065,20.83696479068177,40.890749975582885,1021.2440969158232,57.33542843871626
433.70964312796633,307.9773786369074,175.45445587136555,30.849201103773776,80.67449476471165,1011.8950552090758,29.268788887800838
753.6643566342888,120.97176014843498,284.0085993512723,26.18473035297453,74.44582150826164,1017.5068824845494,37.59942747753261
806.0841799085747,302.84828266439297,761.8744622564054,25.32196860337684,54.819973582477715,988.3467935908933,63.742952367445255
184.75785717404466,419.9127024157669,139.71894026750232,37.81228383371785,43.43038052642831,988.3570266231396,23.72887439839444
528.7070576319438,791.574486522972,708.1668973386028,30.57374120184725,55.25923052722462,980.9969591405531,67.9351222181916
813.3932558989995,299.49295946954,384.43731635457834,20.824135422019854,49.09033994346579,1024.8234973547933,48.76407911523931
396.43427129151905,254.71897879921664,758.7739779944047,38.38774645925488,38.639751567147364,999.4349233749513,49.88555662249826
437.99759583759555,293.501780352855,444.9988190408145,26.23808551050186,80.95427865641142,996.0719250716289,39.7449340473461
360.8132352695391,624.916264418226,529.6730691757075,34.43417516551594,47.47578811990505,1001.7613528928098,50.75880775766125
103.07830214685066,743.2712621087434,105.32505535431461,40.89642880081493,87.02832497546044,1027.5583105674066,29.603489141840406
185.16472394107043,64.90712886912837,503.00174873182283,29.482370352189584,89.889242357629,1002.800525635445,27.622225533578877
710.1311527061074,282.54542601674996,155.39216273181268,31.690016169102435,55.55173499383854,993.8960680969038,35.99598387095823
605.7748686100899,534.2194676941333,706.6754056993162,24.859402684739933,44.404020494108025,1000.2010315240136,62.46684631709935
416.7631033176714,626.5917367038197,136.52323379277487,24.11694922720948,32.264564604890126,1022.8260262569213,36.761574552355725
836.2839664798561,605.5359306932065,412.7371713430917,39.20520207020836,67.77187072805293,992.6186480377085,59.76408376891554
415.5040854909796,65.34934097108803,119.19044625398136,20.178947493653492,42.57851028755379,997.7303763937355,19.193220644021284
569.9187261823272,140.96032659456094,376.5923459987863,20.955646534703376,30.262797328644485,1000.8702764417305,36.39006542325809
418.5184133046475,601.5091592540625,596.0578309614779,33.75386191060558,66.74550439256011,1021.486835414666,54.44314041522041
208.84427017670833,498.2232549891581,686.8662046667282,25.211702356785032,49.915167349953194,1029.5662629508447,48.68667394164512
190.9508216530259,166.94912387410534,393.49746309540575,25.641601838014985,65.85887383254668,1006.9162414665971,26.476896889630165
862.1303701005685,101.08336301054845,535.3282369976005,34.35597662399049,66.26654534983807,984.5032354911399,50.30954147323753
841.0445518857255,288.1641814663493,525.3521358573487,39.60461358609031,88.78408707976732,992.5389635667118,54.890347434856196
807.3461064211542,227.85685690946372,370.08844465453416,34.65488346860751,53.180382018512134,1021.9723983901778,45.8596266860999
803.2583350972293,287.3086453195176,761.2785773350499,30.804458516135746,65.59921250704377,1020.8018615685003,63.1681525059044
868.6796623308132,289.01025530428217,450.4521874264032,43.90974096268847,82.10144227395087,1017.4526431195244,52.748785026109
537.3433685443508,586.38794740911,129.22481549988004,31.357358137221496,30.051240127052257,1016.7453353374908,38.880932098599025
516.9105956941671,616.6021351686876,625.1522933604584,44.20039312656151,88.60214963759691,985.8791188296725,59.01147366030398
252.5324267063799,244.480965676309,798.6905754432793,38.90303390679295,40.95562400945646,993.12470475053,46.85802478921184
382.6391445597682,436.8259813404959,620.9611494699487,42.92709916001081,75.40472088912072,1029.7304693499411,49.42239975580587
643.3262306907963,303.9802994623459,105.7198803378016,28.0319888768325,46.527044709845754,998.0647218575185,32.647991118106326
767.7301423837307,393.3091432528246,647.3466977980831,39.16077864114405,31.0452652072899,1003.0967918041066,60.72504648101998
160.86609498278335,735.5317874495908,765.6802904723331,31.004421139447942,85.5635908903701,991.9896530590198,57.519148091864544
517.5520847868714,50.9083096081558,808.2337286368623,43.232526120961886,40.62420024794761,1019.6254431254004,49.38316097732532
895.533138832683,325.3961469147307,213.3458636740787,27.52706167572896,70.33981532134072,982.6456919910312,45.16171311938555
495.15047900601036,224.23908283128225,784.0367609052981,24.3322431570338,47.237833842066074,1027.3627241345398,52.94315729133071
346.32415740247023,589.9158559340459,631.0370269263001,25.32671518054264,67.11221516721751,985.0259651563562,53.328681477147484
299.14001566040616,344.14367978796076,849.1387055491192,33.294999029532875,51.88727955486915,985.6830629115736,53.264059085415774
500.7607231277631,482.94986539679905,600.1885453184302,24.4092558369823,70.72833127017832,1016.0301106668494,53.518859468474076
839.792040189787,681.3822492167056,808.4230794592041,43.013854977736315,77.96634124564852,991.3745207688064,77.97215186056295
125.40591362973856,189.3008767978156,306.23777976251137,22.87617644937575,78.08159311633776,1021.4582141977662,21.69071490332708
678.78668843016,574.0202188717162,208.07838663364066,26.950517153001158,81.50678210042935,986.045843298985,45.90734268440191
763.7450493936109,145.3531201376066,576.4165664504854,43.39793954543899,53.057089346389525,1015.7574237714189,50.32960774395595
725.1784605016616,365.17935399005694,133.74201041321817,35.638739284303355,42.03697064625608,996.3983675605692,38.060414851280285
416.5990575338925,697.3224579460846,652.0439018769704,40.66375400008472,70.5283892688007,1015.1446235079218,59.49940153947813
601.265596515052,769.9447918017818,577.7540335753108,30.046485752976483,44.29214414418343,1029.5767604776993,64.24647299251744
352.00279483577276,524.4885119459123,129.15160589637003,32.075318476008164,73.20968287893749,996.5245539915813,31.46080343930535
419.8069627349004,391.62287807159544,496.8810432870252,30.410473472583615,37.67829265220699,995.4443273399133,44.21813695567589
882.5900086860829,773.7395676129686,787.0596519618291,36.708983815112376,50.354155952511505,1017.0376404740493,81.1722733674447
609.1770145616571,365.7934880091698,112.74401810037914,32.81254630365734,79.07574576578416,1004.6479488411408,33.75887580113997
196.34101053507163,754.1687956756178,748.2179467195546,33.146328314909965,86.85222689106317,1021.4133618339123,58.444012055102874
226.09747809326944,311.37872088828567,498.01928441975906,43.13152062739836,84.72469090788397,1024.8041594022225,36.045057346237016
886.7083757613233,364.43006517541494,544.9238195693696,24.07272284035768,69.60848462512683,1004.8151742043251,59.33110601087693
105.93495623421259,196.52728246097232,397.2090062572626,41.40034769613578,77.5604002514231,1016.8990587231865,24.962227411146053
545.5447342703967,313.75407768693435,756.7058772278017,34.88866142181833,86.43013767215001,1012.7187764140879,56.047199447832
193.0637763126164,403.52891419782713,808.1868481948304,24.727091314698196,44.29500684938185,1010.4982217336661,50.22525464310653
184.07814974936957,776.9843881810497,703.6765917608758,33.771153093537535,71.30592393704917,1010.7231773372416,56.978939808347604
530.8330638340101,517.5707550718871,258.01431143427374,42.34801403145242,39.84281363139151,994.6602967915563,41.772687024547864
681.2111808798459,490.50204175584594,627.9244861688125,32.130676228703486,40.3864630464424,1023.781051114058,60.26837612582325
661.9768016876023,783.7405163936113,141.50942673794276,23.100636232946414,40.92514944300082,1016.7457107930571,49.03189661195412
853.499846981674,529.1203628961589,352.7967650338822,37.60118285108062,64.68960056116165,1024.034717966832,55.590476897690266
369.2982978854267,280.5700984001459,728.156515185211,23.24345718052852,52.585018524167694,1001.2310195993915,48.62231249597562
275.8536451800858,472.1470747344845,652.7317887314537,40.788668943562655,81.27820878828402,988.788262220871,48.549293146695256
448.70897360664765,59.680784018483266,558.694681181554,36.05806929182386,60.957963131322614,1008.7284253512152,37.599479976016084
741.4849845182198,117.24159351981496,461.6867682005375,21.57146600792082,82.41321404377726,1005.0475817512732,44.22926806916254
349.32005964178416,101.67145474092848,731.4968986519794,40.63099374253384,60.868489870089874,991.5515989991859,42.78962137756056
627.7602136676544,416.85630202667255,294.27892821414076,22.907579461909698,30.788709529153245,1008.3256057612645,43.10965259939543
486.98615339407513,592.98455085211,750.8937848208665,33.2142430653558,57.68465180528025,995.6214787460245,62.43487252022021
231.71884999343445,574.2666445664609,318.2686095569222,41.292199666275096,46.90842904247748,1029.4617479822955,36.910309219073746
432.8661794021091,122.27275120616531,585.4435399016089,22.86583873561276,72.47831802835918,1001.1958214948124,40.07190951431259
505.0753404401099,228.63520882745513,719.640607393819,40.515333833334395,72.42990206886975,1003.4876496261114,50.79694077377972
542.5334072768316,654.1090073423966,160.8631757860042,39.860647507141636,50.69443026702129,980.2894562199289,42.33379947001701
698.9412294601556,528.4826677117956,320.8769046851546,20.346477029531826,41.55138900279985,984.8693514493892,49.657793102564725
473.7696738283494,114.22721233235548,423.4128121105266,27.46063476176532,44.364177712730175,989.740899532067,34.576419069242206
695.0560248969407,469.0412635873901,163.93352920744692,44.89141150584106,35.19878637492245,1025.7704872502325,41.4802598228278
557.6610415265378,334.334912439138,544.4524050603195,35.34144749485182,35.24026446472229,1014.2935340057292,48.53797482138306
569.3135076621577,400.7799643893332,379.7291410815576,20.280254453708732,33.614600999286495,997.0582902005539,44.291969804807025
800.6414175321448,138.95192409670273,355.1951217297738,23.769493758670706,63.65273712364561,995.019177133134,42.39560511805638
862.2742103117782,773.3667819421752,738.1438114450133,20.74422077873831,48.321677532764554,984.9024940893851,78.59498222541913
299.3485083312884,109.42157043038557,579.4372302000061,33.64668801286002,44.341636977139956,1014.5747552921528,35.44059157085046
645.1888819992165,124.77710094864248,403.43442007799706,23.590351083634186,88.06078219965508,995.0880081291159,39.23635629155565
358.58654078676375,434.5369847493861,161.91623643259754,20.757495389692302,79.8341202039832,1019.4114961149338,30.2703552233884
124.32460154404836,282.7310368831256,446.60954525788134,31.362528505994952,59.705497623780545,981.5603800550649,30.076050963130474
131.0388744701255,346.01421504413383,235.67655340661335,20.548640445954018,71.01250165724207,1029.8318616657177,23.738654821692315
848.6324830541274,762.0090707066761,423.2835615402691,27.7639711734749,76.43865535278226,1026.6578542337536,65.25058907443487
829.3467869497952,102.91508540280368,399.41382265417445,37.752007390656814,80.15532727996344,1011.7253649860471,43.94440907674494
329.9808318796081,104.72987765653706,641.6004918247943,20.81090745064419,42.10602337015915,1028.0584398356775,38.705340959076125
421.46744224715417,757.3771288705566,636.0702766888608,24.596659637449054,68.99628192877202,1009.5984250837893,60.80814820108576
436.38399166045616,434.36689178871956,513.0467955207446,21.120218315069085,40.411824026909294,1005.9751963842236,46.64439832430505
380.90092088078507,252.25288824171466,203.8526395220291,39.53412259554676,86.80004618189861,1027.1651307350826,27.148719854556155
522.7613360714345,768.146525702809,742.2137717066294,39.19759512619444,68.52845105600257,989.2337492161745,68.41578672149248
387.2188800559142,419.8498509864766,505.415333130266,32.884067416687316,75.74834225885817,1026.5097153706529,44.428675256482364
394.5930539333921,131.29905073488553,648.6477751170081,36.91667364626361,31.293235664564268,1022.2688015596739,41.72267414472865
794.9140501882797,762.6258986381569,174.95377011672184,40.41803616666209,83.3924391317795,1007.2994439184389,53.72434926946197
323.1336110311571,260.7338959129818,564.7762451191559,31.260182414542374,38.640820593324776,1013.8876071247887,40.1070750130904
109.30148558493116,712.7550461836587,93.20859529908273,20.672977466854373,74.46925313162942,1012.0637383358516,28.390039765021005
826.0012469231552,738.0529820045181,827.6654277389424,37.53703060630301,77.42142240205295,995.9159324680526,80.02824397738789
107.53027050248649,709.6663481320878,503.3543092517557,32.0142985419796,38.28513083053083,1023.9381166289668,44.65007092910746
320.04955371979423,203.5691668606089,273.386155702392,42.866430672635815,54.169937036976464,993.4342019406479,26.644007845507776
290.1372203415044,799.4733528148554,742.1042070053718,22.101098033849055,73.55418172722864,1016.9396929785116,62.37248547490567
232.42341567228505,61.87836648331922,505.84057689055487,27.542231461317776,85.12511018457892,993.2828812752762,29.062676540290322
577.5508570700572,549.5701241443132,179.1325897780252,28.834007362051445,59.06193983132816,1001.1040122734755,40.97893302755212
616.1197106618912,724.7129718210567,103.5491724821464,38.871772579345105,31.2932781810714,985.6725446459989,44.366947373774295
604.9673686192681,515.3684430788937,582.4415600693644,42.20472876675706,30.549685564962505,1026.2890881369126,56.907736753719426
751.623434318948,564.4616134344012,544.7255505760041,30.71144224677043,38.44105020602001,997.4460919786836,61.27157345564065
727.2456988568049,213.16050546192147,530.2638519250156,24.967527814786223,50.32300279006111,1015.6865670275087,49.422740206562416
690.2667430714183,60.97435324182719,616.3588334632944,24.601407441789377,67.65390663214507,1029.615041505634,47.19158622792914
608.1256591588138,427.131557526054,306.90187157282696,28.717818121013135,74.8030054190314,1023.579747165784,43.33379136345911
277.3910433635124,633.649195416659,767.99849747147,37.01157727550084,82.53432320499162,990.5025820319868,58.051147062263944
341.7313485125245,405.0892010466598,476.5914586541675,37.89730939144876,38.00384386650367,995.0415625447464,41.468274832942235
808.1338664931324,382.8345794430992,674.2655603298653,37.03808938590251,32.167531629894206,981.7995956624126,62.699675791281564
267.3666960627914,464.05484338563815,170.63811621635318,42.45598861420645,81.09470291915214,1016.8754091721669,28.76817083210701
767.9636946193386,119.49364342512804,610.1957993709517,31.93984795810681,54.944112067063145,989.0709167127329,51.03155211617207
504.54760577296287,701.0606846645379,479.9305432379294,39.99091278970012,54.94248480723168,1018.3948914879793,55.365470442642206
788.9845141732749,539.3151954991129,739.8738791785659,20.50936221095239,52.910886583704695,984.5087652449747,69.44394645731427
739.1404522228516,731.7340805451216,177.5617616438829,30.48744853278776,54.461689015278665,1025.7405927181258,51.22870644879451
819.8202288120701,713.8879850386024,847.4920073305917,22.704707768779727,55.67222101366796,1003.5789559030168,79.91092670874386
226.01663163464715,193.90227070042266,815.371510688128,22.024644409246296,66.34755217786262,1014.4977052094684,45.21242749757722
558.5918782978114,620.3326711676581,531.060608381978,38.786111445573994,70.30321890247038,986.8381041845566,56.610160819243205
236.77018817662682,572.407799411862,344.1123093598343,26.76903019934563,38.14967413306455,1021.8276925615396,38.03983200204804
412.5253056778617,756.8141775260762,227.4291918536315,42.037471590068506,37.68416123121763,1020.8588467109761,44.1773521702634
148.82756645113727,97.99360097965544,332.88993779767355,20.426736330497594,80.77706609477505,1008.8443600907868,20.720232534830725
297.728426259365,282.125788051309,647.3960261512991,28.17182869682806,60.11587823783569,1012.3313312887944,43.29146747537219
866.1897534309371,582.7286481170026,306.6372515223642,21.582933458855926,46.04510694528853,999.1820391764139,55.73304210733276
241.27822874796365,589.5097918933855,692.8377883412161,43.374631520624924,79.96388597331077,994.8554545816035,52.63715215288911
696.2073230033044,484.52236349780213,393.193955569498,29.567152251200923,89.95867543383375,991.9063490517716,51.149648817813116
376.15899688740296,284.5594587648322,755.2787211498301,35.42923219903736,82.1900816723373,1028.9557809454661,50.03270251556026
537.9545966545134,446.55486039483304,312.2221097494611,23.48918024920956,59.24665059578467,995.5636037206326,42.024168101458834
835.1147513136444,250.96340365001484,297.8185002462018,22.894223921890966,61.871812102547075,1015.9202287193327,44.49508465875785
285.8718855984873,668.5998478756105,231.6607346754221,22.358574165384823,67.26553989105938,1028.9534380043926,37.90058139123981
200.42745964547723,125.66681993038956,138.14913927530182,22.471582260033493,34.39481445247578,991.2724620670074,15.308793958288078
369.1671251484048,346.7693125076988,267.23923764942083,41.348050532132945,66.09539862556309,994.395471626899,32.16766263565994
239.27799498597057,380.119694714951,787.125306077349,39.38324925692338,77.37172373400595,1011.807252120933,50.066942934121606
342.8064745604297,377.9071403688344,507.2890179535374,43.33592791889144,61.80310530289667,1008.6059132621923,41.91296916601942
851.8586553266032,698.0396314117335,208.17920973215166,20.11703932410577,52.40985753126202,1028.7405194129965,54.82411699143616
869.8735988882147,109.19650869263751,261.02728195406206,29.95292570807083,52.9787534546862,1025.3901681914963,39.813194505588044
787.7012012946225,108.59122367681985,113.28522044954047,21.880086112444815,77.09544471192899,1011.166820780275,31.42018156712489
514.4471254862749,170.77128296981962,825.6576722268677,41.814313254114744,72.29839676672822,1028.0554084802288,53.582859142757535
674.0302608792886,293.33729744921527,710.1291874635918,26.82841313464521,48.82975885818821,995.0771121973531,57.426194248398794
722.567713999859,366.5760462021793,334.7965412639303,36.644695331392285,40.269059791829044,981.3141518148987,46.06617445661836
555.6223139034579,437.55039502132274,188.22511493718295,31.743420699931008,48.20450283491695,1005.057297438994,37.32418586523074
532.368905696145,437.089305535662,421.250434047795,38.17226825968997,49.96643084126433,1016.8791354877478,45.93376369886601
247.17112786452685,280.08732627519396,728.7914423957981,41.34668409910755,77.46782879219336,1013.6772138985987,44.969411320023546
621.1532476547474,466.1045360885503,227.4873621911528,36.077681210878666,81.93706450474318,995.4684340561689,41.717227999945045
839.8226515823138,391.0735263883084,477.22329168881987,26.34036843286276,30.23687451469751,993.6240848123158,56.01581700667147
886.8517526567348,489.1128686473079,461.61372031377846,41.74431973834176,55.51100960873216,998.2686391095691,59.74348745167242
500.16545960902465,120.05145011660699,154.38470806605258,33.30862142119116,83.4614554017341,986.1570597306138,24.781895614411052
489.67005724263214,367.8904934147375,601.6492795084216,24.54673575124339,62.42291797662239,1029.7661656068353,49.79278770005796
815.2728718394093,191.34281296796783,584.8255332498868,30.15380658040796,60.06463373206675,1004.9166965834662,53.591491874216786
246.45326427499475,158.57226204976567,738.7944416535846,28.75934132351666,47.666381584251496,1026.3392609771665,41.70254345588619
747.3461435031024,197.2745426309972,837.5245874041043,36.75972301619192,74.37981121075839,997.6323823384752,61.839604080187165
800.5374506994063,72.58091897628137,685.9542097057057,29.426584937996136,47.272511242800974,1021.2196110816781,53.63171947849886
355.37612580089774,561.3089570481808,539.4689828461193,38.7010737035489,47.82203862626875,997.2286020241761,49.079311799317125
773.4401645400036,389.386069281296,254.7887834418325,28.274399385365875,64.47515989611918,1024.517208355621,45.076338352312284
350.62961023310504,489.84512624298753,587.9345533891053,37.93008689579645,78.23617558039145,1013.1392690223826,48.731624229846986
501.5690810434072,107.71464961777983,634.281382617981,26.940164480285056,51.37832076675056,988.9273290531937,43.64976722455485
419.3431397108403,459.22600514601646,685.1594257821951,42.93973321910072,76.87449297065382,1007.0934207188884,53.7634513769935
816.675869587389,355.9515720024128,562.9851503098677,35.922667468686036,59.26056061776263,995.1458135048558,57.69822926008876
122.99768627399797,51.139065821747884,662.3089579622058,44.16650017311714,52.07091811354416,1005.4670811282434,31.716460881360604
760.6060844503064,263.0372583157307,132.638000325079,34.99537336403406,85.02436572676206,1021.2740933178235,36.01482029598427
415.71339575298003,547.758539901936,179.13687070296976,26.206882046724523,34.22209205016429,1017.1985337749431,36.06963289776627
612.2475829040523,202.3636297326283,628.9946130370915,35.55510286965066,45.58402635148964,993.8126511722601,49.59812090058408
707.2797953634561,597.7727548729088,744.3416015999572,28.40788227388519,75.09446612322813,1027.3377346174334,68.92524057108923
492.71363735808205,300.95575050549417,96.89889382580279,29.296745980572823,82.23982032337182,982.7904783331883,27.686037388939393
824.4655005367714,242.57917834976072,270.55652549206945,23.319735805584987,49.1568930837361,1012.0444530960078,42.833601386278744
131.59274431853856,168.43460489079467,220.61752118187647,41.08431619111654,76.17321282690506,991.1893009066172,17.82552132355506
805.4501146987511,436.1079074246079,117.13315729368546,38.628715598681204,50.926651682225724,1022.1318505255231,41.93206695544819
278.6154353750999,146.9160419182237,778.5023599251057,35.082830163853274,43.00552023579859,995.1182800427435,43.90603871580394
568.1733943190943,387.28583002432975,432.8273179698528,37.54708156044258,75.01803596514077,989.5924339842908,45.97686944909683
551.5061030769057,164.5618074644621,366.0093313271536,37.9128579436476,81.79389449730277,1016.1037088183366,36.12241056932718
335.6161966026401,470.34889237642506,266.57941327710205,24.776986441322407,43.490924839944746,1012.6310916221166,34.842129200456036
769.7978307704909,55.33546877874264,584.7541967378396,32.88740474180473,30.630374331368778,1008.7163532263394,48.14416685599059
892.7862275641601,360.3372175995245,590.0743388970338,36.59211328211585,59.83356211678344,1017.8204975609381,61.19667691079189
689.9025762168632,641.7506366564088,182.4567462528271,31.230256655664917,49.31924226894159,988.4612301078927,47.247866236311246
224.8664843677382,654.6176616996999,558.9163596549195,43.20790813134768,88.06019921824095,1010.7596691221054,48.74117876821992
824.6789173615158,139.14262226708308,245.27612592386706,23.363348741361907,87.65411839276803,1012.6995018822395,38.725691225812646
873.9788601374055,711.7239632278867,389.6684847581867,21.77020105858815,87.27653132554036,1001.2303959030955,63.15782409128623
275.14483641316053,697.6704822598563,82.8164816603128,41.4403665121595,38.67553569216689,993.0827346047804,32.497118826603014
763.125177527648,664.1348324672284,808.6659485258618,23.176539433537403,63.00983561099857,1013.7643605164873,75.16443824088077
666.5836529406504,764.537767226806,507.4546075598085,32.09779417045507,61.212392900943925,1026.5056072504115,63.23182690741603
809.6410828309799,461.8293859907938,659.1919159713882,21.424748004124403,35.69529940217426,991.2110336159963,64.51179070350875
179.87287900337947,696.0990553783782,728.0664974452843,26.431478745012868,81.25530897143673,1029.0933163221732,55.4018179292641
739.4954705348329,512.8320594991405,500.05726444874216,23.046176357634568,84.78137935283532,1016.6470912705346,57.57211647896888
155.65905576220862,339.1104314812391,366.56264641879056,40.07695403265753,42.39626240001328,991.4687846812235,29.505590474055055
528.5957268010657,412.31761059925554,317.0491102073589,21.140552557947373,48.748324244659315,989.5999909725674,40.90936453030399
556.5430385800582,255.2947703868287,539.5483332875999,33.617798812996725,30.38033295893008,995.8361816161212,45.9370676005106
443.7598837732022,186.8199050743114,706.5114909422692,29.12168640357705,89.66498057250922,985.1165400414483,47.17785330311618
629.8378576136516,703.6186676038222,533.0877036611424,39.97167602933956,50.35416108083638,995.421652220243,61.32720390296991
663.2435915638523,352.4030531129482,326.67233828383905,26.81901103265084,33.088805913133086,1010.2207133068841,43.53629287165758
771.6065694157185,789.0452230761194,154.6152161841548,25.813442656410608,83.92218096551304,1016.0373264917442,53.00416242212132
858.9537991246917,624.0176625064943,557.8901052485539,20.21629939132216,80.03747188147594,1005.6610437200162,66.80474805887773
422.10748602124806,485.4208277682589,311.9980901985829,37.23108858507451,72.64616119614826,983.8054313907328,39.705773021628524
878.8103741832375,726.7983867573686,687.6322218581602,38.4434587040089,66.14751399729897,1015.8618191726742,75.67355170254459
369.9804735871821,773.8073061153252,726.7289371816835,34.38400141605172,81.13652590322567,988.9211252896789,63.382790878342554
433.7832219059357,796.7427607066018,108.09900928687702,26.92710844641688,87.091857288467,1029.2955779836032,41.239739849851205
646.0454497783938,299.8958536393826,556.0156257531405,43.29259777097617,85.1015464740538,1010.5097563443977,50.61886413265891
761.389445071037,329.8427717165294,810.6002986683451,35.91947807620083,36.67902638888242,998.1054989506174,65.1609784503608
534.6283114796609,557.2132134503177,159.74329839341914,32.486770441914054,80.2660317077358,982.1334038344945,39.14497768363612
364.4411756914145,540.5989117611591,571.0508825612119,23.954369832782035,86.73294777794686,996.8153045086351,49.993237926025685
896.1078510680305,761.0726261543379,589.6929948921322,38.70950459688257,47.181690838493765,993.4818189871409,73.30313411235633
616.5780681075569,717.0891984515108,356.466266792862,23.19187172059612,32.21078294806286,1014.3667007749168,54.26866866848651
514.0229333655392,243.25952795730035,792.2225111296146,39.85445895830639,63.77918018518079,1010.2470658533473,54.407374284869775
593.1597099743683,141.2914415960849,662.9938960732294,39.161925965788804,87.40352037949403,1006.4264151799243,48.55329039004277
169.42800924999455,635.6350860215734,183.82617565500732,28.54570938211514,57.95947325166355,998.4621786286807,31.504939884347333
858.3309892338241,727.3327844248644,119.2493926732451,28.26793231150929,32.33665008879329,1008.2483249369451,52.33988891669046
561.5014365272917,110.87703221496085,606.5160811340083,36.30695036721583,42.946120448304875,985.4389376560554,44.43199730762792
855.4010154151149,376.81455411040093,728.5220738863969,41.80874006550533,87.83655793449182,1001.5252021058452,66.10735004122135
764.7044184561256,269.4444736717498,585.7006433867807,23.87534675278571,71.8276741365909,985.4951057263904,54.452492499307496
482.7297434673582,648.3917849926888,820.2735393409415,36.53760587480588,53.278260074986136,983.1113462269295,66.74458742743907
506.5736537444359,291.410389245897,479.01098022732293,24.50947229495629,73.17170942573892,1008.1520488447777,43.0999604988029
373.30304545598966,693.1229735537726,562.1884376564292,32.74285254587061,76.99836424484243,999.8160849218796,54.480318076550034
440.4238392701356,267.04831676483957,813.5538350038413,30.262743305756395,70.25152667799316,1019.69730935483,53.766318081202904
584.5499420537722,113.70473000353499,705.3154341726087,22.070303482715204,62.65209210230726,980.7009954291941,49.16025752862355
489.83437040768945,107.471119471966,748.8356372996119,28.328726476502613,30.363724942929366,1004.8322635401152,47.87259018837415
289.2262053885945,391.80746317833433,699.3419108523829,22.388729909037153,52.65903623160699,1028.419519072657,48.40468649110318
759.1877240638339,262.1449724896338,658.7045449221459,25.11328971335798,62.97250674825694,1001.4725169131463,56.98816269348987
827.2293796330476,294.86920424988426,484.17929791659753,20.009779647546377,36.21765767629534,1023.2446736422988,53.03012943315186
556.0923610392065,637.2613034469312,769.052531189729,34.15418820504993,76.64091404885217,1012.1623654745997,66.56271118217329
460.7733756188809,165.31621954350584,702.3829750782465,22.92134992279798,75.09555666656424,1018.2311654281295,46.878006858001456
154.64088511158982,506.2485131606028,634.5846143737663,31.35239411818339,82.14336777100289,1016.6075131432203,45.210066523116424
226.3469069888676,251.62599714019336,611.6169654759944,31.9142142905486,78.29918857261512,1012.1502128750078,38.80386574291161
745.8287658170518,196.83465179963926,176.1271138076039,32.09899647712921,84.0447958473114,1015.4949436075536,35.32498708080489
301.8723357068235,634.9060162053072,545.5058855035686,26.149789797414677,39.22139597560183,999.8869362978439,49.92358597750667
840.2174677558417,207.2666848152599,268.7855903621903,44.740767908140825,76.7161789845391,988.2085397866559,42.17594819162066
355.2578965283402,191.34557327867216,303.24437912675444,20.830415965841123,78.23333710240499,985.5247195839898,28.527879259280553
741.2856092524966,152.87063914853638,158.07613438284187,21.66958460183912,79.61117638840607,986.3830524848901,33.14773282734466
540.7193650264842,518.0435352588888,238.75204374841172,39.32002455468346,56.84393880348799,994.1599313510123,41.31296875849766
720.0403837236228,63.723638461432095,529.4374509945367,30.14910514771352,87.88003740104716,1010.3093822029988,44.690418705333116
121.07953656982681,238.36243521976306,578.6790379981453,25.442211119532125,66.20485796430876,1005.0116584098286,33.93042067361351
396.3838084452383,365.2755932531865,167.33965285835455,26.220993150022192,50.23276404042835,1020.6676000143929,29.543368165286928
222.0519947873729,549.0509407538382,823.3672904199556,25.263958044675096,64.12481823731105,1008.5680477778373,56.067779683034566
396.14738187507703,722.1307329101516,438.16383756735627,27.962886942034906,83.02997820056672,993.3088299960311,51.074896946251116
703.9358071835035,261.08837038400213,751.8946265995623,29.923020823795042,56.33963385607164,985.2462126198999,59.02651039100766
436.7303321888147,199.5312888784635,757.4721431907601,24.126633372802733,48.39839891600026,1028.4942565979736,49.38673435964875
742.661693970342,134.3740731525122,673.7431609644204,31.433032962687175,47.55946867579763,1011.8656374344124,53.26079945226244
136.5128070679428,505.59119764415124,749.8733089390527,31.50095282268594,34.21476838222796,1028.2578936008103,49.258052498924926
481.435178216943,335.58619369327255,777.7458699784642,44.016555804862655,38.90882779119272,1004.9607283695077,55.620475956445034
277.1131330741061,184.48477270784957,407.09108941138845,25.24490019892739,32.21790457825725,1022.4566993982721,30.131580749914214
221.18904587670727,465.26462633340765,523.045803419757,22.617961180303467,48.49728111905871,998.479558754593,41.515442303093735
102.84918102416354,656.5858198229929,517.1749414301892,35.64841661301469,56.45678516734942,1005.7877162097963,43.47004768262226
150.44521866925987,751.7374883246667,363.44003890987824,27.7059434743277,74.10817770823165,998.2344950155775,41.60308276621293
659.9382224080298,258.79386835080845,362.1394235509236,30.45595720345797,59.93454579801711,1012.9662792989012,42.04753966480209
396.4798517584316,586.5649898788552,380.4004149392253,33.091875405395804,81.64426755315901,1019.3704314494727,44.70736184668762
833.1061219149595,398.7563600916323,784.03535007753,24.93888842387257,46.47970177460457,1017.7128253639166,68.31728846329895
424.5984161759151,138.74409562464808,295.6463917835639,26.470818831880212,88.31116830387816,1007.5748499398819,28.72613102535945
509.23368482807297,746.1668282596056,523.0187602731783,30.244771436733373,82.79851401179366,1018.5832950688269,58.58276580355748
585.4406681484666,169.26714991585914,515.1720624839928,41.977982392382344,84.10701124402433,1015.392514019201,43.24811704128948
394.454030836923,86.05306258132782,367.6233990354994,22.520448683169967,73.26640428996447,1026.4090834777223,29.120148763967507
472.3473410899989,770.7958201500459,185.32605926720004,26.99464856690046,34.22240264855948,1009.3065385356538,44.70733720788935
531.3028194006829,228.31638645856273,570.343998891501,41.84381930951341,88.75028588247815,987.0360262369045,45.60233613143741
811.8763220243021,691.3606060069083,609.8599721426574,36.781128115089984,57.70172790492535,987.1455093944941,69.4915067266426
534.3519171179064,117.6224948959551,568.0248058800504,22.810721564238655,77.52318579994534,1009.5003893349739,42.28022459561786
802.8693389521911,194.18622917044053,140.4451537637598,32.026063964135965,54.42730838090256,1008.4023810730189,35.52947319422934
109.06512020914496,590.400439260359,361.737713133011,39.21632682569908,85.14641924955274,1012.14501983825,35.45347530940556
670.0066883771206,633.9098523840094,104.29890804369325,36.637167913827525,51.30164546270787,984.67650707832,43.28945254458163
884.2145359821174,616.6711059337146,158.08581967536662,29.835070505354075,37.71341063568436,989.2817135784529,51.35000204448962
446.68760058863757,207.35955090342796,609.3995048759297,43.68064138196832,50.96361563411435,1026.9029180590894,43.997394739799155
732.6295632603086,711.6985136020322,637.748392007512,43.24373567639314,49.032377955257616,994.5726801675484,68.8397779861707
393.5467209133355,138.9237701728201,177.85649153977695,20.783849008114125,79.48167302936005,1012.219702720378,23.088374394175744
326.371916785577,551.8716270090472,391.65019314905265,29.515808862776662,73.24246481609369,987.0425003242759,42.01331403980083
714.1793778211036,142.16273873567582,800.6149753331417,35.08693521751386,72.80046688860892,1018.3982613524176,57.71486251002906
216.04169990123071,661.6842886472758,174.05877451508854,26.24075867274454,81.04937536036128,1012.9408654177929,33.294130637058736
495.33549853528694,548.7560723360764,756.8509118552113,26.919943013013803,51.08996251964548,1027.4844564906705,61.596783600349355
110.38527250023353,88.73116462527848,691.8388376923882,33.126360429375886,59.824175256349506,995.2910856220592,33.64704662146089
599.3544197501187,223.53881285832242,232.03105916604423,32.46746435731596,51.31972481047005,1025.1446391672828,33.968039344895004
554.4564297977167,785.7935757163716,258.18525902789645,30.434915013646087,77.15174969871241,1027.5699416172115,50.53491052653851
160.70945508870727,422.7657569131418,598.6965703307893,38.07556821060683,52.00653705013926,980.0274315213853,41.452119173287045
594.0223095529768,435.89773515507045,197.4270303808638,42.160491461932,84.01814994493836,994.5609551606973,38.79468255647597
248.88283936496566,255.71416800726598,748.990106595871,38.29853285291696,48.29346373717468,999.0016272401909,45.09751448500179
346.61237836165986,428.77023897209875,457.8289267599907,20.803479073774593,55.958374984177325,994.4071365635183,41.57463559041239
629.1854874363655,128.68036212998894,190.5351315146113,23.621933014704577,39.170978869225365,996.5894871029059,30.357380747575085
307.97813849889474,575.0726435188305,525.8161698889285,20.99504704710423,80.92702097656812,992.510575605933,47.524170256088894
530.4474177766419,752.9314780228511,591.6352559607815,27.34480266561791,30.39375692152744,994.6934150686816,62.16677711241605
506.13814568183494,763.3221653480042,340.0753673906711,30.10801519751346,37.59888362245354,997.2798731245399,51.68682402652202
450.93573509850546,681.7695336816938,525.3282394487983,25.38746237626713,77.42568627295,1021.867424100901,54.994287641357914
268.6543928218621,192.2093983106897,280.580448084153,39.80174364063527,42.886712405216905,998.3839449292947,25.049131657342674
501.9918417763808,495.9343512812384,113.81619819694089,44.147321433284475,46.24520779569542,1006.3149706016424,34.49043371960621
632.3405637438894,427.6435624616133,740.4101991093102,24.52539628551567,70.23378644938286,983.2222872354808,61.41593175053748
193.06186665507818,427.4933790665139,300.2150003577202,26.783125327305726,48.680272009040685,994.3460900885685,30.62525738595657
531.4530092027253,164.4220454675451,298.00848878888513,41.91467708451154,89.63324431701741,1016.8343554399374,32.796591191663516
512.6890068157404,294.6994772015346,745.0274221387243,32.077928580992335,41.864504230866174,990.9832627929325,54.02275140606722
538.5761533808839,745.6584692422523,423.46801185773745,42.377207650063056,67.87016574768907,1017.682254917067,55.46575915300358
826.0218261353342,281.5742053199677,263.23200413017395,29.144961799035677,39.73244060826583,1015.9337064318449,43.757161108866015
663.1215948555347,629.0194806785969,296.91819232337855,28.44960386670789,74.2255571689713,1006.903514367151,50.640959958959094
508.39832670859107,796.0318722463146,690.3960233831444,41.935113728085206,45.44035536521578,1007.183928197643,66.74874690397294
513.4695973798791,466.3159203725399,294.6167735010604,39.84903148874076,87.0375095674296,1004.6426907360443,41.178236472614984
760.2063045231587,61.29015681569187,243.43052299298668,32.137705795812025,53.78471750927329,991.5851606483561,34.382114759884985
833.9574863503015,469.4741111637167,380.80860475317974,41.08984822597695,52.02576510418861,1027.425134486944,54.33529211554774
366.3347390863254,616.1078347551534,307.44219199491386,30.38215555273019,41.75886364655195,1016.5275904598126,41.77096489504091
395.1947824119891,114.92065134076313,565.3803236038672,42.61132505129383,68.47976148466205,984.2802370432455,37.91867595673726
656.2000611120725,469.15810815727014,210.69815368352852,21.127310900408276,62.40307446526691,988.6123837425183,42.18867122542142
678.2860176795499,641.3204100037436,574.7991564247125,31.579610336428082,38.643917913212306,1006.5038236205484,62.5801590874873
141.33688229661283,483.8492091032296,244.6762870867858,32.9801661428119,61.291451209586754,996.2181028262121,28.542634225466703
183.636703190854,90.45984744347962,145.06032708113077,23.179142736760586,49.485866182922436,1011.823128177816,14.02530960227524
690.5616464696737,383.0341436797768,528.7584208752448,37.752883701251946,64.58244264354687,1027.096354288294,53.358210539493314
393.6108962349455,163.9369206067245,427.4837923257227,34.62723159288282,56.8443652816062,987.1524926685482,33.825786198279005
495.62497239045877,632.3138029810674,611.1830593244156,33.90678180810982,68.69510507134203,985.3516737366773,58.2854856341224
537.5395936714731,562.5612266024289,715.6852155930997,39.41558572583833,89.62409672919686,1001.9037553266822,61.63043323194104
757.3866871262483,569.5379901870796,660.0481523414755,44.820191601016504,57.71324844822638,998.936852961952,66.20966641305886
616.2932601875036,241.87142444860405,500.55319710704157,44.528951142022805,52.42855070931475,981.691502476016,45.7670684233649
857.4158484803297,794.0222290593507,152.66561048755344,32.12975964395214,45.51162931673972,992.7232336607259,55.649766745692546
534.1473085706759,263.8868150685539,181.71602961260578,34.81072211141776,68.53062224522628,983.413671576886,31.20966489368113
609.4016081396678,194.24058884367918,419.029864882741,37.38676264064882,64.66904273394005,1008.2143113211495,40.870460504810055
566.1852139864498,282.47903867494347,535.1792019283394,30.249624252231786,73.78174671232448,994.160346966632,46.867095656975366
269.63688246754486,487.3731060190359,713.0736471304456,22.119814453268614,54.175358994986325,997.0541936384574,51.23324553981524
138.35537363058393,490.67630128260294,256.3059172023428,31.3397681695635,47.2009452261265,988.7448923069347,29.123186935489322
753.6187781107435,224.42012128946405,197.8894374385809,24.747877190276395,52.96993212219621,1010.697728537322,37.256744479549454
747.9751969784483,145.7638818241188,745.8559559857797,20.206590376367078,43.73067527199218,997.1384888291756,56.646410603508194
892.0499551765967,377.7565957754076,590.1976643311441,40.7025045371729,66.20659894284162,1007.4866206246224,61.70210310180589
730.4803213172379,270.2237692301706,541.1724334151902,34.14933249583097,46.93709768229378,1003.7159596570174,51.66802005302986
759.251061926769,283.70743566042336,172.3325088083638,37.87983229376682,87.37560114099493,1010.8539061099466,38.18205527995032
396.7965245071228,94.8041580659955,575.0025351825457,23.93491924825316,35.09139264038938,993.6932492266365,37.748121884495376
480.14540890622345,725.9720889501478,495.45783596298895,22.690749102238463,55.2519962358374,1010.7012675845255,56.00183837421069
168.33927391604567,766.4836217734153,110.04213166452124,44.54442167824969,83.82154212857662,1017.7538278447263,32.446372137264675
879.935869159265,462.23447616827303,291.63002612411935,36.60370769454214,31.667396442147535,1027.4819942114834,51.93031140479091
248.14310819290296,787.6126550561099,150.32124735194242,20.212351780364703,54.70776719732325,991.7488933804467,37.08552279154809
513.7256312005102,193.5176507464079,385.2436944191366,38.757761926675606,46.663078651934384,980.2301098816246,36.62704623517301
500.0336865417552,671.9684938605544,190.19988852775714,37.297149612114595,53.65567715508396,1014.6708404521116,42.76806095317957
558.3300449954457,541.7864374386279,499.0775098040366,42.141077772683445,78.62636837117817,1029.7518957480916,52.96659486518367
330.6885130772507,710.4846047434648,825.3635833184921,27.716594625337144,39.81009348455578,1029.2008153120082,64.24973686736115
467.3787184439634,116.01280728351286,818.7345033679488,41.47329130551485,47.248664078474604,992.4868008455811,50.25112590654224
816.0690816734041,454.7000432129253,390.9618851902958,39.74275698876458,88.59561647584269,994.0878593934591,53.76154915420172
367.6308498088716,583.0972747626757,148.94962935258883,27.596391083201446,67.7810884493745,1011.0420027309684,34.47982891124997
420.2576968082632,174.4895374961101,830.3407757154331,20.546925640764567,65.14390262497633,985.8148440075578,51.05604805774853
313.2487122010658,355.4428987406034,756.2698534510183,27.137509173654177,34.3740206012989,1014.883807094098,50.31154246629081
661.1226132159577,634.6511825024556,526.995913233156,38.7109801930533,74.0042692538639,998.3152610273115,59.953050400878645
818.2778372540637,107.51367332429038,326.58408681516846,41.237728202116884,47.36203712007765,1000.9138661360018,40.83710878995736
402.09789282289125,496.5462508162335,425.99982638432243,40.00073283575987,84.79326429749796,1004.1945994992919,43.99931736454664
291.326803137443,183.12162764301624,601.6561259688416,27.258628419071474,78.1413340570493,1023.0090157149152,38.29969796216744
158.42512514799978,771.659704021976,244.85689036410366,26.489402926506866,79.29478324760433,1015.4052906686451,37.696820489663416
154.321560239823,183.59721697702088,539.0841663719979,21.123657770617818,76.11104178160659,1015.6195350379744,31.700929971385232
458.4166229345562,263.212216537309,794.7227344684844,32.53025210461185,88.60422024472496,1017.8396008604241,53.437774562895335
178.47611652860573,691.5696073876679,792.3200377468413,21.03054099609487,73.74648508448695,1005.1692395825438,57.79417322736185
334.9544539363001,646.9341652780348,157.35971286569122,23.817290211486558,47.839003077856546,1028.3828036093466,35.75104709105769
382.70424295442876,69.70331303959,206.1218187434061,28.048337775544866,68.43149887510219,998.7267797850386,21.81709942955681
651.7794574116227,687.3407455194846,560.7790970771104,28.77891842065747,51.78089241083988,1017.3216363996384,62.60476997101763
678.1108605049685,209.32186770272105,823.6830505667234,42.0894387155017,61.03767063043148,1017.282866148263,59.57030386889962
566.9303624884719,406.4676588166124,495.1883878390747,27.056910673424436,41.09565656709642,1013.3784533988801,49.00947615271552
805.0425199769869,562.7867293217191,398.0902866595822,39.782107939875175,54.59700222899138,980.7752115436068,56.95848894534447
168.19625941806314,152.6269673739899,761.9533225137325,38.44644453831734,54.85183223198305,991.544436443302,40.102829704310885
358.5792329409205,95.83436766613575,287.875513235682,28.253705666030363,80.13757071947788,988.6251724413842,25.147428547638967
770.1421017865171,301.6498185101334,679.5990951761053,43.75358424474378,72.51987733738758,1011.1927011886611,59.337721415943726
474.74725075503176,721.2372027108462,407.1176822265668,28.449667502787662,43.19883338863186,1019.3840020456732,52.16424089303901
838.8847113966812,227.67717662541583,601.2302109289818,38.57315668597225,42.89462939026964,1021.4184446666419,56.046065077822185
103.67757417921331,554.0178310896864,383.1912688019672,29.385524629257205,80.90591181947312,1023.297868985611,35.05851291014568
252.0499190657173,525.6133594609543,461.20997932158593,34.88172102854588,56.471738505950384,998.6818282178547,41.778297528663586
193.5690700351106,717.330749549827,550.993208518619,42.81905196306579,84.95522651142929,1018.7940368717487,49.366722928292894
669.7686008580032,485.9142031354353,630.2528704978096,44.158391805444296,47.62882524036432,986.3313064464918,59.88059893971554
373.23488407014577,387.2678193564846,264.405518589935,27.912584329369867,80.85077111439645,1018.9592598616791,33.39130184639631
680.6116187981055,591.687818008946,441.14392395605734,26.00777943724451,80.80126858913263,1011.4625144096331,55.814740062453836
893.0996924750508,332.11353560822056,368.4331300601759,29.140833023535496,78.04747777313872,983.910261859029,51.49372204490518
356.15125085808126,732.8963143908351,91.7756739067343,23.176329555116922,45.86004130604735,989.4457929982864,36.34245391373686
884.4598276837589,370.79018454366894,459.16002032319363,38.804700494218764,61.02746349322648,1027.5009280366692,56.02390117975058
288.02752475667893,766.5794877873116,217.4310710535305,33.315672417481665,49.49574395385112,993.7885136992236,40.335453218460934
422.95493815830645,691.9918833867328,553.8709229366647,39.285331479527656,72.65049306962999,992.2011698323212,55.603241563817754
835.5470915815729,434.98544482694626,179.98935881246965,28.527153080214973,69.09101532223053,1018.9251673089618,45.31555044475436
511.78524188729966,215.90547191902726,699.7492472764599,34.34976490972032,70.45222435763837,1001.2816725828989,49.820691305248204
279.86148762053097,143.24012996826121,195.61045257076023,20.733864689620898,70.0114910951568,998.0660857766829,20.517466630494173
367.66070325587583,244.99594497481928,163.96450447875293,29.58872174875279,60.44806923709619,1027.9627053702768,24.938279626070972
880.8246418654306,543.167410331498,207.21052332084062,32.995958603470484,38.48166132628762,1011.5593504066634,51.00818249874148
817.8119724205247,382.6849521950347,212.71990285873133,23.712082543735267,47.80920790025126,1010.4254794555167,44.523703852816034
681.1260619988004,665.556243118603,760.9902139293827,27.087307172980296,81.31213969649491,1002.522595787994,70.84007771069741
153.99568472603153,325.3504813044684,822.2189747263167,36.3864362323267,44.59435626638536,996.5238322862177,47.26914396996766
384.101089495251,390.41287501530906,404.2670064593845,42.741272934963845,81.88530792327876,1001.2266202804778,39.406099193692185
541.2411360267708,674.3572052389543,456.2857277898019,29.29094137064777,79.83796379966046,1003.0913441344917,54.71937934956382
849.6724937354747,59.405100883664005,130.00776157329855,31.517210598950623,71.28447483521691,1002.0997607181795,32.47263830150611
237.28799509328152,443.27693358070644,335.09721613116926,36.508642296926155,32.488056010299736,983.358710154352,33.82083650546641
709.1715611684019,430.1490550124966,184.50470178729876,35.340036165804406,46.08496354615232,1017.6551613246883,41.55980655691891
211.49610585751805,258.01667248505555,783.0559434898455,28.882563561719763,51.43643429771558,1004.4939280719097,45.40762108987103
460.67824539109756,703.46699222414,632.665273324191,44.18530013314478,70.99305716281835,1006.5355078143988,60.23096806142477
554.5840914788504,729.0485498617496,680.2940469424858,41.510440529337416,54.40940776373195,1004.0119541899464,65.72074111791743
125.03682047405053,130.90981735749529,808.0383099216554,43.65759814272229,37.254732078328054,1001.9683184846017,39.99993153181259
819.8607034523227,225.91897031602966,119.37856029617456,40.51676741489305,87.40578462042893,1010.6311050770365,36.148532624897555
190.32780872179202,308.25850125395027,245.4814676673684,34.42693146722584,76.46473669478324,1018.3643350831177,24.776848005967008
487.42208196863766,301.3661859300063,467.21389351446874,31.2367335755538,35.03171150130617,1028.9932630527926,42.352203777538065
316.58469837568634,456.85312812851043,157.89308069549745,27.90964510549312,53.76347393117242,1009.3381746213275,29.5188580229458
564.1788008128697,257.397011594681,252.04321896406012,26.14859471643228,36.801083726015236,1012.1411227800377,34.729003130788925
189.96634825130093,650.4309385015349,541.7406472528546,40.159780841212665,74.85012226633796,999.543890631897,46.88154449269926
207.07685362917914,242.14005868447245,320.1723111088541,41.87404742766753,35.685995464662255,1008.2618974925874,26.283399813763715
802.7343452619308,148.70546994502504,689.6007637898476,32.88746281891047,30.849841236018946,981.0055156591078,56.127225007802586
477.6958454889633,375.9279725963201,350.07667283850736,43.86055082864922,32.727724653804124,1023.0255496922681,39.6117814560988
417.8609418914604,694.4486935521296,382.12941562303365,38.78773645815602,64.20774543214496,1021.0665766981565,48.65446568822905
309.4547599953177,178.71405169940078,498.8557758469854,30.69131634562052,49.97246291666947,1022.1542713803412,34.599295384720975
172.37589763903705,574.5398278173219,257.9709232579205,25.11418232783403,42.60839130004241,1029.7330647075821,32.726308694007585
323.07670980667655,493.496828288305,793.9210331491297,27.434383173976975,50.269580651087644,990.747706165328,56.25404746881463
143.78610882651853,171.75598754066036,566.2600217113174,24.429415588099122,66.62229700720852,995.6254731154588,32.11666375946807
245.77072079986655,88.39771203639886,129.9975869542855,43.106953017292994,58.30554076665554,1023.6944255193498,15.224956463259383
356.5861449878287,167.3854360367073,386.96232350443915,20.045804857768953,43.93942284556954,1002.9264592157189,31.19764037091365
748.188093424498,73.52056719260034,479.5449162953635,34.595584642573726,50.146056481910406,986.1824028795127,43.83305647032749
363.78198199016845,675.100868293579,264.7939963075216,40.062224348125596,51.447399335390514,1001.369167757619,41.758245360813284
557.1843115018178,467.14456581976907,101.5103392900181,27.23118158914431,88.73465808006524,986.2522114367215,34.790279891248325
591.9145256936049,505.0794508494671,571.2957101073366,32.52195578947957,62.27165009514845,1006.9608402403636,55.76164770058563
812.0989826919955,392.05017759582176,679.8342415273061,29.485979578979396,33.02237211013712,1024.976000158588,63.317844469726765
680.355919047816,534.1062007392081,392.1610056405927,32.79267011829714,56.88868301048986,995.200101043974,52.12030381923444
725.1449774154519,716.7231919333708,695.3786497300066,40.712318604787974,40.81328073536682,991.2202389940054,71.07119106966493
774.0827728121326,613.6862538992276,288.7500244048806,36.73747595360402,60.83588229626061,1000.7804794217185,53.18307177753603
408.88739095352975,276.7647488564287,248.08943924193304,24.223240464558405,44.432736812908885,986.4747982409513,30.493141763976077
594.2065635583574,774.4678338943476,575.6207632174732,20.85331297213268,65.67053924366428,1001.0290989207367,64.08506245228007
466.7150590060703,477.3294855407793,147.44674779950577,40.27687965154901,60.81822597534275,1015.6809543974872,34.21920624838572
567.3088622373073,361.2938034669983,670.9376927044841,38.924998220982566,69.62439826442514,990.6297465893869,54.69558767930854
152.42861261103488,105.63061803514597,298.91406322520794,30.45712442661236,54.70574007195232,1016.0675343364317,19.698339448393742
739.6426599518875,666.4793161572779,224.48932727996285,33.722597146332035,48.85668663411681,1015.7836247173324,51.16323237447347
309.9731813607093,80.35394691353899,187.27801782656692,30.40155158838742,85.61093241352879,989.4143183733545,19.20093456129013
879.8669025345488,590.9120204935557,188.21023167169497,25.676373315673793,78.52896340209846,990.1355505864827,51.651776957710936
103.34238018118826,583.5742972944939,766.6698714336885,44.944366060944475,32.60940380053953,1008.050038606332,51.274295181618
122.08637082416223,536.0688224022595,260.5408640132156,28.366790507505044,56.42828467089231,987.0750821629607,30.16629035732127
460.9530908331841,221.22516646481648,339.9802317482363,32.614553795327886,56.41783071040853,993.918776359871,34.06455698886946
266.9666996629022,56.72770369200154,138.96330333806347,22.513906841823864,63.633185128457214,992.9625667809903,15.269364234169652
171.53869036176525,89.70609289097112,508.3650931075742,38.774146764231276,42.4927570171731,987.7453915528333,28.171947221885056
687.1305500477963,358.59289647653543,598.302753049993,26.816060657382206,69.33102301960885,1017.2141720062752,55.30381351772968
698.0868098349955,118.6592368307751,92.55183393313538,28.038455552294838,33.313322022020216,980.0491076303447,28.20445475729853
727.2532791435929,424.0902541286714,552.9542293845619,36.87519875267681,74.9464820974882,996.1234998973106,56.6584751735504
835.4447096694144,671.9646333347811,744.1643464855484,22.85193035866019,58.931754088387244,1017.7165726122753,74.98885414954779
604.1288011785833,571.4067753797559,181.78406401661786,32.30205463485284,31.650315134868194,983.208385165957,42.53742985741489
515.7480542389412,757.8814385021968,162.38589852370586,33.87929871012013,57.37870680854596,1017.5146873038708,44.70432072318238
552.5851881721578,675.8919169122721,731.4546021104636,31.119618605243318,77.76760168328377,1026.4559236148475,66.11249723695144
102.44888716073434,663.024923284191,364.5343184170404,24.361082214193434,83.76352137936425,1023.8559349765688,37.545587050029376
868.9345450605812,108.91473043652864,730.3206416863466,42.007739002649785,57.264691143053575,1022.8767666742879,58.54830393236715
766.7924875009356,518.6928881658134,405.58835622620774,23.092798704765343,45.500281162899206,1017.1975695543143,54.788095519050785
342.1801346186104,785.639627446474,572.7066093408408,32.83025942250742,66.57730664818408,1016.2628046708376,56.742857235586165
182.00124266738618,719.3273224612624,209.03082137063123,23.99643580215069,56.69665397918408,1009.5770921497068,35.40108980868471
239.88642223983493,324.4585271417486,721.2926185451854,32.561317537790515,49.15543693275417,1011.5980939822043,45.78205322325492
605.8545035054424,100.0557057600385,495.9723605369683,23.07539453729805,50.12629566722926,1018.5109209307468,41.01620069944316
439.7185644695903,281.26661348687406,340.355658685875,37.36828615388258,36.54550175382499,1017.0295575394723,35.24378168612893
502.4573279529425,545.1848127742692,263.8072542945755,34.14329466568287,63.45352480878065,1029.7797342315705,41.98155439359937
254.8991306876041,382.6322312682225,250.8749486885363,44.3851131244864,62.18800835679937,1020.5293700104111,29.16093880621625
257.5731625868787,610.3023070015088,180.09297953020302,24.710927556817275,88.05031033712615,994.9727693459695,33.239983268859746
444.02263986846873,435.13600016610224,240.39109756678786,30.337947663548604,41.20488487704229,1025.6468655697834,35.99040310370864
437.92956492412117,636.871962937929,270.06888478320514,22.287126136323188,36.89693526495689,995.1411832875707,43.04680122718971
161.2394790247217,245.73494011231836,599.5085128320208,34.99005086639133,66.46030119262423,995.485216013869,36.189573087392034
778.1356049800789,501.57340949895877,297.3311135532906,39.3662707194531,46.09666371283813,1014.8356082414074,50.284514976502756
735.078438052844,591.0003209542223,699.9187617895481,41.9803355930669,31.303454274142172,1020.903541664609,67.77911324179391
226.95990434155976,59.660381433568645,566.4583251284369,27.581312295332427,83.62891178416592,986.2266040967157,31.25694157839133
615.7000143666311,768.8666691309527,771.3905954219181,25.149127747735186,40.20190048684222,996.7194819845897,72.39262432180423
611.0458351283783,282.9663549129352,357.6228800350404,33.29367716115739,57.183227106253206,1026.5362939271122,41.125280902641016
252.12179542961647,436.7060075338765,847.9352327129093,44.53718127485388,62.164703565827736,986.5204921705628,54.582243397421166
381.92798043765805,109.9739282858821,827.2953421803422,31.789266666377287,56.55479035303186,982.0656915700182,47.848870948919895
521.8388460254903,112.19477936237661,521.7228810416749,44.810988349289275,61.18580049304036,1021.3317794975593,39.889924003303
786.3022976942907,774.2199718036816,401.9793200341564,22.61504778268125,35.710228651988444,1005.4516382253443,62.89484088630542
476.8208490899844,266.41607027885163,440.68828013161385,25.684956420087936,79.77325435743613,991.535692743786,39.92463878632964
166.913912913991,596.9734537369204,678.3468827983093,24.065789075469077,45.737184392331095,1021.8704593395814,50.05049631145971
154.27927746141935,440.49651237595646,431.7418457983437,32.80801375295205,33.772783036047656,996.6247907597474,35.11294752705502
687.8084855382439,65.13084459855213,143.33464583857995,42.57821275941308,88.961903772192,984.8864038922343,28.32156573764708
701.2671099594494,227.34928580432802,684.792239547836,32.225665997206285,60.97053453177502,1011.66395320684,55.25018145482676
238.28283891595544,600.2824339437266,94.67672823412333,41.34747773662335,53.20338392942693,1005.3221892290154,28.94402731515539
392.1506202252262,627.3535075444779,356.7076876866721,25.88338914085326,60.15113908017563,1005.4182425423359,44.853431340558004
798.0472232067142,332.2914556040284,126.40415439425125,43.94708085470677,55.1840414517813,1029.2646927321473,38.966326540092325
801.1431034295196,603.1813339278327,384.69385692008063,20.97200891454007,49.11921731850791,982.3555966836285,57.517487397523794
619.888176633905,650.914223358326,803.8096854575097,29.976320147786055,42.90362447305351,1004.2936185982428,70.27645941806732
141.83288044692716,217.09017803344724,441.57418133737644,36.26342495022634,74.07639821399485,994.5636224982775,28.430659007906293
421.6606653799766,85.19466165477559,433.33952633963355,37.74699849591377,82.00208339572146,990.0252836085675,32.53924086462791
806.4826744034428,730.4326726415304,223.61479058840803,27.67480252856734,89.11973233699995,1010.8767386337355,55.05205203488551
326.8422078909805,321.79237424695935,112.50313277974399,36.770678967677156,85.35033018417442,1018.7181403612042,23.959162775327957
202.47256090739532,618.536227395909,725.2371675151244,40.15931279947728,50.95456640151298,987.2102112261323,53.6397503497041
569.7812960130507,524.3230597103143,303.6739519558776,32.139434017655276,78.4952178659974,1013.0874417761981,44.97008874993605
406.78907668609645,349.28618187178927,350.7769702548342,32.77389719239558,74.33157780362156,1015.0711286803815,36.71333656692994
655.7936617467468,733.0093362584247,686.0747527011133,25.606338671475424,65.88813981510913,1010.4300884457962,69.10708004819968
436.1193995975351,544.8049619455397,316.8284284778629,29.64227640521277,62.25496922735042,1018.0096710022943,42.100867985406765
420.8049590953089,563.8116240729851,796.4917476507586,44.03227371330104,73.44951679033913,983.9324817990107,61.398167401079164
284.0136188723018,739.5823888676043,283.21248284150903,31.23104760485881,63.94037835331379,1017.5578118202945,42.03637954585754
693.0866230715912,129.82239258189827,443.6388111004192,27.148547680816442,35.39980812256688,1003.6099254554931,42.43282291362145
575.5138184355692,682.7432267609092,566.9272714540626,44.087762803999695,76.00292696532394,997.7422070305525,60.424802214056854
522.6945987204253,228.85585000247815,373.58729197747505,26.456478962927164,70.41394337586442,1011.3176670023881,37.49000514078611
366.4163915081071,674.162268931837,113.05658894375384,36.658108897313234,44.637748880559556,1009.4856153990352,35.73962337094848
872.2504601811338,284.82912660784143,793.5755251577177,36.54341231564968,80.99290220262733,994.7646377033316,66.45540860997797
854.9676100162734,444.3295352735888,430.3327511220365,30.318996137684117,73.6731504418635,992.6304280478402,56.19222440357733
476.4253226193764,307.0082533038555,174.9143231431461,32.76743214896393,67.65301803194416,1019.380745450598,30.499580203422802
742.9133818502328,729.3873865759923,370.01028858507874,21.06473099671412,30.97420554651618,991.321757606471,58.9694345961899
504.5099937892208,353.2366450765308,440.68242954904235,42.608955916257116,44.076601936268496,990.2625690805038,43.359696347934246
550.716327298883,791.2656553817524,606.9470319166703,20.161654038147596,53.63241876497408,1026.9649182224225,64.53734075708587
246.38449521765722,478.96760992267457,456.6170660355113,36.227561371435776,45.59344511653842,980.4642858838523,40.025245795630404
879.1265025978307,640.1766261450769,475.64512499585874,33.43473771404915,39.046339106955266,1015.8397197866764,64.60489886212159
206.67668545671356,219.42516727849804,232.99553420057836,31.654511208586698,76.36072193131615,992.9658867210557,22.10287695007948
621.0951825347505,274.62384436223715,131.08785238293848,44.409867004467515,64.62451058952199,1008.2239595086169,32.11508490222717
820.3541595671936,714.9335825163913,600.9855208134212,20.46212987539952,42.68927167152769,1012.050644122422,70.09805309504439
271.1568513282019,682.3922394964974,843.1075675963494,21.54735158601485,73.1479936610432,1023.5699707931019,62.33077542859496
750.3510894985264,652.0330983840162,312.42130580349476,23.172219235796973,38.72817936976084,1025.0540109124302,54.56837786861606
434.677106175621,331.35150685190064,254.14129152702708,41.52766710894781,33.0407441353997,1019.5710537946351,33.14651005190673
789.0980143842443,731.3534998656885,96.4688231476651,26.887598145801867,72.81275074178016,1017.1544757303121,49.47229835340458
259.0710358873408,546.8140896489597,803.3360056554593,27.087025507521126,77.00797656691202,1023.8554307586462,56.30999399230738
199.56570058990133,233.11514357503685,114.18643271506035,22.06760399382153,69.1603099364049,989.0364259231668,17.547882633550557
185.16344741751743,461.31791683093473,163.01846512112803,40.14827732595869,31.540666901873543,991.4331099190657,25.915179532298687
605.9372576628989,210.68152391677677,433.43520228119485,21.553727656171567,71.45390212241173,1021.1874038162599,41.83597153863806
234.1245500174872,799.7346261413984,785.4730108619478,42.10599137164652,45.1172044236753,980.4007956906578,62.43469571924449
730.4383275730004,726.1866375237147,462.37123957921625,36.27191531270355,63.21138195621414,999.1267214509814,62.1935985360701
831.4704858462828,62.11399106999423,483.2816651483836,40.05592999264711,88.99123257728809,1011.2266556446398,46.13880091342365
603.2266271203156,691.7550338997244,447.2181126233443,42.30309942778972,49.05759293950945,999.0829909090456,56.73817433553497
256.744314604782,355.29897289373315,338.9230586810394,24.508612808995977,44.994868813179465,1028.9753692638394,31.91822097219703
701.9694319746096,734.0099889310296,297.626018974987,26.10841518700365,82.78992892838946,1021.4647940743731,54.98442338616866
625.3355845273879,103.53703025589081,618.0457182763276,32.72951534437224,73.84827843406131,982.6308905890731,46.588007174551464
504.6467543433913,590.0000105481435,819.3465911079173,33.10991208089985,37.23351449383965,1001.2570669854764,65.61326659106274
655.1819865960479,782.083927509736,183.67044308377035,27.59575354070531,33.09197077558822,988.496980372741,50.46479514652433
701.5374876241385,474.05499808817984,557.9984656828376,21.756459427225508,69.549953427594,1016.697802345284,57.58771319868306
227.83209187965028,450.04924329302077,366.180365075967,31.407188067752372,88.58450871232867,1005.1020646677883,34.98365465821881
342.7224729821914,289.5366628385327,146.5321933267462,30.64807688336652,72.70365245560144,1011.7699727519232,24.829061807691573
669.5604444144344,322.6218958203186,276.03416907295616,33.290657725022726,79.89707674164217,1020.4699531113686,40.80683696996084
332.3781688824648,492.7814449240225,639.1335579326163,41.30245641220195,75.13899040023355,992.6671117063291,50.320130731499276
313.65724639501497,674.2070159658213,576.7207960632498,28.510566968268197,59.13111965549994,1005.0242030347878,52.704759713355074
622.4112455329587,244.86245816922283,412.81618716432035,40.35232968614032,60.0689320433727,1004.1769090421766,42.53085859763826
844.4302631833432,663.6817900836749,831.7710658191497,42.114383782086946,79.73881788930817,996.0569733024793,78.51420423077653
352.11844729392453,59.65718600427215,141.27340915648622,30.052784748705044,65.52658571433145,1000.397962703801,18.00420536520535
274.6639147238242,230.55800567511335,389.5107252042276,42.53976948360645,70.84942102398787,1000.5768987256029,30.737086620137227
264.08064160874665,217.16728336118064,97.04693664060608,25.047797663733505,69.59113941787415,998.0488665045059,18.31931521472206
275.09344046230586,167.9330590900478,502.1925957654937,41.51426035438309,69.0905724896044,1015.7826623785326,33.37849881719036
257.90621582222866,88.60318646240002,169.5627454079408,33.00546468401456,72.16850754200857,1001.1335657433333,17.17779188485649
732.5381821443839,491.5456343503636,250.30339254496204,30.24491148810186,65.14464522785755,993.4520073229651,46.73465019664091
676.7034667607791,161.26989903373868,491.25591794074296,29.245992496943764,71.40901966383892,1021.1417277671195,44.78943769146525
647.1862214054554,524.3510847386281,731.9735586603126,37.10162220060714,73.81635182311396,1001.3687493800365,64.42506153073501
241.00822440636324,658.3409393438136,680.2579792225318,36.40903189188294,45.10010776350647,1024.603414346874,54.19079408140658
853.4942255904509,250.54385873692,539.6056836026944,25.290901932244072,67.48516597998132,1026.8080710799977,54.70536987392891
483.64069050923536,426.59608129051423,477.2822877084542,25.720227545725727,51.388090096157526,1014.3237128930915,46.39839466233065
565.5105309091283,386.77089473977844,849.8472775923916,34.81779402296253,80.2430328588143,1016.6538535397981,62.56233387316287
859.3729362198279,366.1678898795699,817.0214886523427,25.66945868605575,80.28279341827997,985.8681684665331,69.44708432907564
413.519423867681,233.18368886625996,444.8104265870945,42.863205580591426,59.944053144236506,1016.7771243104828,37.193510445502014
669.9730272938907,706.967022715045,636.2148857694276,34.01375698051864,87.9942199119835,1006.0102460257439,66.75679693104517
826.820881891165,508.9189929781343,138.74184343608636,28.61495862145945,82.61277429712226,989.9853707941551,45.62186998352244
181.6860229266517,397.42133420040733,305.49295037835805,22.586806021365213,72.23502410662505,1029.414848544946,29.59293872894609
295.7896564653937,109.46599380592792,273.1983789924989,23.047426945059414,57.10152468957611,1005.560155284765,23.085604667839604
287.7549335395532,319.2047418192473,636.1364609647251,30.33731596339073,73.59147847580581,1008.8337578909592,43.65424869935301
833.290114703333,84.56515532838603,250.63264396919683,37.92297102954571,46.697742688904626,998.7356295973129,37.56096385971944
355.95555843349223,99.37043295086069,650.1461255039826,38.19172676365011,55.01815483178622,1016.8313929536564,39.6656247616899
178.35810641449365,534.0578656227008,394.32376270061593,31.58031290607856,57.10734801686183,987.7075506245867,37.14542966914047
230.92707343699158,788.1273815258121,85.17081931994804,41.67070177131739,62.76908885287065,1011.3411038247621,33.97846642168203
242.136717260622,425.69893402521757,170.78966516356468,23.40863501229798,36.021392589599806,996.6381922878069,26.866656145117776
796.3789689039844,676.2252764935696,345.97564654417204,37.43301155238988,47.21434504780651,1007.2431529033375,58.017153223693505
830.2184606495937,75.49034835897729,315.387419488951,24.74286096509968,34.16926960906863,997.4132561996906,39.78676104981517
217.4285046301885,745.9228255387163,412.8773758963559,42.48603323470387,81.46846917672123,981.4825704857096,45.41563494092138
480.4687149108798,166.64059027213582,377.1130665632491,31.036976918123656,30.92573800950564,1027.3125118662333,34.497801818020434
431.29831873187686,154.9738780726833,693.7647138553755,25.484444333935503,87.40600149684442,1029.0249261724873,45.33875445835183
293.15946962797074,242.67724618653338,412.66064550723223,25.444857479336157,83.73786135484411,1015.467527792555,32.58152729472441
507.3970667142921,317.58097966397446,501.46421729849595,22.04331177593415,84.94304164393878,1029.4653129354951,44.80791008328784
516.4449210588372,438.87812660721886,649.3656632496802,26.034790757536687,67.58785557520335,1026.8277877000862,54.6343179599689
412.03166609349086,696.4640818909771,306.33238206785086,25.84472357356782,72.242065085933,1012.2491247347443,45.508167722248075
301.57189265085026,204.75787696909518,348.66536163357046,20.91171329565685,74.48255935681891,1018.5489827934123,29.13650755394118
652.1591198305878,799.8260020027298,198.27501457613346,26.468691286548886,56.679028333801554,1016.2352800515678,51.490554238044865
257.00653229649515,727.5105621010707,848.2691466506432,32.418244930542784,89.81844433634012,1006.7652472926391,63.4662786979527
499.1105963150102,294.65546720560593,409.1472199052283,28.354942843612704,36.89162263068915,1001.1393055237404,40.17887070182762
192.10941971670587,398.736574849309,590.6206967295882,25.60401444447176,49.45072431805687,1002.371954404643,41.35020770616397
874.5997285867415,370.92788558639256,341.0938322589453,26.582135954117625,48.80277119512246,996.7004965451982,51.00958171555184
282.2731067955669,718.3659227608434,607.141988843039,38.21870292577945,50.16693464750155,1019.509746217112,54.30485044041387
894.5000161030351,528.2253806640365,541.7182791568159,21.658493297456566,52.77380290340592,1025.7042882795483,64.3504930692848
473.26744584063266,77.44579766573149,585.9386741278418,33.4065739738346,37.10337273999922,1023.322340115562,39.9589442703046
759.8713178653215,368.8146671201846,241.55668285536163,21.137938829771933,58.9097179392751,1010.3799118993742,43.52284686377965
218.94938775370517,155.36430411571487,156.4609046256994,27.784737190768166,54.67366738230096,1006.6470599718658,17.487846941110575
861.912603988913,646.6455797397473,568.0516576409552,38.73188230747736,62.516023038884995,983.7064203568094,67.97881181749801
241.86479205958165,108.40041970087887,173.98888495940776,37.30186488538028,60.28063989747434,1024.6977392920278,17.467511751190127
856.5581629222146,288.53754980720987,225.76876110684736,21.267370267777824,35.43776253393081,993.3111882554911,43.38362182615663
421.7890004425592,617.2325783598448,529.093762912772,40.73930909448444,88.68072874006424,1025.8881245642726,52.334397880583005
874.6604867589563,273.529485596888,301.31577181410967,30.407645746027043,40.67170409495971,997.1823861970674,46.49833004323972
660.2496865980333,526.3687764311965,216.87570790257277,32.41786905726559,67.49648631731299,1024.8173126922472,44.27358220697981
254.6261236046866,750.0296900559148,376.01842120374056,37.85255271816747,81.22965515215577,1021.5777134966696,45.18041125796766
429.429130673169,236.0938777099976,556.1079592332811,31.822712058490747,80.22677299318326,1018.8365496377628,42.210008620826244
119.99360359234812,644.6644774392319,138.71936225493735,32.63189932975022,36.191479684011114,1001.7263852455611,28.488516921144896
308.58752394228253,198.01351524877256,779.877779349807,29.001093599549897,84.89385691539675,980.3854120721118,46.39314234972393
848.1898563760095,670.0759472837148,696.9304944760721,31.788760792901122,56.216396820503704,1004.6027739298887,73.42519388883461
506.14554658025395,186.62202613104245,251.34933684900065,39.59841019655538,59.63622384558799,986.1490877851353,30.83700065529892
806.0306573206758,391.425890096811,405.0868495188661,32.83127182450512,70.23082340149224,1000.3172823279638,52.12717040327924
860.5499424615739,697.418200921154,179.41818376869787,22.218378153870464,37.76352444723842,996.3489615826427,53.91577165222975
602.3559025971192,218.650632540387,828.9794390984159,21.707146955073917,84.02088782338575,994.8484931555564,57.78937361806182
206.05696530559197,657.262896843556,750.691557726421,39.713364162712196,75.34689075100765,980.3806866113116,55.92725817353128
619.8108560234625,797.1381552166887,150.3397385656142,43.733697572388635,42.6078975914823,1010.9189743270446,48.5220598798291
766.1614499890985,335.1510930366376,720.4747423360009,38.517287812648306,85.07619452497552,980.2788196259863,61.858365984212114
673.4100132394487,540.0695054046785,352.959424983953,22.85453963947669,80.96240365746368,1002.2748728906436,50.522762558681926
243.35881174328273,362.8621045856552,675.0161127647093,32.42729263050608,47.918068090469546,991.5376813817087,45.18727200045652
302.9663605017027,575.3592501212173,671.762802736161,20.21906935003379,80.11672597560502,989.5576817224124,53.22028042813404
126.76906414198514,340.8095269605179,435.9870659498265,36.105011166019445,62.65011248296865,988.2262947982355,31.466840371068155
709.4483188666334,595.3368459108652,123.74916804924541,24.787452769926528,63.45630219934119,1014.9225716529639,44.09352166529477
695.6109274066714,445.47617466856406,499.9445583155923,32.833072011594155,82.69919902281558,1026.8464733776348,54.230395394880745
253.65932594351966,141.60694786640494,736.7124991038561,21.491754611584664,70.87005182966664,1001.5948398982665,41.32648817845198
619.129292121896,292.70732732206835,225.6208436910986,22.146981548773024,39.16826515873351,1005.6455381618837,36.37993233096287
209.90282949500116,571.5590870969421,275.9276315493425,27.53201058620474,61.241833381234215,995.9138003846185,34.480962759731995
234.50227264635294,523.7302157307078,262.4605734530044,21.784849156850285,72.95717177880823,1003.5213445439699,33.245397589431995
729.9057448518361,523.2930079631261,774.8403187137465,22.4485929184686,80.10743472271608,1022.948359907415,68.58957533299873
248.18635198761623,679.3414017448152,222.61559003298038,37.091555222877034,61.57355677071246,1027.2884328283553,36.73045621329216
639.8806684564704,466.2839145601193,464.39062481491095,40.48534705852113,87.71936868021206,997.6184470146522,51.760562483094134
143.05985995545774,448.34212348786605,727.5044723155951,40.33711429736732,81.20486294239961,990.9966919420374,46.842238395923516
494.16635302855065,616.9970864050099,500.29213206451726,37.84688611905479,48.12217418999354,993.2764963012024,53.3465884655875
629.6058500461902,544.7196151057453,645.2513170738181,32.67445520038716,37.757604621923804,988.7420111129138,61.039816637510796
873.0400607011358,344.6015880920853,625.5969711417579,44.25159936787297,30.958405920380002,991.8712088510916,61.55312830946694
298.3326011063443,666.9464471021637,340.60789343273683,21.363564668931932,49.8916868377161,1013.7889727998056,42.582687183564715
414.2911812858246,759.0918802133251,346.9437884652184,36.12729506344049,73.86770724043986,1010.4371447601704,49.07924338358323
703.0436790116265,468.39337881148083,157.43315240369157,35.31819704499859,58.095946460893046,1014.0504978219315,41.440437830840885
634.317963887203,68.38496454023841,658.4945274513657,35.6863064806208,45.29389717643424,1024.7552937690427,47.420868950877875
289.89587778252496,69.26323452103671,129.00930603241875,39.45544429091831,38.968067658484635,997.9136067243376,15.9351456104036
788.866132335285,793.7389913723298,721.7314727659372,27.19083929349447,61.32635430448295,1029.0960058240603,76.34741262186593
276.9584716243121,574.9295198108869,263.2522934847076,43.54477190871312,51.992070384564755,1027.523325185404,36.08673148244427
428.9648089624641,342.586248843045,309.5536897670606,34.236188391540814,53.804131993137105,983.53610415185,35.528679324847694
236.3160053191214,734.7488738374423,773.9399750897463,32.096594985271295,39.87690578625622,991.890297562741,60.089545378286765
174.6571352818406,646.3987047695637,619.568432671012,22.006785336594472,71.66069213776957,993.2682856162779,49.41441250838261
250.09519433219234,94.90536166016732,96.83103703268533,35.14267436500479,53.44160220132294,999.914414374417,14.223258161078203
216.33663575324914,432.36414100388066,632.3242120896034,34.62142470713359,84.0848540254203,987.7592050410149,44.75399178629803
899.3534798239626,705.3744250804001,277.36102784937026,31.684126181843055,53.286360452526274,1023.7709064467954,59.23627826110569
599.0595167249317,552.2670277476359,585.0077527633626,44.90959118593494,87.95926897051719,1011.0856445040623,57.940106444711525
287.01950817765686,720.509179869893,506.2033003155156,35.05674529483278,68.39264533730764,1024.1619083482765,50.47399265404712
771.4593830927585,627.4271889383459,595.5549292565374,29.198814867841865,81.28972025254443,1029.6153210991192,65.78879433119462
717.4788256670433,238.35334018527544,105.17765320880719,44.4261246583798,62.823590763731055,1012.0402688057216,32.88207110392185
118.56761100341461,279.47375265960665,745.4788860572606,35.37844756746373,67.64448053775061,999.1914792746622,41.76039635218107
825.7254953400859,753.692478703225,793.215874701083,28.64995989097487,31.672419593215913,1018.5639932751624,79.11117420934264
791.2495733109508,606.7740194386738,830.0853312367805,24.48051846855002,53.97091207036489,991.4013944702198,75.14412103195995
360.9898261226481,621.4130731368136,286.5336367862745,30.661146685398936,72.84299695899054,1001.5991490523758,40.93343244923483
492.04327157737373,70.26233974817288,236.85538512963572,27.88663724326309,34.6487818350672,1027.8008609784008,26.343383744951826
204.39345537155066,309.5127514472265,243.70083168040244,36.221486711122836,46.60791381006511,1023.2197018338333,25.165219471779416
808.1864080254585,450.0028526367987,748.6114545145499,23.395232227992047,63.85532896996051,997.4846520051508,67.69013600044971
649.0039388116653,146.09781790811724,296.26332230253064,20.3979424570818,75.13545949150947,1023.8686211471878,35.703585593694704
345.6285275514804,458.2019349424269,681.331739968274,29.704719236731265,86.04806510351818,994.7764612050763,51.36818347354817
824.7524923561747,357.12601513704067,505.75906234896786,24.10091291424737,36.16838091417071,1008.7949698259109,55.686717718755176
259.21007187827456,489.96098955104117,595.0302555365482,35.00988212453714,57.05192594173702,993.1011768603745,46.2763420643414
416.9440708863405,563.2465628907663,113.7631756506954,39.5559585009944,31.125257700972565,985.4482430881436,33.956246039341025
841.5103682107934,595.4453033411246,773.8237346942816,21.608522897655455,69.99213769322353,1002.1953936182615,74.06161953432881
809.1735262615691,673.5701915521598,520.6772364153713,35.10915705003159,84.18864988568106,1001.4602594923235,65.30940099102672
832.3153990760349,591.6598958509227,791.0288455490609,24.79059326231463,31.82536096331449,1000.0195774385794,74.36041266977116
672.4851333512798,787.7732421336597,662.8403778120385,35.73797733236661,75.92363348955584,1002.495457735229,70.32136637702972
106.07366766433061,158.51153907273368,234.66455817533569,43.334680743763606,78.44764400481611,1024.322292165203,17.324138529125356
612.4692760118357,474.9829963346814,750.0686805265674,20.957232821881366,30.088178664821676,1017.4652531047606,62.62631539145822
794.1357304611281,114.44268605275822,708.9945051612657,34.03416681934015,52.19733378044364,999.0720280518345,55.61713270186722
641.3002918691059,116.35399445806026,785.3654056304667,43.1455437088637,33.20125789415338,1012.4981946273149,54.144244815033666
794.7689966467625,468.3019200041899,493.4805973576659,25.97680955457403,63.058696169190384,1011.4604508521455,57.63135139383521
193.81332202573623,631.6323158777192,763.4534837689565,41.57146302118966,44.83364577947255,982.1213578171362,55.30150848786193
605.4623850060258,305.8541318372586,467.1216082534609,37.876396739221896,52.35687107065388,989.8830812312347,46.024359835436975
445.34716712689277,86.60822779497764,277.19242305547095,36.387588637580734,50.73927751333956,1025.5505073120144,27.04635876987495
259.03613379886053,367.06102770379596,213.43815897231735,21.149239809325966,77.09888592973014,984.1351399764419,27.320441203972386
216.81442243428037,555.3445192784033,632.6432774756934,22.406209998370592,72.26405537343899,992.620142165004,48.47049935040825
312.51633904063834,361.838979888963,284.3345390872105,28.66087152492659,68.44699139826088,989.3044015517655,31.60404113137646
354.17055134079726,250.72933697345573,367.819116493526,26.99649066416237,50.009400654125464,1004.3625461796778,32.85976130916863
452.8291880804242,130.17766407286854,698.6730709546591,36.0230628099391,32.597355947034806,1008.1542986427354,45.43712840278515
243.84248824335594,663.7545689757487,653.2234126720095,26.91205048615972,83.23820554591185,1027.5419123104934,53.35684822345352
413.19344783412663,361.6460820337043,817.6678396930478,27.156858391112728,87.00680047921917,982.5248191536385,55.95189948375685
239.74545147084632,292.1265516127532,809.2375148125321,34.341117128367245,34.4846207786476,1016.5124627173248,48.325660685009275
439.9578928111861,770.6306391470303,759.4074158473348,20.95110893570595,36.69815391338766,988.7223807515707,66.69395259263987
537.3132979829312,315.81540242394664,254.48668736347565,28.81405718453285,36.09822127083227,1001.6028705476218,35.77332850674536
125.95456168573547,91.56226820813372,508.8712850032118,43.47675717906063,82.26445447459157,992.9355715045729,26.880356296944548
666.9507212865545,395.1020236494812,179.48868504680195,41.86937935731146,32.25937042893067,986.117572712693,39.04112974995315
619.4736197053305,538.5768399592232,440.80487347171714,31.29582336528349,57.36757061645757,989.2654825532169,52.3737087288053
712.6492860154201,115.1264268909021,821.4302809897939,21.3667195526773,53.74009677190375,1004.7634669878431,57.69048262678142
114.51451695881376,274.37928830366,553.5410107184607,23.910957669566777,61.37832211014027,995.6597523459501,33.80845458661264
405.1039490742399,784.281356098598,115.08231162963128,37.530340679774184,72.8295186015884,1008.7205166768819,40.28485162037039
662.5695323479329,494.41516494483983,451.67802119363097,35.9276534404745,41.76960275166485,1026.2821031749465,52.77666176652842
185.06981305259433,311.01497730335774,346.1317213452606,22.22611344882218,64.50928306186928,1016.4010729946414,28.72781256448899
131.72477072327862,181.50753654407941,415.0501317272165,43.379435986467946,71.1591070816638,1005.6623362001618,25.998974487109404
776.3025330835054,191.47445496065208,590.0538738757359,41.749029282760475,62.15036325440894,1009.9134991275206,52.635464596354154
701.4625615546336,754.0799950622117,847.5787608838384,35.65149338241605,64.01588611920027,1014.7352855843498,77.5694271338589
213.92071958411316,305.6591142926716,455.93134898086345,34.65207406079507,34.38667148208234,1016.5016083862253,33.82464897553808
518.8614673476432,172.21415840675246,503.6074253862502,25.6581081339329,83.49086129038882,984.933785008085,40.87656578808188
274.71507499323343,233.75243614182625,669.5031263406552,22.198606366925183,60.274256219030335,1007.7049431221398,42.034150387678
467.78642604999607,778.8896634345477,248.23978378019223,29.435963727141857,57.82515043179436,995.1627395975215,47.329874035744
626.5618193887841,83.97057856306235,802.3312536175694,20.47047723020453,59.209247129904774,1022.0223607534193,53.40922208325817
672.9278162129676,597.9683463657889,121.37327968191249,40.23657125899539,44.505227772087935,1014.1607271673707,42.98181606463919
828.5624089699819,685.8102028561428,789.7502990683967,31.0598456480739,78.76424806645588,985.5622247377767,77.0211903175196
373.8949538602726,266.50054411641486,784.8663778873647,29.44304518554035,39.76795483234586,1024.2758329434034,50.60652005479521
801.419542157593,575.5987491843127,194.21806655033583,34.642413972776026,67.55609776609364,1016.1630605033263,49.07927140227061
389.6627799881499,310.30032419542397,694.3466606697585,33.88665359013258,53.82836274222811,1004.5010004169485,48.77275955229756
721.8482965925629,627.4109127319733,523.5368041582806,22.870176184909397,69.10573545473741,1027.7816621306433,61.41924844606731
244.14907071628846,451.93519103858813,459.58875108111556,27.727240913804334,70.27425915392456,999.2680050981402,39.266077895890916
183.6024011865617,468.15727093117255,819.2514217222965,36.7012470512228,87.83896339242403,993.8344821229679,52.32284703242389
494.35854892787114,403.3386847171541,525.9257712718527,21.798405592609413,40.78729083383651,1015.3714329088893,47.96794786022487
287.5290156322286,135.36103243265404,691.8773051601307,32.65550551033589,57.455139225515,984.9208625343932,40.36179364835171
519.765657986138,165.41194840697295,293.77048745130116,39.24675961785628,84.81864335203554,1024.332382821026,32.306147689845375
424.29148570214466,303.6776838521565,612.8364895594018,36.68450539856109,55.07832661764069,1015.6153626401715,46.3525346690051
843.0644336929404,268.9301434629862,699.364317891554,30.966078648758838,58.70078980781622,1010.0830878850996,61.33441003033996
844.1560315415788,785.3687006105636,693.950727238179,30.1227183689757,42.85023903587539,985.9685920265101,76.64377105409145
390.31045645104535,169.24017950866423,457.40612584531397,26.192748193817277,43.54799912491313,980.0884848582313,35.08276411260384
806.2514004294885,686.6376322912122,668.4573884996412,32.023571371955235,39.03217701548332,1000.020213597943,71.52496652160667
399.76658689674167,696.1043519165919,193.4320160360508,34.55258075522212,42.43089096311901,1009.3823990002334,40.61340880584204
763.2992437600069,301.6309008426592,813.6921117209984,35.73566759066682,52.1155272464147,1018.1610460363307,64.49558880691991
811.7377279398984,633.8454864801736,508.5386639120183,25.91686016377217,76.49618423869396,984.4428396559778,63.70904298908289
163.80233625678738,419.3373393042998,164.4577975022439,36.03234584348777,63.73534238598196,999.9214394749458,24.07250216692237
860.261685546851,466.5124670816059,84.25658846701177,37.797442579556986,36.971199024338354,1019.0494004003104,43.17348811753418
750.665777890776,586.2523992755873,431.40093690495956,22.625300684045268,30.164892906091826,984.2709222562854,57.36358279118929
254.370035902983,581.6396213912728,709.9374515191431,32.41573441547354,63.56978281021072,1006.0121220951086,53.47778777959339
301.2315231761267,292.72053461500315,287.1938759099064,26.78002583653557,86.3253282699132,1027.8223912176265,29.306316770130156
798.6225658075072,403.379260049157,260.0313653374641,32.20021121642122,82.69397929303443,995.5350688794078,46.46130938919848
319.3056495244372,519.4105685687947,399.7582809655293,26.685506084274913,68.03845401486593,1022.3696379355288,41.15181778141813
240.3903462933946,407.330843530123,483.5292939412633,33.83850115700062,89.16797837515,1023.0430118831407,38.77280745235606
153.47224071374683,354.496953041594,478.8196146775994,29.12119571864382,56.70734639508534,1017.947410472937,34.391860399764205
456.4078824941452,75.56531137750181,790.2049968475606,28.855627066575174,31.50395951225403,982.5290702088134,47.56739569005184
111.36826634549833,513.3329724653775,416.08852285285036,35.50882917665581,70.40225447391764,980.6197666806038,35.38457807844029
782.4659780475778,741.2291344789516,788.446004055572,42.7246851998652,80.58363914074812,1000.7054525368477,77.24869353801876
568.1588073523833,225.59360974449947,733.7864937584418,43.40167244028767,55.655990903914486,1007.9288410775648,53.16403226324415
736.3572804472697,561.9628423924178,633.6068245886918,27.81933559869532,41.20401507402922,1019.330452787222,64.29387666873829
508.7059215867075,618.760366872856,746.3550523556161,26.98399796506546,58.00815697525425,1024.8419418397086,63.678190748011545
238.2312892694576,265.9893355215959,452.68500189000105,41.08405803307284,31.851076162214646,998.8546497135602,33.234018819331645
746.457825744101,797.6435877631164,189.24115048927706,31.43127372116094,86.9824616581079,990.3636585435806,53.89268842478761
285.2773452086396,634.4231345434495,471.9964569798027,39.080467182421785,65.24592018557509,992.3766065756109,46.47087267175478
334.63868639205475,275.94878214617705,338.55134035919417,36.0930914978405,74.52199236234566,981.3217201076719,31.85967767051472
486.42112194305776,538.4541727181456,558.1014545945352,24.887206319333345,38.137461826720966,1014.5732823656075,53.070317023617505
151.84565194262643,604.5230841871409,193.376087853258,30.30569082606989,74.85731712966725,989.5902166986995,30.426105598023344
587.0913268973313,177.95254711555378,250.56627212773552,32.657327716612414,76.0580521364353,997.4780028130334,32.97396710549597
490.24095785998145,708.5292117278815,521.4298850564916,20.887525760704474,45.03280081978647,1024.2525670804116,56.82030048989556
388.7774471696045,283.7575111564377,367.1115942146058,34.04455595966975,83.50709446092384,981.4104133475415,34.860512518365496
758.4527110238198,495.64758763947896,547.5120753401449,30.502720283156503,52.84237609861596,995.3815589807787,59.52349197350476
447.45413036933223,733.8310353876695,467.7179832364873,26.471849040678677,61.11042181278884,986.8567866541537,54.14727430216955
846.3108715229511,466.41422407560145,571.9272987755496,23.476025566007372,57.37115080098437,998.9413046206856,62.25884481897856
445.5509888794781,489.39046727734575,129.0061278442885,32.87811118987982,36.80850083758198,1014.8330693158139,33.20848879847625
179.88535198199617,671.197405928504,577.2450148034849,22.74012103024368,30.31237319183933,1029.7043817411213,48.622283329454405
426.16091904270996,125.34562996092683,482.6905977497064,42.697935720657256,79.69920144214905,1010.4856119691045,35.852820380097356
583.5712743295095,732.7378994082999,437.6196439600364,28.42414476072785,88.46407405671168,999.0294935497933,56.994060970535735
623.8945350883928,476.95725510955106,679.6426706299196,30.386845187197764,77.01519237959212,989.6969714110501,60.211260531135096
654.2939233619243,213.8074368094622,718.4677505245005,31.287008129016666,81.25675141881547,1027.6774000191358,54.78175082612161
629.9365763258028,426.3561266041022,190.65387570409678,36.3385944404458,83.69111300169575,991.3946465287755,39.31493611606102
793.2467200221192,558.701782924859,231.32430277719496,25.31851953308546,70.22036050393774,1026.8756864680024,49.811427199497146
667.4551883756494,691.360321742698,675.3652672190091,40.44629821083362,83.8341530143762,1023.3498996154692,67.7790759923108
769.8857595071015,244.57088778897386,112.23579003267102,35.12925240994951,83.29390074626542,1014.5420980040462,34.9231310201891
890.2580891566637,383.52321928202826,537.3568485078465,33.74341764214507,63.42909860002923,989.3077023996108,59.70771319347462
196.8213179837263,271.89033260215206,678.5662006832647,27.06289278686817,42.86797511522232,1023.0106697393383,41.20399754490694
872.6754549100559,201.7184052645149,461.25727735465716,26.20832242604258,59.98704309498621,997.2567172107151,50.68210689942341
335.711097019714,125.0187043003204,404.742279357889,22.771347818022925,46.97463423152766,1020.3958123318562,30.01158521391659
119.21031168437102,339.24339964690745,140.15930513393508,43.90470786821247,38.345025140213735,983.8465410241431,19.359983545295755
774.465648143613,325.57684946167444,679.6093348581119,31.268028595494062,38.601729434071075,1019.8870874506188,60.1856483224831
103.93502683329015,395.28889488111065,357.15906193697776,32.55584204631033,48.34830882878186,1007.5584934397345,29.263080128911135
190.21990706332872,601.2240201048927,306.8235647533452,20.22763586335882,63.93598269766601,991.7043300593351,36.01626040518045
660.5823962144952,487.2955881009822,169.09282172396865,26.44868904642976,41.294879655160614,1017.4727172407697,41.20005239842307
591.4701048313841,552.680199357626,367.264814306871,31.498498851970346,72.65159584575167,1000.3837056705535,49.01510169794514
854.0076538422018,172.58439877791585,641.3084547897706,33.70563739646094,57.62666444287542,1001.5715730248395,56.450099770194356
481.14396249043745,429.4890308558899,190.69409583517194,27.164993661088836,59.39088723261815,1006.9927141474974,34.946753633796696
200.80568873931492,181.9192484094358,151.73518247445674,39.23288694618145,50.65082022830805,995.7072452231348,17.55115541344079
276.8297487489144,209.0957678601274,265.1153150159269,42.3034504518576,60.489437779143884,997.6225180785914,25.182378098908334
837.3704010560162,134.00121394981724,360.3187165940507,41.88247228247061,30.729481214431036,986.4286567345684,43.553897113937026
243.119608514621,403.6289099055273,177.6563735364989,41.50496990332191,47.44188928774046,1004.3231647463042,26.508710494064406
171.92138993308666,798.786051418005,590.3640473493876,43.24671757157624,81.42607079737986,1001.3784025379395,52.73578513450825
856.8205661171837,629.0139834519873,637.1185656481786,31.860845803897153,38.4469818577878,1021.885802033264,70.05977911300228
141.87524438620437,344.51382355930787,702.7340235223688,42.22835143413824,35.69726718612039,987.7358443538634,42.70103297926012
537.2152741302876,503.51687314446883,690.3775704368976,31.633867291100493,64.22336993338237,992.7267794868983,58.8370672357186
293.8540064775215,521.8126231433332,674.874437217901,24.10142142901379,41.852787933806496,1017.2344078815502,51.46497637734168
214.33078063937955,221.5996052035945,321.29462332573314,40.085217640945075,70.80012050333045,1021.6934737354125,25.929696508318546
777.4886795969331,365.5043542991811,615.3891901114479,43.43879714390891,73.64413582741213,1004.7986783004657,58.905358621341335
622.6332556882655,73.89283197049983,280.64931977387766,20.23375496843895,73.15166518127035,981.6864180003873,32.12175542071807
847.757178736069,788.3466143788277,472.0694622840298,40.70551817669909,82.01303073322865,1007.8755404594842,67.96589228480809
789.377007889031,115.17986794467501,266.1981801505961,25.068534010391343,79.39765832302729,1020.7511103697918,37.78463348103502
400.8852090124255,171.90803979015345,832.2019738276531,37.53831349393505,83.69105253658168,999.4990910762841,50.471876417183495
246.15300416895715,291.2579860524288,823.185726305882,31.839372577513224,30.24527761131425,989.5743898465628,49.04975875887686
451.3612365020391,425.335938843174,679.4802842854497,37.132002049304916,89.719341443161,997.634275263148,53.480126631774375
161.96131666361123,116.22567295364917,752.9759520599293,33.072571580824594,46.28171307635985,998.5390803473101,38.464647770914986
231.34500254074686,154.38419818147074,455.1305593633141,24.269616320746945,88.31934095727807,989.0669797182393,29.77709839619909
878.4950551363443,538.928276057951,343.9697270467338,41.67582968611693,89.26263595713903,998.2800914034212,56.281489017698206
569.8772589315802,105.67226914760664,497.3432218193794,24.494384536002848,37.94409086298711,995.4262424777069,40.160214715150786
127.2343221484646,313.80425325904656,590.0717977078963,41.67935434897552,61.252006947859044,1019.7163918418345,36.834029170541186
844.9467520721516,382.70450162037355,181.38233827402007,37.92164292178641,48.30470544564541,984.2919747070749,44.08483114173656
136.03739234521584,115.75269646794352,515.9759637810213,20.221984902946375,77.39265939243901,1013.1429824699281,28.192741215635635
150.62242870348524,409.10260775347024,481.45929010316155,33.55979216705799,55.691389278451425,989.0987193004415,36.05012269783513
441.21199599739913,704.0444227107181,445.4626832726144,24.238291292071636,70.5197243204594,980.2714732065775,52.17619989214809
605.5752670348127,53.71450896966388,725.9355084911949,34.56665423334968,56.85216700071749,1004.2065495197282,48.816113619782094
164.94745837753254,657.6317632385029,752.7753562345396,39.110333930654875,86.96526763861924,1005.8514969676278,54.78839089786264
217.55792968101719,286.6944229618824,714.0716581708502,41.00153009629106,54.840231829194636,1006.6582025003897,43.690436906121
404.0855609344004,505.121270384159,548.626698824765,43.473041124564304,33.61862974916131,1028.6413183702912,49.22127289254738
208.8309984524722,408.37814314197004,613.3832082211446,24.011001818796775,53.11577754826296,1016.387287256571,43.05160257667906
733.761477837683,550.9894148235022,275.5495645514209,38.72034053482305,89.05758576922625,983.7539471219717,49.564509361892384
314.61191857711714,495.5909752515679,557.7305324353758,39.577514666658644,64.2652044765965,988.0766511946964,46.61530811227559
761.5377542370669,634.2800832368265,491.0587872766653,24.271655931040186,77.3959073621017,995.5206927454449,61.51688661528342
435.16691755127255,666.6421121324777,488.46453465562166,20.983476729631626,40.61537910735571,984.0831161515208,52.59285227673738
187.640198398056,273.948107453787,82.33312677250733,23.196032065110803,83.06972124702268,985.0716708758158,17.14097424645558
492.53939487624524,638.9485471627742,441.72460830544287,21.41693195818465,64.91417700130634,1026.2658057956064,51.6136225933883
677.4093983436145,556.3401346357416,823.9364440581377,33.26981021873886,39.515173283494235,989.3618741278331,69.9699437517062
226.5068461426366,549.0144534205858,468.4319580124531,35.246845923486745,68.76128444545691,1017.2481186935512,42.002917307394796
271.91415691618374,599.3349065240479,803.9448977643835,25.6990458601966,51.5493432859183,984.6177887786544,58.29526781378229
326.85110067812656,75.89987463202964,820.2033171922144,28.082925778794618,80.00624662992686,987.3442730104525,44.89066194699326
889.4216776685427,60.28842634027552,754.131503207444,26.67701056461114,83.4146861735071,981.6533847660874,58.656563248562314
152.22039030056055,214.59812343436712,111.45296857513281,22.63936379838071,30.834184997790654,1008.0639055211079,15.462674155053142
799.5995472413425,720.2635613664336,267.9926197117769,31.974053333366896,36.97653708603635,1013.0043425514655,56.31559804670436
674.4191131400866,572.552103689615,801.8732773368624,36.930509758087695,77.45935224554376,1000.1494617129558,69.48406759836554
127.44750731567116,96.28722044964354,686.4013541093958,37.578985082050956,82.83729171566073,1022.6765185248831,34.16809599733527
640.6189639347089,796.3267764174813,503.4686434063825,39.463550285909704,31.795488742745096,996.5331269221942,63.24711794682101
270.37859254926923,397.179367137782,271.3870962423056,22.540041545481166,32.76727011247169,998.3115947155039,30.88222264030376
177.40228164371592,307.9385553564718,788.7589484085648,22.114270971940876,51.62518105471454,991.8241100906154,46.110583046348225
761.5080437678573,227.837205327383,172.02088556297477,40.55289253934674,35.23653625771726,1024.2667405367056,36.5611928953762
888.2691870536099,261.9114346907106,327.5149013975095,38.62433425959526,87.09498618847311,1020.0657435995118,47.60601470823
819.2888091864512,460.9029740029529,455.5132559122416,32.615821205458786,43.24960216224098,1029.1953575675623,56.62628373217179
384.0907863736705,216.92263931304393,133.8109699494906,37.38434642635956,58.96286447910292,1016.9177128808802,23.382841568581057
285.2004084507705,241.64945486884798,132.53924953721895,32.76422988604771,74.20310435912529,1025.3692259155282,21.10706588107731
808.323111540158,667.5602013731996,360.8751721784108,43.93516538276066,48.68969514416385,1020.2882825565225,58.71150627453716
799.1913697634112,640.2272238184953,758.210754348398,22.894659564894873,56.36269941433871,1002.186461250154,73.51098798139313
599.8392817918377,361.4672194618955,768.8515674202633,21.595610058074353,38.788505236816114,991.0253104337586,59.59325773442254
127.10980003257788,707.8383213699583,467.92873592017656,27.704842115416543,43.814081196284064,1014.9171321944272,43.76559307888315
711.1294976858584,737.0282917250563,721.1394315810766,24.171330646450244,79.52806196136515,983.9380543235861,72.2903109455705
705.047677654973,600.5561980713784,759.7657552279928,21.027185595370888,52.564871097811206,982.878898315192,69.55874648091024
255.2597883662939,605.6739740092283,792.0567749671023,20.772154709819343,60.03091096857505,1027.584908264962,57.51028386994976
772.2769694237519,715.8660312069271,104.65043211143052,33.1461511048238,36.453584800723554,994.5068282437303,48.830307303377595
825.2501176359838,766.8489311478811,639.7992433102032,40.097896276831406,74.69937120381877,1018.2135614632892,73.35494119592407
847.3197235847323,425.9049644117868,546.363907569033,22.905925323346437,78.99404472108382,986.0827900035724,60.05129694265689
440.02367602682864,119.8284698406929,580.0811016925087,33.571907760195906,81.66813326802388,980.6709442541702,39.99880844372599
898.9094639708778,759.1580190881365,268.637117378841,27.714715626414684,72.8520109642142,996.8268738468314,60.48750918692407
496.38290357234365,262.44361891925973,261.1299433365921,27.079529849622364,75.69623182565081,1016.67192958699,33.20999340821179
871.4692710808978,186.43715396164507,415.6446516591582,43.900849245472045,53.4501813285118,998.1587932763748,48.36297881764262
588.3735315955669,228.46185225065292,129.40971390235185,39.95680990206037,55.58845121474994,1017.2445119889586,29.68145007148067
148.12565729613505,741.476894686335,187.84722565576686,33.89316736099977,60.024253007071046,1013.6092579513843,34.20196558570477
668.5926034691807,496.12951234755735,404.93230723423693,35.98749354217315,73.78170654776571,982.320710206197,51.138955763871614
629.9553317416871,394.4634937996478,384.05752895734986,33.637504408507,62.97194005349019,987.1886537459372,46.09486592453404
519.3271028412634,705.5846717296865,396.8343551493001,23.419830576041512,73.39947500349136,1001.4371439581882,52.6207274431005
652.834815592853,792.1008997772648,754.8656842322565,42.806056684543165,87.25372725137407,998.5529510052133,73.54269883039379
305.9361721739765,618.8110481929788,634.9840073951999,42.095553401256424,87.4939675223906,981.512306533801,53.14177690681665
228.08891320913904,139.26919619803107,489.9080510471514,39.01517961923267,81.34784793143305,1022.5705984787247,30.617065324101162
529.3518311990487,610.5015245429076,392.47529510781993,31.579358679873124,35.98807613374662,1007.3814634736652,49.89461247657149
391.79932062259974,416.50176364972134,446.0385539290747,27.599625544739425,36.69302209660402,1024.4335779663274,42.09057468533261
129.29600398204232,517.6841752089321,294.230945689538,31.18058800489265,56.71069381837847,1002.8963703132792,31.178643203310752
620.7088791260854,497.5428527508197,625.6180074958484,22.97880137262807,51.19513016421044,982.1538039287682,58.57227225614109
613.074872238478,259.82260773448934,509.14714349065565,39.63958893776088,51.27099717814483,1027.613017113796,46.552810138815246
542.7549636072113,74.09623098151262,289.7362044489831,34.245678287498066,84.54871580197224,987.2845614787326,30.094984015621037
639.431270290436,367.5676493623028,808.2512896253797,23.325263045815483,68.74712197286753,994.2123764081687,62.54001917459734
267.8830822091004,186.81599434741818,394.89475930251825,39.89261496601948,32.90141921832995,1027.606215792755,29.43676266879629
189.30739058698674,221.5131394216738,761.3731977186582,20.375131297443644,84.70369624319245,1007.7765157597092,42.77954380900614
238.31297677820348,541.7610095248762,387.89107950135093,39.71336067892236,81.9527127935303,1014.1728296192563,38.917862769146424
697.2099435253348,694.9934336158942,820.9687217607119,27.691166426752606,54.66769947450263,982.1339184683815,74.60485018466535
179.38113328061053,253.3982906486949,280.8815719140117,42.99023354863063,44.87795165353617,1016.6522238674687,24.218645594439632
258.64703839963215,799.5698927873143,511.82920904246765,40.74924323168726,86.79092180336642,1013.0253936296234,52.21967629730709
524.262172565705,373.2936921380934,331.7098072002315,25.141015809825767,66.64211949393385,1024.4096432598576,40.19506822912321
609.5615074252789,796.2538406079518,221.06578667200748,29.888967165471108,68.07140842417672,1020.402471217022,51.01709190787723
895.0556750511786,616.547817085069,833.0736326071549,42.04801568517365,37.95401047341661,1023.8790328893947,78.67105006837363
593.2518526513752,84.71022087529445,302.4716991536146,31.478403015780966,41.60487180977416,998.6289773734951,32.43773017194468
532.9888776818298,442.85278816772905,288.99555999198265,34.650742814327856,53.69598348057113,981.4565178280119,40.835072375166064
704.5143187486807,641.8042172356103,744.1770959688231,38.52709283166925,71.9056391600572,986.2146371206383,70.15663991828166
828.6341732668253,699.3560711225422,714.8469930808999,25.797077453987757,57.788344598308754,996.6544509561546,74.43358705491701
369.3035902527831,741.1350029492339,135.0790398199118,24.456069971657364,48.06819311710628,989.867582748366,38.71631938885698
161.36718753725648,215.29297634408832,613.3451879067725,43.41322525139208,64.1022595139004,1017.3420637807544,35.83361243271124
798.6057522752844,724.4799033012562,558.0270985771713,41.213552073710694,33.05981053388652,980.6178382614153,68.01365361038307
366.5774769091668,628.4831452310832,392.61181255369564,23.247429379268237,43.88716469026787,1029.4929770323688,45.55629116635532
553.0812534051936,567.5694034179951,436.79287125079884,36.050734540756395,77.46063977255665,1005.4393344769055,51.09123455472761
314.821826873643,605.6733938411405,701.7914127528828,39.935057749620746,79.69774455010025,1013.59375654046,55.68651313155882
230.70552988457936,596.396366304606,444.1256228796465,44.10465455634361,31.09183989093362,993.9995072784571,42.578081800861426
424.7147862434367,646.7170216731676,811.79235617882,31.325258926072873,33.380412940303316,993.291376874477,64.61464848465093
268.0144062089581,552.4203075737722,620.1084601798829,25.88594827435693,56.77919975496815,994.6257306732076,49.417379820677226
333.8691072191532,696.9585250383014,839.5020002695994,20.60585413081222,67.51253933540085,986.6336667844973,64.50490897850761
522.4325760526481,638.7133984271226,338.84264453934503,29.768379024995674,89.79439979396437,1019.2827265237863,48.38808501596692
632.8246453227283,499.1893519581734,820.0961241346492,28.58838377376253,51.71567608416928,996.2771037305649,66.76426488381303
806.6991656440638,197.88654140417123,807.0910617130628,36.82591764281479,41.018187064397246,1003.1295277819169,62.42121367996956
715.7521933172441,607.3912224573819,734.6071550193483,31.534418410313044,65.95953546093874,986.2684453787105,69.0785886740127
819.1443458583823,243.21313915995052,155.36718569536217,27.504970406262952,82.77739427905276,999.010838093693,38.08541197836446
344.1001155350861,295.91468832201224,552.0284444728447,34.65669709117068,76.31372059894724,1016.2623345251056,41.28158189462674
847.1536569265425,105.04370664060298,563.3822307175121,37.755750944415745,71.60031802248767,1001.9579704940036,51.10121013571485
701.5542181975566,594.2979408467764,648.041252738197,28.83480468410943,65.92880013268032,1010.0349590500646,64.79721488085787
647.5496291790294,347.79524125093263,319.9634301035271,43.18994313090278,65.72918847719245,1001.052527049345,42.658883317039944
655.5864469284015,256.7046773018932,556.431317360746,23.68897893319652,52.689518560444824,981.4975467978337,49.62598642133868
131.00454065468776,629.377298892661,550.0403557467575,35.6528956543703,79.17095151877984,1012.103824538102,44.81306941629076
739.236742865642,56.26031298782312,308.27195332600735,31.690551760093918,58.64435948740231,1004.0038482514963,36.19578980864424
699.9272921836633,719.208820068524,816.3825303444266,38.05752189420296,75.04845227199365,1015.0903523771016,75.22938458134269
284.4307543955588,698.8113704582961,802.1685760843216,28.022128859756826,87.42479869987739,1009.3571821780257,61.5840067889885
461.30323518087215,644.5500412995582,728.1585047732285,43.31317274694853,45.8390860137199,1011.1643528378892,62.30193848534204
844.2719026493197,54.71698767965936,216.00126927678363,42.74584768474102,55.55906408446735,994.7137368780444,35.609717480940716
848.6197163434375,271.97965326094976,517.3183291571975,34.04645407944466,52.51857102292182,1025.0541045365305,54.31071425441951
166.7526875892433,762.7384858542749,120.31961070524366,27.67353145740669,44.09610682969916,996.8341053849972,32.69751963151529
870.6555508036598,777.6454921605543,551.4187733347851,35.467058330195876,43.77780390574411,1006.7348020781137,71.50578222231783
170.89516806335254,570.1987709829724,82.80855346924314,25.456829017595187,51.35407571086191,994.6143887411353,25.545160310159474
724.0719946489814,568.9550131889939,454.70228212438207,22.933342348428017,46.003056297277354,1019.3832039558472,56.97890152011455
154.92306043788096,190.48334627135782,528.0919542930285,37.86095355726404,82.22792989543004,1027.2010750276245,31.4858703729983
521.1949961378234,705.4349550183543,264.55873629261157,35.54622790119152,78.05672705071967,1017.9814932582512,47.381247986389795
834.9294733731509,327.39011511490145,504.52904104804264,25.028196229375055,35.474540484053655,988.4119979246228,55.050749296563275
742.190809490665,558.4114446753779,590.5911793177227,21.29303427904742,54.54576524617357,1005.6757929247419,62.64171479769019
718.1783460128447,438.5084335395348,675.1577766183641,26.231330862870273,85.1037809928722,1013.049794031789,61.706914451305956
796.4756703572655,797.9841023449267,767.9303411355982,26.579549089045322,70.23981038268136,999.450808308899,78.55100682648968
209.55894673513828,442.55687517702586,214.14781770214793,25.726831887787924,41.31822169996163,1027.6651241315176,28.12938736545084
324.007209123234,580.2374276051531,81.70737998823535,22.712181474210922,77.05855289244931,1021.927750145461,30.39563430138103
432.02975212020453,506.6485379232903,512.4114011431775,31.18827308097881,36.164529616272304,1019.5110275507984,48.65680474703195
650.7598280671147,763.4055165162188,794.7281135337986,42.914642355500845,61.380783842487084,1029.2909274311673,74.21408487885195
770.7154294277825,166.14442262160964,599.2543920652386,35.265940015970926,62.63053455996855,1026.2790522018738,52.075971244091306
410.41476459387826,743.5884766325911,776.8307570751862,37.72023642802365,53.05940819436493,1009.181749791017,65.69332751980153
838.1615728935496,437.45723788975306,167.67632687758993,33.47312884255554,32.971160552761944,1017.9076426787148,44.97561739860267
440.54761861146386,595.3890498735491,441.54729406196617,26.33204342372082,34.355433149655376,1024.7310031394,48.739991817029036
337.6357818639805,190.83973524970463,668.2006828504382,43.87687643126014,55.733453427128,1020.5381303985882,42.58229282742808
189.48905903616787,798.546016168993,508.48729208862073,34.44370320229528,74.77378780492367,1025.1869584297772,49.98054393969966
607.7969156227493,301.9128936577566,93.16262921317914,31.68844407076615,76.74231319491325,1015.4279861868066,31.01779944694234
503.64166317462684,351.06708761630665,649.2790284767073,39.110912376748914,72.59722080881019,1013.7932123813524,51.61242366279629
297.5309008971637,79.33006943854613,204.3704717216985,21.163191618180846,52.98667143276501,983.6579415184917,19.480647978939235
579.0424006408481,689.3663567554701,607.3069361218844,31.376894171063874,69.66690117412031,1013.2330541595272,62.34454016676492
521.0186253354154,772.9164693916047,773.5871533344715,24.54682634336791,48.73552288696832,1013.4467736164896,69.76153897518945
783.889626965495,409.32524642693215,553.5033390236142,37.24661264134901,71.98280327406505,985.3930078774767,57.936579762717386
611.874376584319,464.8303500016504,649.4167339895389,43.27235130687899,45.01113834012813,995.8254825630594,58.277811157160635
808.9701056653653,570.8836304682488,626.7385533998603,27.203927884200354,42.402267076227886,1010.1131500461761,66.46515422000283
102.28719654049368,475.96915828214475,128.0868764101636,37.356449914413204,44.67188339846048,986.6211384503367,22.4711657010857
316.9661292976384,526.0444641455147,358.33812930374575,35.50622901695081,45.87149109191651,1010.9833863136554,39.62384297544442
713.6947308545369,642.2605194169157,525.6781297723428,33.561450098782444,40.63663174481583,994.215454249584,61.705782699037286
160.00855955914687,419.5375025291977,687.4325759498448,21.85036693977853,55.913891630759764,986.84826644669,44.88368490064413
665.3032189897829,119.42894301266847,692.7001293422146,21.043255505181843,64.52593928624356,991.7564754732146,51.24997003376213
689.0068492995492,577.8901319279979,206.77716394238433,42.73976933652983,61.10948514843509,990.4390013205903,46.27799599452179
377.230123763376,316.4752650121088,257.9832120648682,28.04303288646365,75.08527868016124,1013.7968915663214,31.130490145859273
405.5912890502536,439.8506579959327,95.3137552830329,36.58294307754472,74.44141165530979,1012.580768714947,29.175808622706903
689.7689659835775,382.7966577890038,216.46865461116226,38.144643816475515,66.99128671024039,993.6001036986725,40.83571489762393
885.651144346606,757.511348010981,486.3483054628015,36.71839576155302,30.09316415440502,989.7445935938672,68.74880698923967
725.3999976123641,88.77936071830118,834.1756524848248,43.00524791511485,56.52393908040563,993.0580095308751,57.792406849312954
336.725416474434,648.0756290854183,505.71086410705306,44.96839988588529,34.781423702174585,1004.9916171630864,49.77246593107769
793.0295123130688,78.0505324267058,369.09040328125207,25.9952649654636,46.38396575153918,991.689273631656,40.89601747344332
542.5134310682323,431.917704011087,133.74260961567978,28.641241428269872,86.4581734693539,1009.9189446786363,34.582638437006764
503.5702641524956,408.2322513672724,325.0248572337855,26.826368612395314,59.881803084869325,1021.8620688505739,40.35506975494446
227.07181501879896,602.6684133925461,101.67418732737669,36.175219111685365,87.13793264999828,1011.111257621737,28.959174345435418
342.45930128016767,790.4112592143479,627.6457899327783,23.312806669079897,75.63806853657935,1027.5103732836626,59.0919484121466
365.82324010711164,275.9282941632366,499.48067688224575,42.584814946776945,47.319116586563894,986.9976189009399,39.23177310340027
826.685695283432,551.705532703988,559.3385233078125,21.948664127313606,73.50186488339295,1025.83435448757,63.7252777719351
826.5908153954535,587.4169435059263,308.9322214970226,28.234393902405795,64.27481196898287,1020.1325309038431,54.77752162692231
350.0096878018428,532.1475514620417,243.56604660168898,36.501335963750094,55.06564320131734,1029.6713138183077,36.20735904198409
850.3286820569269,438.4373971040315,648.7709021600381,27.493464220050264,37.91983074965985,1008.4117375381467,64.61381846123028
832.1504327286494,188.80051684121761,432.5020627730606,22.729235477977586,68.22259651520496,1004.6537061175183,47.928610998018435
848.7126004587589,591.5917068773275,303.87717635958325,33.879792270098655,65.85011713700092,1014.7552520160949,55.364216274465925
788.3038940208236,412.8995726813624,315.97447349592665,22.493332645336015,87.10278422632967,1006.4089452362045,48.67508294090264
305.2706882407305,374.7176445222452,834.2561968224855,33.856838087069235,38.68796202851598,1002.9580353673549,53.7698978557887
536.5156518771846,498.1547960881761,145.15174940876682,20.011290303976878,45.50356111806616,987.836322427639,36.8461834153115
619.3158969153798,720.2868440857626,306.38401835626604,22.439288850257164,77.27916563239552,1009.4328496778168,52.443442964284905
375.05403492154494,414.01430181355823,629.2967358248204,23.505107313198902,80.03635467140903,1011.7896309481218,48.84391953504591
768.7431689325325,325.52150851927126,110.6279950073399,29.920164522170854,37.0927671271808,991.0359909854699,37.2530601238477
527.9946525153442,313.1371871717823,107.25533155768335,40.72643937764917,67.45894150904522,983.1994701258327,29.524168452921128
649.5624410276246,785.7159059393717,761.2720039476025,36.16093123444294,63.15522291699805,1006.2573806642255,73.509230566914
423.62289609131744,515.354550691744,625.2374046021151,24.53805516562213,44.621007084289964,1019.8929907723286,53.17881958757645
671.0803173137851,215.81917624906706,125.17016141377854,34.41282214373213,83.55035590449496,996.0772894112318,31.613791263436706
701.4759045250062,101.72218303531977,350.9344608641883,39.196882032389695,35.87815483660348,1002.7045814403072,38.133321061377316
550.8128974554156,63.28913988150796,220.0420209017898,20.454517850949983,68.12043590134515,1005.5407887725311,27.224741956179297
499.17682960240865,606.9380448125448,467.8146737287823,38.84402921776851,44.08750903170435,1002.9528765126577,51.89603318159989
346.0739411094088,479.3528096253508,521.1311838097131,23.715453665648745,68.68563721313555,988.8442819760475,45.60804987443131
427.91025334268136,738.7345205957748,786.5819723891296,27.180839016769518,68.0606118090491,1012.4226458027631,66.46262211371888
596.7531968375606,605.4775429222925,722.4014781311242,34.494301453507624,84.87402923648364,1028.9973374090978,64.96298131804056
885.0104133620414,285.4914500655949,799.2015239811195,24.695327234016055,55.33040307591636,1019.9209538527967,67.08311686207387
255.00398423486166,595.2711850401475,618.7274840508733,37.60601664400822,75.2291582902679,1001.6610948131388,50.25735444028521
210.19038423713897,533.6715642287652,777.8638810063342,21.090823143968596,75.41084528498361,1026.3841912176829,53.430413694230495
549.1340860091292,102.87687960168847,824.7373862187562,38.32040559041825,55.879122832083155,989.5609527695735,52.549824417074774
528.1769195304028,209.57346129879812,471.07737009520247,44.944249594769296,37.60466285928835,1008.1969146003287,40.97560622868413
140.02246420953446,445.5221472282908,639.4361489911028,38.763340245653225,58.67143912904393,993.3962563478023,43.143784302778876
479.44986366767336,369.1059938658455,686.0083222902601,35.39313019620854,60.20698084668901,1019.6117674933349,52.897008617615974
116.39697738829523,378.4015835759525,129.40948032363465,40.96213400675047,55.7082548632859,1001.4701166411568,20.020336041872817
267.78292540226425,633.322428922273,310.23334194821877,42.471483139797655,39.843415716694906,1022.5862606520409,39.442494307664866
116.07805805650679,101.41886444672039,431.81015144062013,34.29298085791574,84.81582168686393,984.8368740635541,23.79731373272162
606.4454349442269,456.62763017064424,621.382873959808,24.026299741678937,64.30950680893739,999.6690656458276,56.74750691183846
521.4513334540784,120.62625208371092,426.83974066427237,30.86277986276282,53.95598927625935,1026.776412507885,36.33591719270457
453.96846848471523,199.15415657128057,841.2668013932765,40.89270027515789,75.02400291459429,1011.5440225427653,53.24435080741093
351.60006776927025,656.7043734615859,748.9314539928698,41.48591386915234,53.25585434747095,1011.3066281429075,60.20639139664047
784.8615790823968,735.633363060536,399.62167077198603,21.542147425976882,58.970189775399014,990.9983432937705,61.599715095167426
631.9125207546779,81.61393014578073,804.7931177161718,21.393867753669507,65.60304123378648,1011.338857922063,53.59751823566063
500.0781131714474,281.8480227117017,297.5081842784357,23.939735109521397,71.0594232205832,1024.7705872538752,35.35811144763189
263.24138809928024,668.44408988155,233.570323258795,26.119789387528755,82.49678350638999,1019.8593653426276,37.293377269776705
235.6373089597131,764.4854415711034,848.2867222481946,22.651210961384905,81.76189976989866,981.2079095883115,63.935151405852274
456.1203573033021,522.1487018289271,597.388480285915,30.511293287103666,40.437581353912606,1011.1101632142501,53.24361098540347
557.3821404036792,740.9882241312073,85.1190920669256,24.261783398477046,71.92175478522762,1026.2555365965,42.35587461872362
554.0819648302675,104.40669581327069,545.2812680394215,35.32888290090978,39.38369250087792,1019.5211329443998,41.56591054088301
371.2605836518403,645.529448069372,848.5804361024836,24.03354673295125,50.074615335216336,992.988968030519,64.44691839573572
657.7210279631499,504.09691821734873,201.91436111720165,20.72325678693366,48.62948031828208,1010.1720168042594,42.93111283010302
189.15522214245738,154.16011072415,138.28080572696484,36.97293489357971,71.93755467339017,1004.367236094651,15.830692215076814
461.4119176377187,786.6287444686802,528.2715632419233,21.91774961048615,84.37435790991586,1004.0203568053083,58.5720823928689
325.440299255485,212.12794925997437,258.446119397797,44.545384994816764,70.33070825110838,984.5003143973953,26.46489223137566
592.629179358677,713.3350100697443,388.35215038910826,31.518031869744256,89.88952358446222,1026.5867206460687,54.71301169841697
791.7527391480326,682.2853153868333,103.78304857949648,30.217381856214224,75.12643287963763,1012.5359005070871,48.37246357922584
769.3676364606133,745.3220883257238,102.27765322897464,41.03265845288547,33.77855638502242,984.7089895876787,49.531797872749095
845.07778981715,520.7176534292864,570.2207210101722,22.6124804083129,31.447508688804653,1013.2163437386367,63.78269213779997
174.24343035612998,202.4305130776909,673.2393680438449,26.97099070950581,57.32763132305906,994.8543675508913,38.229793024768426
141.86799494613388,194.41858557501874,564.6472920162605,41.01521402179367,86.80524582830722,982.6437570632318,32.674489096285
857.550163754676,729.7360377753395,348.2425053611865,42.36140078599798,60.82649104942037,1017.9101732687994,61.54828626034792
380.69105465168025,589.0579877133554,299.5982665900556,42.67639508615348,71.6239539725545,1004.186645658593,41.07640193455329
628.1173176999871,102.01274579322704,520.8934590703125,37.019720236846446,67.3110172845756,999.787947984579,42.73964026760892
884.3130105845746,555.2893842111678,369.48154738602904,43.31205582133882,64.4618117794231,1001.0534685447105,57.967333739313425
311.05582318302066,744.8324390711753,605.572129702282,43.068818399856745,74.86862731025215,989.5661060406161,55.899533055717164
677.8605706081563,587.5901042461754,832.7449730500497,28.285281065998916,80.72606819885829,984.093193344435,71.27331916763194
656.017364078252,796.8893394080224,787.5649596005429,38.82772172922294,51.315042498446005,1018.6412863930914,75.08979948860994
197.12238628811917,293.86155038599503,169.97728167192452,34.74424999788131,62.39426089910258,1027.2661750309871,21.528609367100408
698.8660943743329,195.62782200071646,810.0546728018646,44.07461919550265,41.37380100538284,1020.2444327120161,59.237004403326054
571.4613627975896,286.7584524752263,489.63464797508243,24.005080387360586,35.632586801526195,1027.2496779932474,45.331980377187776
313.30038140242385,196.11803306022105,174.4710645102844,42.56850802062892,72.26744258011308,1005.6918063611579,22.261395014290724
828.8746949846045,696.5957546620556,237.2510279856407,37.629555001287265,48.72674256884711,984.8576818573905,55.254154608825424
192.5265807970291,170.83422462308556,465.09566003281697,43.897853073924125,70.46927166726738,987.0325940819665,29.50465056391612
279.15512562695517,156.92194634256705,703.5944527301608,43.48832006399608,38.383390093826904,1012.6178208181965,41.2260902682921
204.62606999499488,387.68248275023893,711.6484036776825,36.53892799148261,64.90557170312614,1025.0295158073873,46.235192729464316
517.4020231398824,269.7200450516492,782.0743420626312,34.875411236540806,38.33571516628412,1022.5381128677471,54.896635728251205
754.1240243964639,534.0479948085238,275.2168693706759,31.89665758267447,81.74238931386472,991.2266200857704,49.65383535097667
703.9432042636023,414.6278596442093,617.2147675862155,44.39091493987592,37.86475344859581,1016.8181515815817,58.24572262068297
748.6232208908193,655.8212450418226,630.7244731590124,44.903356580552895,88.38016393349147,1013.5564622664359,67.36231290433976
175.23556264599796,631.0696851215597,87.08073394847514,35.139907899135295,61.50712262100543,995.5589347934514,27.67238679096573
105.55390697958238,175.2587927898728,712.562539192453,34.513486402004375,74.24942965619123,1005.0501306022785,36.92688256078178
694.8159745789974,89.98337210680916,186.30101914175344,22.291797497861097,44.4041340767308,1000.1710039934267,30.996021166244333
602.9074065058577,376.78534702221594,550.9231570145887,40.147969345769894,37.039878114298105,1014.8324420211557,51.42770888642576
770.847623738283,69.26986064765951,112.96510598267501,33.99501947941677,37.12145835683968,991.6582495167888,29.722128770885273
287.7225395685715,284.3177674317615,169.61686216455848,24.856992893473564,53.68446496249618,1029.099727281805,23.94588369659233
871.0714878276672,93.60673941470017,172.93563709076898,25.350592387516695,33.532320069487724,1020.1048537222013,35.85777230090177
459.30376950007565,220.7346159918523,730.9189070634131,23.959191157615184,35.03505698512731,1019.1237360873014,49.637907847294365
278.40854692908533,240.75273283190882,749.9558867624694,40.43786457384185,70.61746801658984,994.2477355986849,45.5730738633286
848.4827496889488,548.1012288428217,501.801165614582,32.005689548815845,38.886965966637455,984.4513234958582,61.96956598053639
683.5842294452218,193.78019630682914,514.4694833482234,21.23494784178908,36.106887914493015,1002.5174011026695,46.89971210649047
194.6628859605176,726.1636565897161,86.13459791611464,26.41930588606253,84.10309978080426,1024.918210250168,31.070180193151593
233.28994433017067,68.56136222968024,192.1387704510858,38.84240140009058,78.73413074086459,981.3525438976935,16.741090014838964
723.0325809226297,157.39249201369233,142.50098863486545,22.151482074633176,82.79749053282654,1026.643862647048,32.11279173348428
335.6773474951526,742.2909916541072,515.4337207153588,30.19229913194218,43.91158677161769,1008.5380624352929,52.956399003092145
128.75600595343428,452.37268262456126,208.26942553680627,29.629483534352683,52.80662233363919,997.118986944998,25.764637678812118
720.9900745917259,721.9489207865639,319.8561187742141,25.27863942911813,54.49781939509792,992.0835709115973,56.08241461231726
324.21245337578614,435.8656159335906,134.7143882288709,27.857349800139843,64.81818971322359,1018.9069069444497,28.190917608436138
305.6445185624119,709.7043442214906,641.0566302986225,34.85358149970677,49.595730845250664,1026.807653182407,56.10273109546198
749.8763273986544,694.1723356110655,286.0026704005755,42.73315281870008,36.49684794566755,984.9977335137806,54.76156670631461
345.7044752716829,432.65438433332486,332.98585560660706,28.58115707683225,60.71384428260018,985.2184851413822,36.67020001241451
247.16839154889678,364.80094370272275,313.84064925285156,31.88753877521131,64.94758013753446,1002.5003639317281,30.912706027662647
879.6334837783623,500.1345499673357,457.6775391614222,24.507765953348255,60.965929490208076,1026.5638141994084,59.70014257882783
898.1171068811427,131.35544285828652,231.22757606748135,33.111572391421504,64.27282245379453,984.2799680835533,40.13327953488213
446.7566603342149,674.850386671022,371.67295552377533,38.22615805946762,39.222147414934,1022.7234978618544,48.51512963110812
385.58142050986453,78.38065238761234,338.5557888459494,34.27854033000823,58.47838323258951,1017.7671898104405,27.461093740762283
766.947809335243,393.53477192437714,600.3597216271954,22.029411303957115,34.345082807930964,1020.2600815363844,58.82886630287642
528.146970106746,523.5206152898352,571.4558230062338,31.94724192146881,56.17452522814689,1007.3718009216759,54.40826048214679
275.13164257653307,754.5559538520702,420.2413642946355,40.13505238163333,75.66256166808652,1027.929123103678,47.70028246464352
690.416047248629,241.34250925168186,703.8473416959986,23.832573698711403,73.18368815287432,985.8580685134683,56.106650362849265
356.26406367997123,341.14854163491987,273.4235796997741,27.588498678435705,67.31149175847739,1011.7328645063858,31.859321347437696
345.3509998701494,408.0811845720061,167.62080394208607,21.97141352115988,40.889202059875316,1017.5344116390587,29.30779769094811
366.8303164108532,122.22152793664105,524.3162969390253,20.58581742980409,38.96417094722214,998.7738853529232,35.64420720798584
749.1086755789484,280.3096873462421,374.96212971331636,43.71809703612951,66.44538342794151,1002.5461252019082,45.88103607628837
368.5681277767862,80.35193461833843,306.466508821431,26.05382652517572,49.50993665839524,1005.8106559667801,25.72626222471098
213.56133089405392,414.16732455351155,644.0791704672542,24.13175140675705,65.08198558183952,1018.4944364094442,44.595026482117134
235.6546545841294,397.8136712271623,124.18575427223206,25.526027074866157,43.88676702597708,1007.5871242372849,23.971479945228033
820.1323775550089,783.8029434657259,148.12010983758182,23.582474389728944,44.26251239081606,1004.9911969417325,54.04286402412531
272.2059980446844,233.52135881656818,810.4266386853501,37.78243966399299,85.75679954156146,1025.277024506602,47.58888625325159
150.16493012677677,231.6293920847925,510.4166132599512,29.82178510339081,39.99455958396423,993.3777755961216,31.87049419674513
586.0590707062088,631.3335745915214,303.60817377500155,31.767389427027332,51.98002284561831,1011.0170628050447,48.66610630993196
266.25222333358283,741.3558878732955,475.09233325444296,22.749698501259196,65.46777969171673,983.1162012681075,49.23193666638407
607.2057507431093,406.73734494251175,510.24698835165964,36.353248190524056,51.8021619372319,995.3622896809977,50.82817240463502
196.63341954401253,175.61464742662736,214.89446525754158,39.159555513271016,69.69947207299545,1011.5335430021152,19.76322061942086
662.4222255936829,427.42980028821256,614.413230519502,40.295316984344694,83.12612588262564,1025.873449303313,57.27208999723693
835.174906368761,782.897523016814,165.67890504157242,41.13606092223563,48.46466513111178,1012.2900087757416,55.16932908323015
584.4546129153782,178.5546325803421,832.1678699589057,30.039914357695032,48.75847205417828,997.8376418261037,56.17699216322784
205.2102411673519,702.4615741991557,164.10252385920796,29.703458133021627,32.185457171366615,1003.1110877790908,33.794255415363544
271.31160043928764,795.9040400533863,532.391883081397,30.587945580445187,49.10294311630125,1009.0375696375851,53.3121445380361
434.0919013604062,211.78129525523295,190.8365794926675,31.1327288123312,31.06660854810809,995.8835209275052,27.00965907817588
708.33139713318,308.71382094022994,168.7404537648565,38.840042927688586,77.26394750059967,1019.9555131296969,37.26097469279655
556.8439502710611,785.822344165848,483.3392008787608,22.559123682045186,75.07139458786502,1008.0224529442427,59.6135568682577
160.9411304685934,88.89452495103119,243.9438619855761,37.830485109571455,65.7665112511208,985.5849799112915,17.252824142011782
466.74904989826047,69.92791526643431,132.3499030563141,37.711656093849726,34.342727476734176,1028.5895398329612,21.39430507719341
581.8009246765455,348.29909032984693,295.6423668402506,40.64080174755216,65.5334209362872,985.082718600814,39.7286951238018
364.95449195716805,120.44875200550233,365.2286004366889,39.013914613870476,83.75876071803458,980.337730603797,29.17124133634767
863.7236558898014,348.78848094534203,85.7441438111536,41.32399650455663,68.45090671497681,1013.41677408998,39.80512985750045
833.4971468784597,193.16816395949164,619.9835569084829,20.474516960453265,49.923142899396765,985.5546949923985,55.59930160147786
849.3865164747842,568.7815562615289,429.92718558000513,23.10590581096868,61.38196784102238,1013.4647870397378,59.7421296052896
420.97125420282185,290.1296202290011,687.4530875879612,36.90755312632514,59.91696708355035,1012.5461663267567,48.83114973647314
633.6669918242635,760.6984174401288,540.0517954842007,28.409995216684678,53.65690000090827,1007.5654413794764,63.43303409729979
762.3646050247612,393.1774541764518,448.3470932088802,26.167104998690476,67.92798422824549,981.0043039499487,52.60014550439159
677.7504985904233,77.8720314654052,125.39169981028016,28.355151858078294,46.360155315529674,990.3132337591712,27.684343894086062
249.97710814706434,112.9963681349029,167.41297832221125,21.829061518675445,65.52264949207097,1017.3238768158939,17.585723421347467
706.6376592598853,613.0847279024539,217.69211727449553,32.586087057721485,82.52337639349246,1010.4498247531776,48.29935630585
660.7887929742867,702.2554946702232,469.7070211160217,26.83618845904075,86.94143828533463,1011.7373656511948,59.679609473976164
811.4938742663406,228.4920812421514,589.9172175499336,42.69762359598685,86.2432914120435,1021.1162223312671,54.796267367252106
316.2874508416364,406.6302851301157,466.32691322550136,28.521769218183007,37.15003554704637,980.8638862293443,40.340608608172616
334.2696735984429,521.9534664866823,508.01358035732227,37.37148093108046,88.18175160470048,1023.5912112171225,46.00723741684665
274.333494092555,71.34555575223685,740.907998229422,24.41135757427934,81.3988693284233,1029.226923879984,40.00669142452063
585.1119348929059,430.16009850631986,771.4671114615668,31.602656680599317,88.52674096285193,1024.529260314281,61.316845460439446
663.5233174968777,286.0396031658427,248.4318684417722,22.642723046331056,47.78468044643067,1025.1031027077033,38.424162357552504
217.90468113477814,340.37877827516047,756.3926471218637,39.630710498824044,56.62641209428078,1000.2932976461926,47.00420966717271
338.74283837386895,251.18658320988825,186.85068591938673,35.585571442807236,55.54306426645394,1007.5089879488705,25.171910084288186
368.89035255946635,183.61224697490798,587.2843252634101,36.141496937012285,57.04426760199018,982.254590990836,40.06645099656763
849.8872507124894,363.9717491830079,722.0731016794384,22.705898057634034,84.79268719137445,984.860150987423,65.29869406404245
870.2721306217456,517.5409784514364,722.2417580996708,42.48574357843928,80.51421785944716,1026.5365606914936,70.52406359618229
756.5561793274376,575.1487279674296,140.1154774310258,28.37379208917924,50.01410927269099,987.6051717370544,45.555766316087045
307.9724090029193,773.236700074133,847.2052417228357,31.63439576313271,66.86043999893516,1028.9241919032413,66.324482941225
205.16111284846738,271.1109823300741,219.67886970664122,22.727943058649192,74.33562085649996,1008.5409924080769,23.075317643621894
867.3359519985687,367.74090058657504,538.2858965132029,32.18362385896809,74.89208109302655,1006.0059882137119,58.58374143808244
574.3102323264268,311.90094812211595,358.2357575075615,27.417007282656915,66.5484571921601,1009.0972487679766,40.915765713758745
404.2425494936815,298.2390967890278,380.62407374281094,41.33865817872706,62.189094312204,1016.2133578211193,36.29941233819371
255.68032332305597,448.97520623024417,231.9775345931032,20.43402605316022,73.14957220381984,1019.6745099610632,30.418767270323134
728.2323852918863,286.20945838600204,646.541765230521,29.88227258635962,67.43146330192312,1017.7753549542265,56.294925919557485
165.59020477801704,553.7567160304186,345.47514612660615,31.545487482750282,61.17576569613591,1027.5684053959158,35.39941346931731
776.4309365935176,326.0441193978932,170.56340864095262,40.95250254292941,65.41130757642819,1024.1740171675965,39.896788025380424
143.02555647471672,309.4053589486001,465.1440457779024,24.581950157272384,53.436045154813655,1005.4029275709855,32.1786892938156
265.04968624753974,477.7409531144217,211.65009096834373,33.2047521952514,33.15198320111529,1024.399833753857,30.74972281959259
866.9935881822805,345.9547261724837,806.9676856905983,29.671037217443086,37.80589807302412,983.3039057796623,68.66715685826685
709.1490656393305,513.3821012144485,383.66277379768036,43.89437343981922,63.90164692522928,1005.2719281615382,52.02244595752059
233.41701565613607,644.7285261671332,409.87198211068574,36.10291766890265,33.67331692396655,1029.6641024127118,42.7392455391255
212.47729416935402,171.12399319866051,363.4485730918311,42.04618350471857,57.517176524280366,1010.8005703390446,26.04598154471368
424.03411612936515,681.2303206537125,609.3125206232431,35.84698156248547,40.15867830502966,1000.3843854649408,57.530433928422056
183.62376078405902,270.58288030488995,539.3878259020314,43.650099606932145,84.39411704531528,1028.6689585454396,35.20171226874973
872.7066316992369,165.30207352273823,176.22113650097594,39.442847017292614,85.5309677642943,1020.7622471045007,38.1891066166983
438.9596420729543,778.6251785005408,514.1283092093256,32.38075530308798,31.196025498384433,995.8660029351046,57.092676985577874
440.35359373544105,686.3966818278343,289.86348747017007,39.01636983221227,85.41060301642784,1027.9648353016814,45.39704776570507
187.2071897791728,647.5797721860203,595.2849521415831,41.520678178758054,31.627559349326656,1013.5006837473783,48.85500694461912
710.436082995509,317.14363411386626,721.4189551014729,44.45071056484804,42.7385138778185,1002.7072896904217,59.684149717340176
849.8133319242667,614.4616057899265,652.6420382503528,43.93086996934932,40.84212164152643,998.7137028931897,70.0339296614399
147.48339395120354,668.1767353625665,365.65148769707395,38.92370060560718,87.05333260275353,1000.8484359529542,39.09586338729606
242.420853054694,188.714505713178,847.9848526024913,44.04093144660699,67.00082746091877,1014.1713891086075,46.85345486713582
512.8168844408681,322.68713899868845,416.50350294552834,26.551331574268936,81.6379416023239,1017.3034293115338,41.72526082100783
247.437188053582,625.1839867256863,758.3998893498543,21.410467537264733,70.38108472679966,994.0320936117549,56.51463081737222
695.230152561083,523.7477677501392,486.76391252890454,35.7648633784667,52.2131911842931,1002.9967691942891,56.039894110492845
720.6056542535802,757.2134368232398,256.67963101377654,22.77329185012918,83.78195110477465,1002.0794218685926,54.60175797285566
111.2949114793893,408.35916492654957,349.807035114901,37.73741002636763,68.08426108164072,982.2949920886335,29.5819036967742
700.8821397572189,716.1706312190726,784.078796862378,36.00865392653961,63.623627945886035,1000.9512764246941,73.87473500378385
734.2706269557601,242.23897115649586,323.39727633187806,31.530123357685106,74.86996507620552,998.9665823084755,42.231178996642804
898.2869022891272,569.2690413957918,366.7979965810952,25.11201537872915,49.82624159002634,1026.8540349282787,58.69859817379137
285.5550140836615,107.86922914884559,539.1243283046269,44.6586936314166,86.79089448545574,996.686085470432,33.367700429160294
635.7422624521089,613.8316685506021,338.3923664834937,26.479397101861494,66.3854903273404,997.0755301171586,51.022912589421075
481.5182322873732,695.602960609577,424.0251360979947,20.988788090221924,76.43221860980508,998.0874891367666,52.274641230828294
721.9158738934411,721.1772753184715,145.56484331200744,44.635092404194936,41.392248568804376,998.2517900189506,49.11538820883767
413.9672902098406,503.655365704021,345.4315632525071,21.328747335341504,33.72477307499051,991.8893155553153,41.34594220751613
161.55858773788935,779.8818497567602,222.73935621526897,34.73832683223681,77.57452861177956,986.1993276114206,37.152787373450245
428.17763970608524,419.1266360100356,233.9953741841875,27.84788407198959,68.19878046615415,991.1724219919063,34.77894323885113
333.5275676182743,514.392037176231,133.63961033910581,27.33055131820789,59.41088174324312,984.4767907103225,30.783172557399393
484.9307865078177,780.0824077166792,218.89622393155494,42.70901342393376,89.9144099211984,1002.1253442533999,46.7062447839971
597.3802514248717,152.86604988666645,219.70486969255734,38.12457446535893,89.70137124144304,1002.9163470572952,31.29558382704844
140.7828797034245,659.6892022919864,837.2288484413292,25.660063223974294,83.96402204817775,1024.0866358750795,57.50331639751549
793.3189220686726,588.9897646846812,474.4516986045064,44.32641967749184,85.57592487817863,987.9095091243324,60.447328546780874
274.90387683775344,613.9217678946918,690.7717129415943,38.7300153079646,77.24003314152239,1029.4423546174212,54.295637859637125
513.11471195574,411.2828112089082,97.61336102530606,44.48500828886634,53.827980938893916,1014.969546793398,31.636460135951687
106.80303749760994,356.77026844915605,732.5795205365913,27.913781625119178,59.06376188024573,1022.2161472114518,43.21037999986664
660.6045451075364,735.9625700064987,560.564509191569,30.738463728356933,53.54856721167933,1023.9019665330543,64.31959382108381
822.8783801554691,464.9622940089811,242.70189040768733,33.54656384807509,81.02904443526147,991.1954269043102,48.343295841241
431.5324828419237,113.92749714877354,465.5374789731867,41.81524351038159,33.51225353647804,1021.6580371214911,34.98529855864838
162.91256262394597,638.5280536497921,836.7747862975144,31.836314211109865,77.4210448458901,985.5927328805387,57.51420994011272
525.6203021893216,355.4013672601004,313.38145668021923,35.993595147790934,48.510133504092586,1011.7271929352033,38.96590835069143
520.8697619153149,528.0474525656923,614.0548113473935,44.58360147649885,39.99621961923948,991.4011932980134,56.029708888325956
848.1326018605912,67.41952964830371,375.8025198591785,38.104820862376215,38.021901974049925,1022.1664080632611,42.49866473963399
603.6312637111628,742.6455372803763,410.899825775085,21.127036081677225,87.71514719032385,999.1374830657224,56.82429706074957
119.35062425945162,367.6335723662889,332.1736245255983,28.180208604042974,83.4591737880466,986.6229814946867,27.896470879796148
242.37039627160843,278.63627036058125,772.5105689220838,22.013170490713332,70.51850437641816,987.244876511922,46.53062275584905
371.72220568562295,329.53885254958334,250.59009567660092,32.67637576189958,67.44690495758246,1027.210993790641,31.06143557412023
116.6671968917587,366.0704147359646,149.28933279824167,36.373267590661946,49.31953546878266,1018.7274908889058,20.453701660761368
507.0941481977828,201.29384926274432,425.3682119547882,43.68258129445771,37.023428427945525,993.661409824604,38.266368402007345
890.3686137088287,195.7021566103042,143.54684258555517,43.454261630868714,31.17820270951691,1025.6929963149582,38.32399681299619
836.8650730876811,737.7908943452093,202.77799713923753,37.047939307727304,79.63853706396532,1015.0915446865648,55.350798908556214
202.95894748133236,783.1091286851603,271.66477445662167,37.9401977036629,36.90424176701084,1016.6319871065089,40.44863326325965
862.9897894021263,119.8211353031944,721.3274725323562,23.578647236667805,43.91956459345859,999.3894883904106,58.33742664245388
499.7104991140151,362.6161066556402,389.6268411777703,44.710024400184324,79.6394889144897,1012.5198474343312,41.45487182020047
545.348199914199,393.6433489403779,106.7403604121233,41.8568878436826,68.2594600979248,1026.896994078036,32.439360882122244
295.12562529550576,503.40524341583256,197.91019669829225,39.872046596899025,69.29588249170621,1023.0864715457836,31.87233392927184
166.2144301589584,250.40776697330875,294.6142015889576,39.70736495474169,71.9710263497509,1008.4331762066134,24.283233977526322
891.4399163901661,257.39754148255076,445.8990315232004,25.076127041880422,30.776193531322814,1026.3255336660905,52.30108499710953
727.8646268589408,579.6477036492311,387.2736418593047,24.36665511935368,45.61152230500521,1014.8299102931295,54.71631558961735
824.91330363234,182.42991829541543,849.165508998137,22.293707529920702,85.65517053793758,1027.3867134200125,64.18691701775815
586.3887094784521,750.8185608129406,304.29295611445525,27.944136073796262,48.27081028262909,1018.1950509135463,52.28793635331999
598.4581637303252,638.8637136372855,558.4066190763342,28.86920682446184,89.53074979855755,1018.1694816055879,59.45592108408168
759.1379704930337,447.77156025319204,585.7688804293102,21.433954615335715,64.86245834456761,1024.2497914851042,59.638041139559185
597.1008639742139,399.57233690503557,571.9188724494834,33.740411142365474,67.81026528888928,993.7997356330554,52.776950924356825
264.0136110669647,668.2219581189737,633.0803907327052,34.91658886778103,38.30258698441169,1019.7113542729061,53.290282704886366
102.96717115259062,581.931635026227,726.5319263212177,22.103138851001667,67.5844011912693,1012.5047877147904,49.60824123821324
174.95061378118217,772.1746210943963,359.8320306570812,28.43851600777449,43.936369184298925,1010.4626527008828,42.8070382725506
880.4624273544462,453.4952414621227,84.68489657032784,21.21820736055296,33.63729655343634,995.6929770228046,43.40612592731018
862.9992287125503,119.66585310907422,127.77307334827238,33.344418529005814,70.53097768396125,1014.477808433013,34.59087538857963
499.5569129254589,510.2839862239017,615.1893547413953,36.59723364555029,37.614197539216576,995.0431768508191,54.90280116413662
772.0493909397478,623.1568279297841,765.3306265778878,27.039425583624425,78.36463230264656,1021.0622407365365,72.46941162920147
857.8499640406287,199.1156905550279,552.123550118258,41.971516359421315,87.93116032340356,1023.1820918619214,53.793911642600015
307.59144752457746,257.06174720335883,387.69610546342756,34.024686010740126,72.07218528682259,983.5766948104175,32.44744006037519
669.4882631074001,764.7823748870711,343.18758075667995,24.90000326657196,49.4556838807801,1018.4621864184194,56.755622370101335
671.583079742797,622.626334141777,104.28222041171375,31.23867594853357,46.39678816829672,980.1532047570729,42.99757123300577
511.9871337245423,760.9695468044623,121.32554315418517,25.880592176519933,31.388240809274834,988.3730783387479,43.04172214203754
434.6150254713733,670.8528452695313,791.9490873395512,42.748280615606205,73.2041121653309,1011.3538084963754,64.84199961580919
530.9388299991451,374.8547242981023,221.91075503791876,22.3423395353348,76.41397105771831,1003.7276100975259,36.05023683043417
200.89764413532436,145.8644292103375,492.86984311277683,26.44537175570056,82.20576252325944,995.8373551579776,30.117655924880932
476.0550529337274,207.05884673751126,696.9558998663936,24.00612264880767,84.84779902182896,984.4193808269674,48.3716529847929
698.461702761408,600.621180096056,623.1762833350436,24.4024407945711,48.462120902003704,1009.4646040627799,63.89953781912567
239.7694785982284,212.70585766867453,376.2116335291467,44.48375082510131,54.260427744693175,1025.6722847117198,28.622725429172952
302.6192834872589,151.31956944204043,570.6615026078082,38.69729220575476,38.112259514034605,1020.8157424336757,36.44462569219131
763.3366471160674,629.2983592153033,603.0344459241084,21.77233688284178,81.71541820441661,999.6214033194993,65.90042802690546
735.2273833872329,652.3730526758437,848.1992770129372,34.40227494926954,47.11097056499269,1001.4474605657441,75.55598416240977
363.9586150141603,380.7016740530197,299.06086981825524,40.149560818239564,82.77535469008266,1024.811395211259,34.30224346474561
466.49904031219523,679.8892788783768,249.2234751454239,22.393964573725984,43.21585675534926,994.1724502747139,44.36058858153412
471.2339755629534,238.02838616559745,605.9390018712203,35.51866857315348,31.901094535320336,1007.7655430518379,45.515430926705335
220.68551536297738,51.749643815207065,698.4170772506617,33.796720738570684,79.44720772268627,1013.1107673304989,36.109737865372
638.4915845809181,631.2022290505336,634.5680828551102,39.082884015188725,87.22096431839313,993.8194058355124,63.473537723147956
511.87800863618077,361.02226305154977,194.25492896925942,23.68703001435613,89.01826864650774,994.4873875911803,33.95720530940229
422.4349831818578,440.99257450696064,97.84647864595334,40.3597081645139,70.81591046201576,1021.5398781620406,29.816685876502685
899.6210695497218,720.3297227852171,296.78115346328616,24.43973685981855,40.058575493040934,980.1316763873533,60.46976990857961
317.7163159469791,431.48280731301185,410.571994983106,31.556211953801174,56.20238341106747,1018.5409889359722,38.898853497123966
539.111581264955,290.6333175081551,849.1262002157985,40.98802289540035,30.448315611715373,981.7101152944908,58.85739497182524
712.5166250714506,209.23057693559826,404.7616132872373,44.61326811293007,49.22929068964632,1000.4434439864542,43.84288059170096
651.4090781138198,333.2610497545471,212.6418036880541,23.69628720519679,76.92530936206228,1018.4008252121662,38.045775983573165
121.67157384251519,180.7971970493615,296.4238490430431,44.253624225617926,73.38014996796849,1009.4908136608074,20.931017088478022
263.59739646314324,357.7277899105175,671.7369405544342,38.84213899693175,80.5012673443284,1000.519295744951,45.50923321338719
837.4724251306405,240.26274379254443,362.5324029172383,23.37230850032349,54.922567793759484,994.3588383166601,46.83335118438508
365.64558968624345,558.6730291774041,312.0517736231584,40.70884421804824,81.84259657419625,1008.1680193223078,40.21162951083576
396.1803494692352,661.098408880177,115.7089041766251,30.621369130101087,81.07762100478949,1013.156656187815,36.34671891754736
247.53793877986405,245.9423709353409,288.2506666333255,27.481048717500173,81.05732628298084,984.9280906021479,26.334435956789168
710.7293655755936,691.3151512039786,393.0992758177912,39.90775884626109,81.26085288967732,991.0605223777073,57.78530653609882
291.3832504442125,478.82871485937585,229.216571001239,28.905869091044814,58.31859350340694,1022.9349915726757,32.27502179915721
220.31712114402868,360.1385252738535,833.3842615638359,41.125409209223974,45.47404978589253,1023.237480408595,50.749039855089904
899.8666087063034,433.01931593946614,294.3536681268655,20.530472422205268,34.02530855068123,998.9091174240576,51.760724464447705
176.93089665102715,246.15899901047442,185.3724443840104,20.3311458705498,89.33625842605508,1010.6884801461262,20.107594645205463
526.0525446015176,642.7405835763332,348.141265055672,24.43414625659251,69.19191190781298,1025.1051422670948,48.989444447562406
603.0427229112838,50.29511298822829,255.89283731259923,26.069632051631217,64.91393534448314,993.7114683595912,29.835848569489333
524.5090123518094,381.1957266991617,641.3657999275636,32.84284162257538,73.81386650875689,997.8033135173091,52.825774168631675
806.8149310084642,541.9752912927322,210.6250073894921,41.107919273360324,57.004288460880424,994.4199810736997,48.88870696461557
844.4111462412843,749.0399196626884,425.1007404724198,26.758452661514507,85.84214301862662,1027.9095588262626,64.80756159601597
612.211042179541,122.85109885401367,559.1280501199005,26.400065380097587,65.07099077655505,1000.1487055727099,44.41698623580266
467.3360770929752,499.7972269374838,378.90544560376964,26.419797354858556,63.58518000553127,1020.6340989938174,44.17021694506455
528.7462744404529,380.51085960819637,516.6600974725748,44.87498074252797,60.76503483683785,1020.3471924050824,47.944117920362466
182.20315130136584,390.06102544699485,725.0896714956627,34.79543482475532,83.61551458302574,1028.0306554992123,46.17151216227733
296.70851710863406,497.4538459150958,634.1999167645549,39.08902913059018,36.806640232682255,1016.3058434508539,49.192867561294086
341.3863083876972,559.2269697886704,85.26800419298348,26.626406589861777,34.771773201704406,993.5866836023885,30.429118513010373
314.26025094735246,147.9419071167464,292.28051491717423,44.69425634222341,47.83268485062493,1023.3324044072954,25.557285338609933
403.3368025589402,76.96247821037326,540.5335120496777,29.176420842562884,40.68165727072729,988.6545390524574,36.030318905066515
788.4200263947492,667.529633572063,486.7282786776763,35.5935650022025,55.70955880152382,1000.9614897256175,63.14762094611142
521.3477205794054,265.51376026144806,483.41961289474204,26.628786295771885,79.58408574102275,984.6605414453205,42.942628941015286
361.86598610781806,123.36891855511374,432.6518052205542,28.74068003120441,55.0642330887915,1004.0177911103316,31.863119348710125
243.91204441298103,681.0919130950361,514.7168117516454,43.14460420355475,31.66120607888851,1019.2825457226354,48.338791195306335
201.5338714732299,502.5213436730505,142.5312811732029,30.313890955613438,46.961572926323626,996.0783225153488,26.822907701316524
100.44620206982967,449.7266725775843,405.56864761999833,34.09843946991103,88.72884488274556,1028.8283933062214,32.72793214422235
568.928626022429,551.922922843336,548.3221415909418,35.918866590159155,73.71449552480729,982.3109584410213,55.558432129610615
704.07452606378,568.8918110199437,589.220349538155,25.935252166219595,70.37448895141448,1026.3247477286436,61.75780409403792
139.0383999186965,696.8298339885787,312.46257121849317,25.8222190786852,59.16607773286456,1014.6215970103664,37.574549865957984
365.97748701382403,138.107237320028,761.6484952082308,25.87979142791457,69.42253440476347,999.7157671395677,45.588481538344794
440.99043238152564,186.58726772904856,647.8487149639201,40.436723986359425,56.77195179688688,994.3509606326595,44.741279601874034
718.3606346737835,357.3996785109614,583.6690178976378,29.916662526081357,32.726602395065626,1027.160812741821,55.61957011144786
712.2688745560117,750.9249937739335,709.8081027542358,24.064384024597576,32.66156637012751,994.3663407842755,72.2881401600678
208.35614591892806,702.4925486253666,230.7353500793303,28.85968141643875,80.77074279461206,1000.1242025865237,36.554874839502055
234.8287741132573,96.37322531565674,578.4619453668682,20.37543485058677,65.54895595946036,986.806232002113,33.074537797542156
578.3334251031847,517.5810751896843,796.2555407407779,31.899949458843395,83.72532426683637,1025.2857599406937,64.72765663841719
327.9351789972231,153.76025417026165,102.41556033234974,27.21341586283362,76.22966086316646,1012.5912873295404,18.54748540831853
570.6375333700116,275.8031642732934,108.39049454018165,40.36855310316992,38.930687557614085,991.529223721901,29.728840710906418
433.6488307967934,301.3649423243347,483.39833926573976,25.19012590158126,53.38775280680815,1000.155243845262,41.38634676426343
506.0386209231461,326.75267680590133,384.98805714804104,21.93376837091671,55.2627068053709,999.0436876177764,40.38326121779307
846.7545569506603,461.6035299548517,259.88545109614444,31.087484215917,45.5128790661023,1005.966545843967,49.646160651011144
324.6794729262341,253.4862403049457,517.9242116307555,39.57605780593007,55.681329753817806,1028.9465824004253,38.061939862165616
874.29975727753,397.7343573869878,130.6626090178402,42.29403383907612,88.33459988753162,1023.7891057780879,43.387527800649146
542.1165910597116,663.2978389159181,707.7209021596306,25.015058555816935,32.043344247419654,1008.9760417320332,64.47126898565412
663.24287815396,263.2770453900367,228.4225436383752,20.92718894965437,87.01981581942235,1023.9037071496791,36.9324994518549
485.86146188625685,269.5941082632746,185.06936622332222,35.72539726066006,88.73499727118539,989.8705874490597,30.066441753418832
629.7228959224345,572.3977030372608,848.8081603781799,35.73001269276302,35.10400299758515,1000.6598147006205,70.01594438391805
619.0529834073451,419.25540630827885,474.23259704299034,44.23259342546724,33.5239738843725,985.6221922620035,50.11855557318833
284.7086508234902,762.2446832948303,135.1843881086007,39.21404910779927,77.3772541556543,1014.4427479013881,36.81597554789364
786.9426164905569,63.27831484853995,838.8816915313558,26.6318132619587,62.0625438789581,993.4835172768625,59.061895601427146
362.06952091154506,241.37142762814298,194.80823286991375,41.73989484482729,74.79110007900502,981.177785629575,25.895557770987192
157.69309832682686,791.9397867312939,756.3658746160183,39.68480863722597,84.28715940110118,1021.3186385751437,58.74362153638435
295.20147340384995,565.7998683895038,319.55353887321485,38.51522321729474,40.65094785063041,1005.0228896065373,38.612181808729204
320.4894009815301,355.27869485219355,238.6908624863546,42.797666124348765,79.1394093154387,1017.0584400806626,29.82067737446589
406.56602240500786,786.0033568798227,568.3885731179873,27.467859912863716,75.4599417747252,1012.6738368304096,58.51262430326441
892.3000549701732,260.26029109237857,834.7416167137712,39.638033892437235,67.79171579196971,1021.2458042282932,67.9664750504274
371.41487395263056,427.74918947132693,131.086919234754,39.75589453011737,67.32573168227881,1024.3971589897062,29.218398672108883
633.26673216861,688.261473577827,205.51905355849323,31.09127644191345,65.15195717332848,991.886091427099,47.86660831473284
136.7796937715161,320.4285444508544,409.3441316419852,38.10596887444673,44.116528227959186,1004.0055616321816,30.090012412350525
620.3024196435082,594.4027525099065,378.6458610076829,41.07133204749861,75.26221969372509,1000.8353714303389,51.58698960490975
463.5752765864723,413.28391340335196,360.3021515179264,25.301075962804127,32.06292935202209,1008.8243579994595,40.71786176041178
406.7562949549143,365.2426606694358,208.37418615786282,36.689402210101065,46.23907886541114,1018.9595100534028,31.494936115045014
276.5887621147294,274.92594714919414,112.9250973626325,27.460089460134718,76.16274389420845,1016.4874318007787,21.062445172423008
417.0603960171045,430.87727194888345,136.3257671638529,44.41301028014975,69.7258941080962,1026.0564122739859,30.89116072553376
884.7568472159699,479.56539594734033,316.5738077290939,25.593688128386503,83.85516910114359,988.5808450203311,53.59261960406307
121.9436326393442,571.5719203331353,480.47902021375177,35.57679262797285,48.54146678689076,1019.6275986838523,40.02462739772445
490.77918547547733,620.9833110704983,363.4033210924478,25.92576206350048,34.71095317447588,1021.2123747305376,47.88900774007718
886.8682851629508,682.6389804996568,807.9807093376462,44.73331051999327,80.56068337844856,1016.4638659924169,79.40444634338408
239.9057212259345,439.3484711020416,355.2413725431674,22.86235195277672,59.529250584249965,998.5477720307313,34.58728067156598
232.76248021860235,467.4590321141793,252.80633495984446,38.325160333661444,34.04177515727076,983.2427247192855,31.11889876837723
564.2776130847465,111.66366898453812,110.90659335287609,40.179707496861475,70.84551150376095,1013.869360934778,24.714502196193582
603.0348545413315,692.7189125644735,210.1744696704917,23.982281459971666,75.93140511369799,1013.492506898,47.27959179999382
301.75537873476327,321.1940499199422,373.5785942844663,26.679022536302085,69.82275539606148,993.6264383494956,33.63162663101981
788.844356534158,439.9267194386299,691.8724440248915,27.595709965183715,86.73376311156679,980.9685152176972,64.53803004017931
868.6733158288085,105.51979673711548,793.6628355358409,43.16635172884297,33.75160800547096,1015.2311068725531,60.97230679841135
499.28285356684216,627.1571119803745,726.1626956740208,26.83312601879974,62.41256287299104,985.8971330766946,62.83970679337733
194.75019009896107,766.4867867914651,110.87213840312171,34.11850237940693,59.74922830366555,1002.8674959178687,33.27199484283765
372.6871447287212,653.091223281887,326.46050304054916,41.5038317230869,80.95218492861439,982.7813978101556,43.83177116194021
549.6097328986052,661.3296511360718,158.75012667716334,38.36504326040702,75.45663888593269,1026.4046792419347,42.67818658812685
749.6519513639171,443.64015572980725,261.54697901296583,21.388484790436074,35.99749842176783,1028.8064094895358,46.260642373330356
754.0508222413802,729.9339522387883,481.1904944311776,29.55715639800539,65.25444466456914,1025.1190890938965,63.76716301165216
600.147006445118,364.3164522006744,261.35890193224304,24.448601374347298,48.44528025383291,1004.1736554951553,39.388259836663494
570.3657048663708,93.76856347247104,376.3260980050911,24.21922455501833,49.14460976438036,1016.0735767947316,34.9770719703689
267.06771199815364,706.9311351822577,834.2452384608547,39.97626097617446,60.14325236604061,1001.6051779473834,62.58977495384653
673.2293452645708,753.1029507780652,425.62588850091913,37.98253402960301,44.94581305299032,1018.201750078154,59.81500442131585
118.92486954472528,696.3039089253193,514.4133348416656,40.48612413341666,42.95464135440862,1015.4125960316771,45.03339674776796
752.2602936973607,144.95360814753303,430.347958462228,30.403806355248207,62.171099668709154,1013.8010304977469,44.130335393835935
777.1282291320024,183.52264215996274,809.4072985883529,36.56776179408257,65.76351738700382,984.5161286875338,61.195818082293066
346.249438568973,363.9260163176939,175.7437598509232,28.13730886993581,39.32074368828772,1005.5759464483976,28.335014040636935
793.4611608108942,666.438394256108,561.803114452427,40.43435313783138,34.13692805268998,1017.8912256681681,66.26911123010714
299.4182332713683,768.0165102463128,557.363466529657,39.52388750690264,79.48112730415588,1002.1752952039079,54.317580966716704
839.3305369542371,357.7899145002295,234.62635344842786,44.642233468807405,86.79411113224015,999.9297644361891,45.298667681571104
374.24770444852237,412.95508356429457,589.9441081905564,22.917060219052363,74.0733887570768,1000.6932706426103,47.21384796800677
712.4465243938344,257.1621332117966,746.1643658629936,43.15287943998629,80.65199293358152,1022.5591687780777,58.93483436268866
507.5196410163817,338.8640058312161,750.0210220695503,23.60599580028882,57.7584482385311,997.2384003327693,55.39235028820995
748.7981788204748,355.3057148990072,575.4175331529444,42.82039740980338,49.50477425267143,1017.4171695339203,56.13981813770224
808.2270799528859,475.55658748140286,422.093719906535,27.411353412500787,83.10190949738347,1011.5866903241938,55.39725881929006
702.642060119953,239.6073349194306,90.24776619519567,33.82169573038981,60.3952497595356,1003.1079320606168,31.87739249898933
706.1790152813221,789.398514938007,683.642672804879,43.154852642179634,88.37415327311194,982.8162105852226,72.21303281877503
384.41982646467795,116.29433083196517,839.2726833652936,44.66608644579971,48.51723540013235,988.9762640166531,48.59233205351104
493.229001067946,616.0729943767926,185.3139379334213,20.95898322627019,37.572077001840015,995.6591967722966,40.691617380679006
800.1152236871587,494.602117232679,771.9241638314746,29.58361635826579,81.58999951440089,997.6841267971498,69.71848678085412
369.34660966399963,784.3508081784352,801.4181226553503,40.66150984403677,48.41654136277858,990.3708276825463,66.66764744148705
536.7113388490559,356.5496802673737,354.07671463892785,20.305299978064415,73.56585659403453,1026.8075474010666,40.96089915905
793.3353434420382,112.20537323673037,214.48692300168833,28.2684537732029,61.67710742893353,984.8280291401356,35.745698420430585
655.5669746862598,647.8587562085211,736.4526539162199,29.60060813147544,48.26275498415688,1013.3551544721861,68.56087808349221
185.2181124513794,90.37606411663427,754.4671986421438,20.35960028860448,76.76372284927965,1029.98160393887,38.44651324272617
869.9903800746383,662.743533953043,760.2245218770998,31.524663222763586,82.91935937757148,1004.9842901317326,76.39099829591444
743.4831271715473,552.501450854694,511.7963785179818,30.549634573133215,75.33272270838614,1018.6654838064148,59.351392481506515
592.3521540848377,416.5383453473596,626.3280722846528,22.978556258673,84.81273987022274,1017.7963844296127,55.31983787435204
308.16622210712,302.29050019934675,554.8754475583182,23.185238856938728,53.485174093330514,1013.0855746224419,40.50871957152673
676.7179885507824,310.0715012058316,773.4678839662,28.079264347061212,33.92824545489013,1008.4022142288206,60.54240005134643
603.7361771636695,710.7729501623547,837.563335253778,20.25740190753788,79.98937691041098,1004.413786259115,72.93780722993185
103.4803036072808,277.8446787008636,159.56480092276604,40.07566883622823,37.479739162102746,984.3421424594466,17.822341506154974
774.0182825835102,563.3474040376262,708.6074254491513,29.78018462900687,89.04218467872718,1013.5107561260181,68.46526761660013
763.7271755147452,483.8840825731778,395.5206518443224,39.7989509362541,87.12352370762173,1017.063727526202,53.24916381641059
349.37471296147476,408.1215980960518,269.92794641690375,22.00808342154862,75.1693764823442,982.0843352771237,33.52200718840194
543.736994814582,691.5927641347157,496.98829227996356,38.35203471915031,50.95241329898673,996.1090959515013,56.93942445967747
436.2480748831042,706.1370238080665,674.3909060825795,32.102440088163775,76.3897246224764,1001.9424815635974,61.24718920403829
764.9217003515475,75.50928804485075,285.5950539213858,26.707362329739027,57.71095239403169,988.04275601864,36.63673180874738
483.19403936786796,439.7043508573146,450.8020789771105,21.199930513979307,54.931667896972385,991.7383008372534,45.7190348658399
699.8753151048987,74.3456694657164,241.5469581289794,32.99774150109255,85.08705634309278,987.3483740105117,32.88850786227763
379.0304555965703,492.1745282437929,302.9952495321743,20.036030517283137,61.964434870918346,999.3962220997057,38.255959496497866
856.9861429134785,349.1787483953725,637.6414954872693,23.295924228670778,68.35396638735858,1023.3819839169776,61.6906065587563
481.5464892366063,132.55267059792354,288.00895910625917,27.88302159734263,73.56761612645147,1005.0982077101701,29.94333315928626
168.9849463181272,379.3889028535434,425.450279328223,27.885842512920703,52.007211628975924,1000.1542518756428,33.46922664827904
192.39413051964692,124.79271320929118,115.84238287225206,44.06295462025408,39.991738219303016,1022.0319761910372,14.149300626758224
406.6218628537139,531.848050948507,847.3449776093202,25.3975866140064,80.97252966559373,996.364984138611,62.04789651843943
355.05120281117985,500.7352065327375,359.9135140894503,21.299498751162638,66.03908596596345,1026.4267105570061,40.070132843895536
539.41769349068,180.6631841364332,180.05774036217218,25.749055592972457,30.902726909791173,999.4573958483472,28.804735943300283
861.0974026678496,92.86325993807009,719.9230912342217,37.434485378415694,33.97667631117659,1023.2176775132999,57.41574352754647
178.0319104034838,355.3235797355475,809.5054131686821,44.26902811456776,53.35022313736813,1009.2738926111915,48.38088123091823
763.5786595118808,375.13715831287226,560.7930659097011,36.27296179351522,85.51095576671858,1026.459179498831,56.59319717113063
618.7842744664935,658.6271243640897,812.0321819419052,25.193929159865352,88.87850811999144,998.8119743667696,70.8036292425937
125.33691021895325,263.5339985137246,130.50072120891122,25.933203295278265,78.21093621495459,981.9622329584079,16.88615611033678
717.8148848002559,783.0110517315454,478.09715904447256,35.945127166862015,32.363218306589296,993.96641349404,64.14866445773293
249.33533795342137,544.7022477964429,476.2643287668613,38.881225617745294,80.73297282575595,1006.693852549137,42.87170072317038
712.6099161193495,713.2227661217862,109.7117603508134,31.85219458883524,32.37799143984266,1025.4485738826054,47.163450881266606
247.9370571915464,330.4972234561741,761.1270631059472,25.57248997432285,66.52343807123864,992.351350004723,47.7981109436695
703.6656704773,218.0092346861008,434.80223537879544,36.326130293960766,77.04344085417011,1008.8929547583041,45.04233657005384
585.7151249344821,252.90935192928154,253.2308650663588,34.716326310723396,57.507695450863636,1015.8427591464797,35.28796890856726
788.0090148290567,220.03468327505198,566.3291009902898,20.16705222921735,34.380717143764244,986.8568708561791,52.894474982734856
795.4222686370002,362.7697147404636,413.1365636139195,44.89174900674783,83.98329160933402,988.8862167041382,51.2712220458807
538.1751774246779,217.38008366965505,461.16619226480867,27.13119462895675,75.69091485760029,1027.5031789258064,41.11330552342233
814.895218563532,253.76608779040697,797.2331576093239,43.022350767274105,63.02279675717904,984.0872377862999,63.94916549499112
116.86742142449269,621.084220258993,666.4519268636543,24.292972072833376,30.407578410368377,1006.016699165459,48.796626325050745
652.4453429692923,244.171240429742,687.3073900880638,41.866132670440884,56.69710612885071,1024.5702789332363,54.390793105493586
483.4181194986831,204.40599054522252,305.7175597695143,42.33416892882606,50.15116896559124,1004.6983396503646,32.86342569209774
525.2570644433313,158.44624103965822,707.2466689223295,40.32062093310299,59.18080160316292,1004.4025888792631,48.80096592138287
450.7241351496128,313.53049385772863,577.6644562868,27.471573235845018,68.48203631355582,1019.7927600076505,46.03421712169224
522.4316732278457,531.0710734224767,839.1871415228967,24.583003999804873,34.670813779925965,980.9365016811115,65.17256806042555
849.62315495685,627.0707642036433,596.6317366620762,23.079600328091274,88.6001408223768,1029.5414342321428,68.16608704129786
558.8587554282683,506.86178197104516,146.18360380434018,24.94120101453567,36.25253873308823,1028.1003744276318,37.81896027415301
543.1270052627444,51.4614909210855,409.18298967619074,28.66857954891678,61.11592037166454,1004.8673865565537,34.204974472562526
587.4652568702743,725.8581849365609,740.9991279377109,21.5992495034622,54.669822122940914,1016.3889130952077,69.03966837171349
227.2246776489582,425.74172591541435,232.74138325835642,40.501886460851104,40.14268295266319,994.7807575081448,28.898647437265435
336.87387142722207,315.7246183598551,748.9005312927387,44.05772886625876,52.35528676031922,1013.3730622376639,49.53397594532187
565.3105926318945,605.9381080811279,591.8018703982211,28.848305645414904,61.07449268964811,1012.5227083020297,58.809535837319515
542.1142880567186,382.03539754344854,403.9649559123842,25.211582761529385,33.03100088140387,1014.5730549338166,43.88308880450038
194.7665123676436,252.98329873066902,779.8375901807863,22.904324971221953,64.8344297118315,1002.616438906955,44.62599794018083
227.7607251862249,482.7310190203058,111.77533066583835,44.44076678162682,79.2926136096383,1015.517355273086,25.785765552829456
718.1255633107831,283.8240920632055,437.0992916190418,33.89923066692674,40.99847437700949,1004.495564479252,47.542461325981336
435.6504581981571,326.8312562255339,380.319124912615,25.904312071045066,68.16523529471164,983.994749390073,38.08721642921533
378.13311957810913,394.89935525371436,106.7789485464212,29.63376223166556,38.229409412526664,1013.7048157788622,27.46213218681155
814.6281355569249,770.9823471536555,807.550440798715,25.89255010153594,39.248169630227196,1012.1868534405203,79.87033211326602
875.0577397845058,391.3963988136189,492.31614808768273,28.6976426414275,75.65051082260946,993.7016343104204,57.68627008145105
643.9382131655588,113.88476950372987,646.7068354636131,26.684846161919197,48.66291495285956,992.1991570971793,48.602962898623176
361.2144305432297,620.3196087520378,176.3950046798489,41.0133379980157,36.54157524026547,1011.9554539555088,36.50182136605198
854.5575514618224,266.6049928293635,572.266494341107,27.778181001404093,55.92797867659573,998.0456982918847,56.52553610237985
665.5261327343186,700.2038642338556,552.2762614050569,39.79476809967043,61.063970593564676,982.6868308472733,63.0629503652475
726.2241666726646,781.5392965764123,694.5706985130358,21.66394651278724,65.2758591178231,1015.3501648675795,73.01573183799374
387.3218153559489,793.453436603465,406.7759888843734,21.082882754832553,89.89138542086064,980.3456439930474,51.69429711415736
603.2500663506856,256.6038950938175,674.1869185042245,42.942269790671034,81.1828915720755,1017.1019387073945,52.76309558350408
300.16328144593933,378.31183374443816,184.06909104719676,32.310512875735924,54.583337521984134,1017.9283249850805,27.717017097599193
416.0761904190914,324.4383542171168,454.6793314542484,34.768103658518825,64.14740839835017,1021.1724704537428,40.40260959725618
386.303669754231,428.8760118952752,706.0893936568009,25.69752642798623,51.342070592501386,1020.0055670922776,52.69896619575722
395.8077680306163,609.2747000471451,374.10396679427055,34.6889553128354,88.13898335338513,1002.3565020526348,45.11663271410366
331.24505230148634,666.5730563628226,356.5857851617634,33.858825022877056,36.00046951217844,1005.8146065620739,44.19797466639981
284.29282952449216,544.8790556445977,182.16441656603388,32.700916896853,44.76555062364472,1008.1829170455045,32.16173321771405
854.4596926385966,219.27070201336267,696.4685798759607,35.11973331748373,41.77690988253219,980.8169059627522,60.07065503459721
413.914093242187,783.4686828643255,335.6955622810883,33.888166611223156,48.43053078005134,987.4196513000479,49.3493057744389
493.69204377874524,107.61041272683501,172.6558041649247,28.153585215591495,45.37748391296106,998.6457448971928,24.945305861764393
294.33403756305324,366.031060763223,258.672291245529,43.68601357195864,43.708164039182265,1000.1825964494593,30.15784459960945
600.7538577474879,789.0990506019092,89.009689204656,37.41605488761161,41.239332200807844,997.9023612017103,45.25597481866815
590.7724318392071,201.82936486776342,227.10713268952128,44.31640023996137,71.96850761752812,987.5225349011457,32.86233920878997
226.10972458208707,230.8305691153035,158.49052187583428,28.78123842429283,54.815367722792416,1008.2098674908001,20.047829685955087
247.81856092532485,88.849651985289,349.53214646317815,29.66033649851008,69.58604399867102,992.8340814373433,24.081332245845545
410.6511132585255,318.149287993518,595.0616118871776,21.735964172300022,32.70125916735978,1022.5654339263169,45.66647651304841
628.5773774273698,566.1551833908287,741.7049314866753,44.80958901736086,82.67843953439018,1011.7908986513853,65.51017408401296
672.5044934961313,765.2576684320145,675.9276245054824,31.996539044903358,70.35202662071755,999.9717815929483,70.16996983806368
767.3144665631733,472.43047812825887,164.2972146907457,41.50035964861557,79.8469816516675,1001.7184579679961,43.764236928372796
826.5593598676417,541.4083534913784,232.47405039946045,37.81911979311853,54.30376714197573,1012.6617430711541,50.33799341674902
230.6662519315692,135.13559422517335,254.07426570880168,34.822417353308666,70.10111027010063,983.8546520906473,21.137026013054346
824.3133550295546,556.2386656026331,316.99276376786304,32.419840909734106,42.20490833606773,987.9031168679609,54.09627116968015
568.9731630649051,426.84938625600677,437.2783983596805,27.65273965907421,88.70677724201384,982.0946608142207,47.36581241401457
379.9058108976256,85.27073656010582,524.1897062498979,31.472989427464544,42.21388188167617,988.1960919187194,34.92288467372786
492.0654879016441,357.5595498928771,360.86108308679593,21.245555224557133,30.213914038075757,1025.8339836556481,39.923194457307474
315.8492513472097,577.2651836702204,569.31730633707,40.354076000558024,50.92248836384561,994.6575378710298,49.5661253040057
119.34234792982616,695.4125821917931,574.7853388767116,28.452564825648818,82.66722637916986,1012.5583533545342,47.43406145871704
307.00610832070225,610.9376395389219,388.65912773189854,24.734055898478587,59.70984450151043,1005.2105516603558,43.084677545064665
578.1377204261275,556.5577162945588,698.8360865353633,32.875387516044036,32.89555762944252,1000.8967916696629,61.99430656303512
700.1820851629327,584.1906398793124,646.1248345269768,39.475914611221384,65.9669151760954,1001.4092714886157,64.37617513234642
856.3470311308624,113.40173355471387,737.2256220907682,28.71687382048595,53.15172732927739,1000.0492215760854,58.58148782419802
638.2621375069239,61.726587562966216,833.4412460882752,44.72537217952423,60.90225893044054,996.1601114144024,54.3373115956277
858.4970423891251,272.4417762981758,117.05743756812174,22.603870012974884,74.14894201255865,1016.2025268581792,38.61046206334389
662.4720420609026,408.65554535218797,439.96763683000836,26.150045047883673,69.89132940796287,1006.3479982254386,49.73253309559305
545.3562790453407,466.5932927216287,449.3855977160301,23.975111431661087,73.57824830933401,1005.8257893101141,48.333911061650284
203.1229727721045,657.352563061948,90.96989429371824,30.90141696229225,51.27894682648327,1007.8815058226412,29.453061846770304
544.3751732052544,570.0867393849172,518.8896156898011,42.1116870902216,50.73300862885411,994.9507479351727,54.18944200529719
121.89000099913815,627.0902641175084,350.76795887037434,33.63928835289726,31.3018104795969,1020.3406540906275,36.500126308314364
451.38443681557413,399.44134111172735,679.7794102582451,37.09212651135475,48.34427118342256,985.3510825205493,52.715949748148844
679.89535906459,447.26217407769093,571.6971524809944,28.41819410442033,40.80333343419795,1003.6815624041998,56.682612093508205
592.8037944180762,684.9629316710533,533.7533439814315,22.010576048819306,74.56995883056837,988.8663310154932,59.683135541931144
147.18409402387147,328.70706523408825,780.0645756232522,21.99763488071103,34.96690228634091,1016.832560456521,45.47931780266888
352.79875170782964,399.58513702195,505.6740809514025,33.86653637514643,41.67293286024236,1011.5413471936578,42.79847989994949
450.77446208146466,422.3153516890284,810.7987490613292,42.588107065732274,80.92518230627257,1001.9893250643377,58.62464437556796
192.48527978853815,339.5970400902041,87.10468127583798,42.28341092790171,60.444023414634074,1024.235044425017,19.446656847395786
861.6421507814862,751.8097406054939,840.8812006826574,41.244287490608755,70.30865462423779,980.417744314737,82.0388047689157
881.8800562652998,138.89136777019314,242.09447214606874,30.880120921873086,77.75526760768109,1004.1756848739866,40.30692160690754
251.40805723773764,718.8274401734262,274.48660043431926,31.306890809099453,59.377721817671514,1016.3170927633928,40.086528939707684
893.4714079797172,587.8826643571412,840.8862748357644,42.901010118899904,74.01115853485489,1029.0479096037227,78.07607316353634
853.9648503476566,260.16234710076264,822.7112657222447,29.013560393817286,49.928963252295134,1012.975400624493,66.33226655234236
693.9142188502764,718.1407611615641,306.31653097974606,44.71677922815161,60.06962259764581,1023.7327574195183,54.61431063954505
532.218352000939,171.36712475177907,149.86308648339144,34.6033202731672,47.7010084835537,983.2910859035318,27.102087761917197
422.24637229979993,567.7608062758512,111.67749453174028,27.513584005604095,55.682141566458256,1006.1112625622865,34.16731513853914
416.2126370121341,560.5295459230435,774.2272939172638,38.573278307543056,36.225989326935206,1020.3512879549653,60.27135724474588
753.5069042195742,583.7115316951159,499.81924761714316,35.92178104936147,70.99997012665494,1007.5512719861313,60.10932298212642
760.6616450317507,74.1197802861596,206.22442069705946,20.47374058872341,71.45951329099867,1008.0711774436245,33.29241958741969
665.2062565587469,67.79972515289762,223.1949052090454,39.08884934525905,46.84859285270632,1019.1760712201685,30.917975659711153
828.5137944590008,61.26807205444327,383.9952275660499,20.674026828472705,33.306543046721295,997.4059936939271,42.053265098045316
243.003003682042,647.4396750210753,792.0577299860614,24.378109128991596,69.10250710352499,983.1256747698314,58.39558956053598
827.1661155642719,474.6391770517139,648.2920610399345,24.364176442099016,70.30766598931436,1025.2379395564835,64.98584122007695
830.0762263472334,135.51170250622565,297.327222954945,43.49708388399054,78.59326900702605,994.4497424294259,40.860726783801574
246.64546901577359,437.6090206660377,421.2761351653114,38.242605852666856,53.554675074721345,1028.14454111288,37.37868009706679
832.4126595013381,147.1648787311084,530.2836155074399,41.73917651332102,63.003935883851916,996.3769893884681,50.59867076727099
716.100329346481,598.5656529797355,597.5838056119889,26.261184351052385,80.32710203167957,987.273482169754,63.34333169426604
820.3292078616257,781.4414323623306,397.22640168932395,33.378657442993195,77.45370671796177,1011.9959939239748,63.94217527429165
723.4857479268711,453.89793788488356,837.8972884557976,36.9332429745399,42.56827540565144,1021.7667217106085,68.83740211258454
524.2925160453785,409.7635736625811,280.9898999401887,25.78961611717644,87.615912797987,1023.5838901676484,39.26127868884633
617.7744490322337,682.5545132582021,257.92884018903027,26.833192708144992,47.238091279367886,1023.1572301159844,49.32702247627428
330.5863051175815,438.065781774741,782.3953882762048,21.961762865952508,44.79082128456235,1001.3901941857721,54.355378137817866
880.7203695842878,278.8514643872409,202.80264935456182,39.764272041253136,59.03816819943198,1009.4423302099675,42.89926099332833
517.3620725793158,702.6019737344286,616.0142265542822,36.17896262466306,82.64269441814034,1022.4342220463967,61.23949045158363
244.23692396653277,607.1997312042632,227.3825441054668,32.48777841597874,66.92790232652074,995.3171819973813,34.63840141934255
222.02398063231348,565.1884300430754,452.3653423657163,33.978226463319174,47.01879320574998,1016.6189769141537,41.71098601489032
684.129684119112,690.9692592550417,435.46346732891897,29.819356703456187,51.159728297000385,1012.5097386630082,58.67150699438137
797.7144054352685,299.9496933008618,407.40373594279947,32.01994811654203,55.0019122694687,988.3462211423524,49.22607239979588
714.4193105012064,339.5152919847625,558.7298076183181,28.464353346147696,32.98441156620485,1012.9276622986338,53.967230379311786
286.44234641241314,380.4870828382661,289.1847594599127,26.212832028739264,58.480785004263296,1024.1545870388882,31.575273255916887
880.2102869317434,594.8820160399507,480.22365201801415,41.611789566569655,85.86325640135061,991.1361213471373,63.46171516987139
648.9354046470349,155.083826868884,419.65483737669456,29.811201043007756,49.596983159936265,1018.2779479968208,40.906770440545344
430.4625976453034,355.54700110097747,662.7591685006108,33.58445170227948,30.57624284085748,1007.8141202349524,50.090654702412856
366.7522838304782,134.44127486937168,794.2062930981346,38.59227790199044,89.22427810343966,1001.3440249183517,46.80405848492088
697.8246925312459,592.249838427902,554.9349224140245,27.1106360870643,75.7531649914091,1007.6740647686973,60.899632825335416
114.0598557324413,409.216280574418,196.19701969661557,34.96914427554161,88.6805168027478,1000.086581349304,23.546164877070403
210.13432480017798,531.0747230233055,422.60086242774133,37.803326006715366,50.33956594580741,1025.2810714776224,39.140305931814154
862.5425080035669,550.7507042096289,695.5008406647931,24.324973893285367,77.82028392563207,1004.7432984637975,70.21882999298761
460.197162346605,291.94995024757407,145.3750980546764,37.47068293245952,44.555988941483335,1014.928888157637,28.379417300012427
161.85231715688886,594.0694014526716,811.2952819128794,20.553963423654267,47.41011543650627,1014.5531988781437,55.129462834802
855.3384673690538,147.94105272351817,243.91419210334115,25.11322428482675,64.70569472603424,1005.9420813559594,39.8549532869108
577.7621016124999,558.6825459401691,225.62612594652254,25.11873545459376,35.315643572250856,998.6837593233007,43.11838446444097
217.8299137350529,704.7651232857219,293.5642802678911,32.86913847242036,82.30759133916766,1019.4505789417466,39.42042232133889
127.42814910728927,668.158141032242,571.7773686042656,38.655138783026985,81.32123268560095,995.2202487273138,46.73868344835656
160.22205850620884,605.746186111482,137.99698422420485,32.209035450327264,45.52990253375489,1007.9086026159076,28.498926707498917
260.28231289848634,603.3248127536575,774.1941244591795,34.02611956927841,43.373649182657616,1024.5701158131048,56.875978747931505
608.5367247123704,520.8057992849738,781.8356968905359,43.05911898358913,42.52167324938679,1010.9420011051922,65.15370359554177
317.65448974592897,393.4557163043059,663.4179635156646,20.453914756255443,34.977938317016886,1018.711102009057,47.87002472213363
748.4078661232381,91.63592848801795,687.2826957885769,28.433793771660305,62.50948206966299,1020.4010719809568,52.69262166988076
162.7191130259921,676.1262091082215,639.6460286804379,31.124795474618484,49.42518643921372,984.8286215975147,50.751200811243926
541.9084845183513,337.2963269223235,171.82600932275665,20.502416886707923,76.90756580367564,1000.0206223578856,33.24918471613051
589.7944523202191,698.9304828064644,211.34219821626618,36.36651176569755,56.477391869515586,1019.4742753897242,47.11543598245115
214.2087836680691,486.6416966933501,809.0798675494216,22.762107432790412,64.53349745125239,995.4237873059884,53.388709112819434
145.72950389044036,291.9249428887545,739.9540629498874,43.92949578470977,80.99608013794327,1023.4890322830794,42.72779592137134
667.8330124481511,248.82377176629203,830.478260673441,20.781699159250174,58.19064730017878,1006.9829093492103,60.71883395337094
547.4663445308995,630.8278796735411,829.6105613313775,27.26915491120241,54.640063143442816,1023.3292284363216,68.53324917938832
767.458303261154,512.243672978389,616.55822168374,29.138655036110436,65.04084877999338,1007.5949096423009,63.05338815453589
547.2255263935017,157.43556129317017,498.9720286439438,20.11968685698662,31.896561983340966,1029.0576331007014,41.09871377635791
641.3068016789487,675.4907884508165,117.10700186006434,30.472204871361562,38.83393206753341,1018.4697294087281,44.18820777829553
637.2548865004296,643.0072158256685,726.5003584294805,25.765553216235332,61.091041271702,1009.9587382544673,67.46787740696216
132.82359066681764,462.0608265908883,214.95625075314203,44.55153175052467,69.53498930658589,1009.5309328452634,26.444782547856857
214.79555062820987,242.75000451341847,339.4167912841676,34.220662460870635,76.51702723734556,1002.2154859833354,27.30303830561555
413.53077976151303,581.1107462920928,689.5979629989632,44.35345286764891,76.79515375999603,1016.9846761574418,57.4231643015667
853.0452949762334,162.4735845846456,228.11451615419196,26.074654403327287,66.32353829780025,1018.5112290138064,39.59014703299405
207.7544303498926,178.6254236276058,711.1377266919378,34.209089110969835,46.263535917962294,994.9919048512616,40.03690468700246
481.48763873619,456.68708209625015,555.1014459533012,38.285008025037655,88.29009851242988,983.1609250654546,50.349299463105254
884.0523002373421,74.89330270104966,511.5598866219508,33.499707725502816,62.488598784269584,1014.3395604182989,49.23076355302979
663.2191349615598,707.6730605888354,282.5627128630438,42.143069127023125,65.26870233069006,1017.1519719558729,52.42927438103361
571.4421600784844,83.95805204451915,339.45039613538853,26.348394520832034,71.7152577843358,1020.6375972590602,33.240022209105646
590.8244459234977,406.88587258136687,715.8879747676575,22.247642771601377,58.57495847210425,1026.0415478529178,58.56682854585223
755.0140667882579,630.2158350382398,581.4397739652381,32.69590441084881,32.32089324756295,1029.1197300349945,64.81448801340446
559.7225856444768,319.7079553217987,675.9223406637692,34.937125799599265,53.80272982037373,1025.8450850575682,53.41980985553903
537.9161707966759,587.0353959425152,279.3816653769932,21.61350652350168,69.30020919766147,987.4396635440705,44.92381361725546
423.2873606436557,287.8358729138611,118.43590245679971,35.825641624315466,37.4930808379774,995.269733454526,26.07113310499749
291.30890036107553,566.5416842980168,241.27374015455422,39.832639108453606,81.4029689940628,985.6610826957209,35.38646714595494
424.1179926144377,630.0333752729647,649.2454406787294,41.919401650557894,78.30927400337616,981.6887599181056,57.59435866377125
746.1428930875862,54.16014995569797,318.04173603393554,25.14140287301864,36.59258655531346,1004.8177229279627,36.730760732655945
285.2051311584354,94.65638959478784,466.3964288136458,30.882488639052916,35.52612115279895,983.1911229284639,30.051702775142523
441.24600999949496,669.4551961960037,541.5971297508056,44.76498322695876,57.95973239828445,997.2247466607249,54.984921375897194
253.84131884065448,312.04607630590175,280.6973591101879,34.06259940334141,82.81659438671758,1027.161133447149,28.2045162188042
586.0128144315934,408.4668004835288,652.3173406270598,39.60186993575624,63.89667652244159,1026.6634024686264,55.92708207253607
581.6567070732408,60.072325110388334,722.0091508336487,34.5935711140624,45.790708295790836,1001.7754858071027,48.13223699885482
421.667312150742,332.17439606194824,330.07943025385373,25.450876150794763,81.07372020153039,1001.5643168181435,35.81842845653485
414.3130264614009,628.8594308274605,682.6787400211209,44.01884192814799,36.8918111166223,1004.6049312728505,58.602323319510674
425.86243874514736,363.2052155288402,278.7180023241841,29.782499950181254,73.05895910366289,1028.248390257107,34.82074972118699
761.2154846075553,798.8200182454137,219.12062537368936,29.517070807972168,41.731071189309056,1015.9557623953518,55.565890100536635
397.4074969068132,113.51477645347788,148.30075403277215,20.370396041576143,64.06147264702291,1004.5610616689938,21.259698362119615
824.0508044915608,445.34541394971023,262.67113634114696,28.646047515650235,89.161758740246,1004.8779173768513,48.588732006884
670.9390394897322,101.88425030651456,612.6352993587869,32.44801687596242,70.21199223891512,1009.6906162907667,47.69011066823888
789.1143629970711,656.233665137904,181.89528621790225,31.85534887654418,61.36670901758461,982.3942921430711,50.63625229276535
601.8759710409998,580.4425593894684,478.1658428024818,21.51727378769951,53.47433418911064,985.3198505059156,54.596189625013324
456.37933644523133,434.74807713500286,775.954443821088,29.719373948442225,63.56318083568368,997.5248536119916,57.77200016025055
897.714348456463,267.066583720994,553.293190178218,40.42981689255945,40.740740478554486,1003.9914916215628,57.07515557245243
729.5059436050662,515.8967874781983,155.01768335350903,32.991276416533886,69.7324214179534,989.7520779999135,43.5627892666383
281.1439051232592,54.97246651912653,84.72574519476844,25.933784153642453,80.96435975913519,989.4219036144455,13.47252095706231
167.57030800189892,414.1172500994311,399.1859057066639,30.31455266197637,61.23697233358155,999.2506453896757,33.41806297130646
181.682615931482,56.608050734790844,346.34163084730864,40.84585431774909,71.96339652360143,1005.0665546725904,21.00238523388053
351.80551477292147,327.72131913528455,247.84458289675482,36.938644502726554,65.33654214941348,1011.8287827311848,30.29958833311638
532.6309445842757,597.5972357965792,758.5717219490908,22.411449451699447,72.1540722277813,985.6369932557607,64.24971428938929
895.0548199371174,701.6674961707178,672.6527594488871,28.741607869643865,57.39037696735494,1001.4629675682805,74.80777986119054
735.1312087042278,672.3406707764942,794.9805523422086,40.839469025688174,48.72062060419232,1017.6779797137631,74.02337847811
206.20587138955796,357.043323471153,821.522412154462,27.53384359758928,33.54683416011241,1028.817246166139,49.758372331999816
306.78324028298243,576.325709135247,106.97472408913274,34.05808328042922,52.25017287272689,1026.6509851989638,30.772257446112196
343.3609745054897,565.6849822979585,637.9072193667387,44.13384249021419,31.707934028617387,992.569602972338,52.787667478772995
173.93176380960364,446.12937494259626,406.10318188815114,40.081422757062214,65.80535651330113,1027.4605356221302,34.84596143809204
830.417247825894,743.2829698257458,197.3713196925224,32.86712262734401,56.959994824009684,991.3116354253946,55.105859317250086
893.355242142364,292.44152395763626,802.8676217869992,25.13418794436706,38.61422688986285,1022.1019477778983,67.68860785447997
680.5156177907334,390.0927032930282,154.41664461240626,35.244506062001875,64.97282499745077,987.4888207822286,38.2949154170091
669.5124427639913,553.5213743510315,90.5087700190163,41.31699099273881,58.60358724537927,1021.9242252800242,40.31136531421133
129.39187787190843,526.8471389104391,327.87613219325954,44.08502613682742,72.07887284722247,1022.6609110064051,32.80221579120081
889.0235754453562,722.1282909249481,703.7823049276751,20.279060286281624,37.403236842326464,1007.6509033336472,76.48584818821614
736.918733188187,646.1482035163185,621.4668594944594,34.90794533383994,85.3028110346715,1011.0901672647813,66.35068248091355
869.6216421971844,611.2649615998675,414.5481616354443,37.32682220713234,30.426449142752244,980.7540838163882,61.00852457932933
685.195396504126,774.5214049187924,714.657347802177,31.95155281891287,43.05661202308478,998.0568402365127,72.37779795477464
256.2020534478901,182.08350494882066,81.56840075388256,24.897933429016696,35.80118309336846,980.8349049236294,16.411302782056627
621.8566072151473,244.24771626447807,504.59622218636696,36.84087419252991,71.89350694702497,997.7349450841795,46.16697859184343
158.96678726365758,483.050849262291,169.77180978630835,35.234255355489736,55.66816013421116,1014.627014679803,26.051401487230795
634.3790544676585,442.90316377038334,639.886573006395,29.915936904592094,81.40633375685641,1015.0295757509548,57.913929467397054
348.5947185450396,387.42827887275496,677.6767346833454,30.69021531378594,71.83614857589524,1002.2298999019014,49.18775930986766
160.56501196923696,430.73067075246587,376.9014505222554,30.53238818984631,88.0467578062053,991.2959854439605,32.8149285025413
738.6157187188278,790.1676795827226,368.0646428667107,30.02759021143552,80.06769422972178,1023.203708543118,60.58608766371494
753.0906242802915,165.62153501271266,658.721086027376,32.11365686683918,62.87067542612702,1003.1270385255269,53.91020821988517
560.6771051360465,63.76266866752701,207.46314154973308,25.066250794820117,64.35163797734816,1011.4529587096016,27.031718876096527
288.5194895481203,226.9520200854032,242.9996827426597,38.82777874342049,73.3754760994229,1029.0500496041186,25.184132598712093
177.07102852025187,172.4015450305689,819.8702400776306,27.448630602343027,49.700634045702486,997.9627950646425,43.27898680962985
615.9589868825242,97.33714229299652,194.4852362683062,35.39779721733062,63.08976791798938,981.2295307028402,29.178293325997867
869.3768197235204,681.960098639338,92.04802987457971,44.777431144743886,67.86484680720491,1001.5240803291799,50.22202874586894
450.0077858693026,381.9350464720039,163.44918697692705,25.275595050293685,49.73963532535592,1004.7263061091041,31.496252449316273
390.7728067582477,411.81631669021033,471.6547346431075,24.364886265004717,66.9349292110145,990.4245793133464,42.94386308917804
205.38964151347213,771.1204698275126,730.7767255157748,33.400863961044195,42.73309847015881,1005.5832264451437,58.526372360860535
182.27320580967464,181.85865232725013,348.9136782911431,34.141019699599106,74.44979978560207,987.4419487193659,24.880502875753468
479.0593399160424,608.5193660862327,559.5970192108808,22.441954751911048,79.3609665706052,996.652198632729,55.01124194850348
151.72982906957202,139.37478082385982,440.2075298856483,41.88868784935963,61.83703885197292,1012.938715326267,26.341439492228886
411.25508914214083,498.1945639434183,419.9665585912143,35.34982935411508,51.02031825089206,1027.0325110126741,44.08215193621535
290.46025854317963,505.5669268980773,589.512330770811,28.715702474600292,86.96001523840096,1028.1130553583716,47.46130879407015
615.1350863822926,261.13045609444964,534.7235876963476,35.73635317051772,31.57403975629756,981.1086889444666,47.676909782156166
651.9902082368505,73.88189645878441,327.9626634200665,32.170254395306564,81.96843312840406,1004.3293865075692,34.89466967767171
808.7006083459994,157.1347671366102,641.7616474793449,20.20439265580301,33.66498106086747,994.3444587248848,54.64552716365208
602.1315700987091,617.185766338942,110.44751757589599,42.556785480893744,36.630021346282305,992.9900065123759,40.99742079616537
735.186508406055,390.1007495540443,741.3240199546282,43.44963582727407,60.98968340374159,1022.3873428465912,63.41157853698811
310.6594974676339,355.14449060392184,102.34776272070252,22.390289674937293,38.23466603638081,1005.4499520381845,24.06803015097477
872.045452192935,100.02131471899895,725.456880922027,39.9133808818809,70.14457599916396,1019.022718213012,58.180278244239105
662.781851436842,783.1720962106608,762.6097644658574,30.365923874098257,68.16536225228214,998.703503370172,73.88300900805937
701.7282797909926,65.57803477622477,725.2893549311503,21.008941386852015,89.57170780131658,981.6130689451486,52.03076363426253
899.0672380171669,637.8764749532932,152.0307763870191,25.026310979320364,81.11621901153572,1014.6690938807479,52.189542444594565
361.8117669059512,514.8519831621412,115.10431746511449,26.75290492245246,39.63425140831153,1016.4471022460931,30.90408520064735
696.0332795708466,656.9749937313829,466.9393742836812,31.114514633180626,47.67978137259735,996.2580886806469,59.26782317041413
560.3192025737458,549.0934116203471,281.43949691375485,31.73856656241017,73.04734963642647,1027.0650213078127,44.53995830237298
342.56204618562657,647.8244642626754,325.97422849863517,20.458280388287417,59.209856994236674,1017.4965677851155,42.75056445339447
787.1394673116013,591.447408356438,845.8548660973811,42.00958059249095,57.6165624860983,1017.8050009129092,75.19180091393642
427.41209026953254,134.37037690500804,676.9481911267316,35.883531622692885,58.947147643109076,997.0832054626862,43.93140166030548
835.4036828009808,242.9780683876601,669.1716517611561,37.232332420465646,32.138955413786356,1001.5196826150454,59.11831860610548
665.4527343903628,612.7729909972219,231.8105293495031,20.764540885447644,65.02642854124973,1026.5782668723052,47.61919293560767
550.6431836281465,118.48672721876503,90.29341597347809,39.07497723209474,30.571226303113505,1017.4622114801066,23.68563396434647
710.8904486130349,675.4135810042592,90.45079806420709,33.591145167695935,66.54738034875689,981.7207904432305,45.207152811087106
570.8175517137481,264.365912364443,440.9944126740881,33.129196383864794,77.37760677310612,1018.5156557116914,42.69528042930926
370.3930315104067,459.36403156766016,790.2999504268059,24.472602282770335,53.158281246912,994.6438946712448,56.50470990941424
307.8546031231157,197.80074724787337,605.382099705087,26.285480855283303,31.896843498687343,988.6205794057303,39.384944499333145
741.2995988292995,318.8973528798695,323.59545665208793,38.538973159052524,79.7641291087174,997.926529310904,44.74972681735859
741.2801857812276,64.67355086159544,573.6683269599954,20.85867541899191,71.98418147047117,1022.626302172619,47.12534517768451
849.316153318066,641.5615342108314,600.2216441414029,43.4259809690784,45.389523643666124,1001.536461588749,68.73519639152303
287.3109245401829,253.87935716370896,751.2664985993769,37.6323475951893,53.04672127040922,1006.1053660644225,46.28636839509183
516.633297926374,749.3264344915176,327.1839893272405,25.641581813811882,57.88880958632738,1004.8479793887809,51.06615154562636
726.6109061719578,119.40599667263864,800.3880830018721,29.8015616987368,76.25865532071504,1024.482600193605,57.39603040541279
492.69271910181055,455.29210431680764,506.5683710289786,28.179167561715268,77.42177698039393,992.0439268810425,48.702279543717694
101.68220940132544,569.054189008723,493.3402378157002,28.203021830007884,36.52248751726311,1004.9010424685201,39.85570146492946
153.9257925321901,130.60246739462372,429.25050161669185,34.596119659864726,63.96689406300124,995.7471603635895,25.705867862472086
123.34488189442627,406.8388909039776,316.1622286122989,44.15080136144806,85.44816844399894,1018.8007067543963,28.55200232844407
888.3181509766849,717.722761714244,617.7114895376375,24.093376463370056,76.39061044517334,1016.52077311884,72.88968696223336
273.7741897998111,413.7477622145288,335.96058583033994,40.92279456283227,30.502068080878406,995.8137814855966,34.064081993643796
368.2023817497309,633.8216838381836,200.5852809595882,27.651454463981246,32.13308437925674,993.0256707862638,38.08413320602096
829.1363546639417,746.2479345071022,255.17485402882716,44.51354186465504,39.699077989034706,1009.6519602535247,57.4685228362844
669.1937446653059,335.6366043652526,822.0639455783928,39.49235647317574,43.739518752533584,1024.036115335023,63.02746829405247
316.49853316846486,181.854977942396,423.8675484431348,24.82736424521217,80.54315632231791,991.2835743888609,31.90530727105122
372.1107140939136,618.9034339441889,584.0969323978438,27.833828304145797,77.04274983571202,1027.062941248538,53.09430173705683
411.93034820760136,197.18054567948914,211.3856208754544,36.33637928417933,45.946605049045,1025.4086400602994,26.728751651630894
446.7521845413775,716.7194025756025,265.9090218487423,35.431043424890575,65.5624416159732,1017.0267018078001,45.5405084874591
234.3947615183481,304.4749813640233,399.757201145377,21.483078625063435,87.49954099142977,1003.3948265501394,32.15638033228622
211.43526029177124,215.03872601856838,618.6670383305075,39.93413573108705,35.07715572270753,987.9375238753199,37.540901122530485
891.1170918375943,547.6504907959068,86.57595729805769,22.20207210444766,49.409928776169274,1006.6019053108142,46.62606577092733
242.66776608643025,436.5480476153649,392.3258106402691,32.31585870234389,32.51770878786689,1020.176362415384,36.069506836664615
694.909302535437,473.4197710162203,169.5179751792965,24.037488069751326,75.62347708949,993.4106204699283,41.830591213721576
292.1375999755253,264.7231684740412,405.51293860314905,32.670240509864676,84.77130163319069,991.5456836590639,32.926340597612956
440.53690260544556,542.36396434304,847.8095854514459,35.99765742542425,71.02196824919893,1001.6964785123373,63.3994094265124
278.9060557088718,519.4176565298744,663.1175188646042,29.10099636901493,37.01035262673328,1003.9863001101987,50.47441212174656
239.28159775079294,183.2547804739715,120.90134614182085,30.060547958983317,77.34702290487122,992.7609184862911,17.512145192415765
416.77765625569344,231.1046362463842,721.636588803093,20.31014020014729,37.51552076909977,990.7604420059221,48.30193232718605
218.37997028577698,707.1553425751549,504.651295760281,37.39137982863982,65.13777480580508,1004.8426637662202,47.9521112162392
243.76967311003438,737.1482174811267,411.3545112916164,28.173739032971735,40.30037910050956,1026.8221492556147,45.881717169399494
556.0419654105233,344.97116795025295,688.7609917128532,21.546750447574365,64.88701742237745,1020.5110483794089,54.580833669337416
761.5237091886786,179.08612204708407,358.358598486847,41.33466118815737,70.92477708770039,1002.2068593652341,42.55263887654676
488.63256176457253,302.72717601598004,358.46242403642304,41.62407857193233,60.12677917170623,1026.8235310505747,38.079289094873495
498.23895610554507,746.5025821068211,623.3928377779791,43.58541330393858,63.54315020444071,985.758689478519,62.27795965749014
138.95892683171516,211.01835670380194,631.1066971209822,32.88586029633734,34.166012625474806,983.3785810620719,35.743586390904795
792.484119048389,205.02331767423397,217.15206069694796,36.67721348792194,53.19901954217538,991.6329627933146,38.6113055295566
255.53912212274133,581.3972741965758,424.15249624172117,31.627509740507595,68.64541316257538,1011.7895216951208,42.07419173924836
733.1239877495037,679.6498889388195,379.46438131668805,37.486201970850544,52.23445186864673,992.0373321614217,57.56179155331722
759.0972609315761,753.8121857073639,395.1107538683941,34.84272739101806,88.00587418221536,995.4102264251975,61.191713553903966
511.3654224675888,483.00757602311614,227.87196039335888,23.508656890232015,67.93406113674278,1020.6909014720322,38.94606837045551
862.0104708919761,306.46920947720105,389.53465906956836,33.72618620740995,63.55479983724551,995.434132179067,50.63577677385805
809.741085216312,353.2436720904209,790.9761799861623,33.482934372151114,44.52118716731905,1023.1200835817775,66.52858991864848
781.4791867326576,578.0560288506501,287.52757359209556,30.403556876556028,67.17924684852056,997.7280121934915,52.287159411183055
233.1346701947358,563.0844916127791,329.5698690374827,20.981803236741964,32.11150456523252,1013.1243184296404,37.06936961572475
353.63122138852054,207.76064261093188,458.0616725017414,32.75709918053245,81.95473961800363,987.6130307796009,35.16422282005323
151.32005694957195,239.55194812108263,539.5237373828629,27.33608723932383,63.42865682846227,1023.8682146140238,33.30710964743415
190.9365275484368,724.4219079515022,403.14114223954425,24.06846652016091,47.14167459022799,1025.9739917659563,43.586398754579946
112.3255749822535,443.0091894297829,673.3127480434321,38.846319239297245,39.17133487482545,985.6842389599406,43.59255285409837
656.8030455694415,168.4279301474642,394.439283735056,43.40714112671738,62.771157131637864,990.6044034677639,40.53450062090941
658.2273925155909,314.2937882602151,514.4117720782479,32.93972902636807,87.25670962135376,987.2417126810703,49.752106306404094
314.9098388246039,665.9648561450504,182.84175352712703,31.49021301395585,72.00011230789663,1001.4526808290606,36.739910990174714
539.0081540503306,52.81323481937812,189.22949755188898,35.574238600365945,32.569983595172744,1017.1204199091428,25.32382156816682
223.57288204906257,438.53516490542233,154.17395709185837,28.754792966062993,37.32421787235309,999.5852003205173,26.030199692308884
684.805932164374,718.5406247858407,489.8642848337671,24.739031172660347,81.53620270413052,997.3393635579007,61.69496810185713
457.70939139192456,50.314192794239915,689.6575705219357,31.096845836900975,52.677494365379374,993.8772127888407,42.82701034646236
482.8989670774967,668.7670552998293,271.10859999895786,33.47080228033862,85.92637554950255,996.8628590071592,45.39432467127809
638.1768481924497,645.8639291119919,611.1610624757142,23.74750738744174,80.2568539664725,988.2743404525108,62.96766581816181
458.4602358452966,171.98888267532436,348.4358786146779,20.769114268823458,32.47597569099154,1000.6009380132413,32.85090870020575
537.3491032471129,659.6591586180838,722.7332398090061,39.86479057145029,38.356725635434216,980.9859279985142,64.81957744831615
595.1851337464852,466.5750519514981,540.7646387108753,29.176184979332074,47.07249124036119,1016.7664529774177,53.4833911193745
405.43987048037746,625.9700492601318,764.618857777945,32.78084456046594,84.62441083091991,1027.6366586964764,61.527051903333074
471.4054503571218,797.6193116213834,334.40065146479316,32.44791121607332,69.69862931157837,1011.6074171271882,51.44676891794688
489.0753434274771,760.0503694193116,232.82990837310578,31.116516623244213,77.88620236183219,981.6280638420635,46.786967720327894
287.1784192337848,590.1552072328077,653.0152661565286,44.757581957241925,69.28473194467156,1017.2387443964719,52.44061944025892
500.1137253523014,119.50319623524415,455.37639495320695,21.60310133443903,80.12646806754108,984.3051341992957,36.80356344575465
256.77932905730506,385.45692804478915,306.7807648880979,38.11159831343913,42.53382704043881,1007.3144127881678,31.538318308586746
668.8279609939541,535.0489533285311,626.910768325721,34.56995315431681,51.52848280280898,1001.1396833680423,61.19273816270341
